{
  "id" : "qvpq2cg8e2p48q5x8fz6",
  "name" : "Climate analysis - Temperature and Precipitation",
  "description" : "Climate analysis - Temperature and Precipitation",
  "owner" : "111111",
  "confidential" : "FALSE",
  "edges" : "[{\"source\":{\"title\":\"data_acquisition\",\"id\":\"9cqdos-aZHiR\",\"x\":120,\"y\":315,\"color\":\"darkseagreen\",\"skip\":true},\"target\":{\"title\":\"data_preprocessing\",\"id\":\"iq85px-xJRLv\",\"x\":344,\"y\":120,\"color\":\"darkseagreen\",\"skip\":true}},{\"source\":{\"title\":\"data_preprocessing\",\"id\":\"iq85px-xJRLv\",\"x\":344,\"y\":120,\"color\":\"darkseagreen\",\"skip\":true},\"target\":{\"title\":\"trend_analysis\",\"id\":\"c8851t-jB1cH\",\"x\":592,\"y\":554,\"color\":\"darkseagreen\",\"skip\":true}},{\"source\":{\"title\":\"trend_analysis\",\"id\":\"c8851t-jB1cH\",\"x\":592,\"y\":554,\"color\":\"darkseagreen\",\"skip\":true},\"target\":{\"title\":\"ml_model\",\"id\":\"s20a2d-WtLQT\",\"x\":717,\"y\":127.74613952636719,\"color\":\"green\",\"skip\":false}},{\"source\":{\"title\":\"ml_model\",\"id\":\"s20a2d-WtLQT\",\"x\":717,\"y\":127.74613952636719,\"color\":\"green\",\"skip\":false},\"target\":{\"title\":\"anomaly_detection\",\"id\":\"xnk7n1-2pRyy\",\"x\":925,\"y\":559,\"color\":\"darkseagreen\",\"skip\":true}},{\"source\":{\"title\":\"anomaly_detection\",\"id\":\"xnk7n1-2pRyy\",\"x\":925,\"y\":559,\"color\":\"darkseagreen\",\"skip\":true},\"target\":{\"title\":\"visualization\",\"id\":\"x4ch0z-sivBr\",\"x\":1036,\"y\":307,\"color\":\"green\"}},{\"source\":{\"title\":\"low_precipitation\",\"id\":\"fhhx69-hi0a5\",\"x\":455.4441223144531,\"y\":-113.07491302490234,\"color\":\"darkseagreen\",\"skip\":true},\"target\":{\"title\":\"data_preprocessing\",\"id\":\"iq85px-xJRLv\",\"x\":344,\"y\":120,\"color\":\"darkseagreen\",\"skip\":true}},{\"source\":{\"title\":\"load_temp\",\"id\":\"keghqi-dbz9X\",\"x\":610.5786743164062,\"y\":-134.0069580078125,\"color\":\"green\",\"skip\":false},\"target\":{\"title\":\"data_preprocessing\",\"id\":\"iq85px-xJRLv\",\"x\":344,\"y\":120,\"color\":\"darkseagreen\",\"skip\":true}},{\"source\":{\"title\":\"load_temp\",\"id\":\"keghqi-dbz9X\",\"x\":610.5786743164062,\"y\":-134.0069580078125,\"color\":\"green\",\"skip\":false},\"target\":{\"title\":\"ml_model\",\"id\":\"s20a2d-WtLQT\",\"x\":717,\"y\":127.74613952636719,\"color\":\"green\",\"skip\":false}},{\"source\":{\"title\":\"ml_model\",\"id\":\"s20a2d-WtLQT\",\"x\":717,\"y\":127.74613952636719,\"color\":\"green\",\"skip\":false},\"target\":{\"title\":\"visualization\",\"id\":\"x4ch0z-sivBr\",\"x\":1036,\"y\":307,\"color\":\"green\"}},{\"source\":{\"title\":\"ml_model\",\"id\":\"s20a2d-WtLQT\",\"x\":717,\"y\":127.74613952636719,\"color\":\"green\",\"skip\":false},\"target\":{\"title\":\"evaluate_model\",\"id\":\"rfwos9-eK2z3\",\"x\":1018.971435546875,\"y\":27.449562072753906,\"color\":\"darkseagreen\",\"skip\":true}},{\"source\":{\"title\":\"auto_ml\",\"id\":\"vnrvoi-0acK0\",\"x\":849.0990600585938,\"y\":-297.92291259765625,\"color\":\"green\"},\"target\":{\"title\":\"visualization\",\"id\":\"x4ch0z-sivBr\",\"x\":1036,\"y\":307,\"color\":\"green\"}},{\"source\":{\"title\":\"load_temp\",\"id\":\"keghqi-dbz9X\",\"x\":610.5786743164062,\"y\":-134.0069580078125,\"color\":\"green\",\"skip\":false},\"target\":{\"title\":\"auto_ml\",\"id\":\"vnrvoi-0acK0\",\"x\":849.0990600585938,\"y\":-297.92291259765625,\"color\":\"green\"}},{\"source\":{\"title\":\"ml_model\",\"id\":\"s20a2d-WtLQT\",\"x\":717,\"y\":127.74613952636719,\"color\":\"green\",\"skip\":false},\"target\":{\"title\":\"model_eval\",\"id\":\"7ev3w3-EnnFv\",\"x\":1247.4819946289062,\"y\":157.6379852294922,\"color\":\"red\"}},{\"source\":{\"title\":\"auto_ml\",\"id\":\"vnrvoi-0acK0\",\"x\":849.0990600585938,\"y\":-297.92291259765625,\"color\":\"green\"},\"target\":{\"title\":\"model_eval\",\"id\":\"7ev3w3-EnnFv\",\"x\":1247.4819946289062,\"y\":157.6379852294922,\"color\":\"red\"}},{\"source\":{\"title\":\"auto_ml\",\"id\":\"vnrvoi-0acK0\",\"x\":849.0990600585938,\"y\":-297.92291259765625,\"color\":\"green\"},\"target\":{\"title\":\"heat_waves\",\"id\":\"tz54ub-wDWUr\",\"x\":1319.332763671875,\"y\":19.828500747680664,\"skip\":true,\"color\":\"darkseagreen\"}},{\"source\":{\"title\":\"ml_model\",\"id\":\"s20a2d-WtLQT\",\"x\":717,\"y\":127.74613952636719,\"color\":\"green\",\"skip\":false},\"target\":{\"title\":\"heat_waves\",\"id\":\"tz54ub-wDWUr\",\"x\":1319.332763671875,\"y\":19.828500747680664,\"skip\":true,\"color\":\"darkseagreen\"}}]",
  "nodes" : "[{\"color\":\"darkseagreen\",\"x\":120,\"y\":315,\"skip\":true,\"id\":\"9cqdos-aZHiR\",\"title\":\"data_acquisition\"},{\"color\":\"darkseagreen\",\"x\":344,\"y\":120,\"skip\":true,\"id\":\"iq85px-xJRLv\",\"title\":\"data_preprocessing\"},{\"color\":\"darkseagreen\",\"x\":592,\"y\":554,\"skip\":true,\"id\":\"c8851t-jB1cH\",\"title\":\"trend_analysis\"},{\"color\":\"green\",\"x\":717,\"y\":127.74613952636719,\"skip\":false,\"id\":\"s20a2d-WtLQT\",\"title\":\"ml_model\"},{\"color\":\"darkseagreen\",\"x\":925,\"y\":559,\"skip\":true,\"id\":\"xnk7n1-2pRyy\",\"title\":\"anomaly_detection\"},{\"color\":\"green\",\"x\":1036,\"y\":307,\"id\":\"x4ch0z-sivBr\",\"title\":\"visualization\"},{\"color\":\"green\",\"x\":610.5786743164062,\"y\":-134.0069580078125,\"skip\":false,\"id\":\"keghqi-dbz9X\",\"title\":\"load_temp\"},{\"color\":\"darkseagreen\",\"x\":455.4441223144531,\"y\":-113.07491302490234,\"skip\":true,\"id\":\"fhhx69-hi0a5\",\"title\":\"low_precipitation\"},{\"color\":\"darkseagreen\",\"x\":1018.971435546875,\"y\":27.449562072753906,\"skip\":true,\"id\":\"rfwos9-eK2z3\",\"title\":\"evaluate_model\"},{\"color\":\"green\",\"x\":849.0990600585938,\"y\":-297.92291259765625,\"id\":\"vnrvoi-0acK0\",\"title\":\"auto_ml\"},{\"color\":\"darkseagreen\",\"x\":986,\"y\":-389.9459228515625,\"skip\":true,\"id\":\"0lsb3i-kbNdU\",\"title\":\"eda\"},{\"color\":\"darkseagreen\",\"x\":1154.3883056640625,\"y\":-367.7894592285156,\"skip\":true,\"id\":\"yqiqdt-MdcY5\",\"title\":\"hyperparameter_tuning\"},{\"color\":\"darkseagreen\",\"x\":1310.1030883789062,\"y\":-229.42593383789062,\"skip\":true,\"id\":\"y30gbw-1aGtt\",\"title\":\"residual_analysis\"},{\"color\":\"red\",\"x\":1247.4819946289062,\"y\":157.6379852294922,\"skip\":\"true\",\"id\":\"7ev3w3-EnnFv\",\"title\":\"model_eval\"},{\"color\":\"darkseagreen\",\"x\":1319.332763671875,\"y\":19.828500747680664,\"skip\":true,\"id\":\"tz54ub-wDWUr\",\"title\":\"heat_waves\"}]"
}
