[{
  "history_id" : "rtfypcp5ojl",
  "history_input" : "No code saved",
  "history_output" : "Skipped",
  "history_begin_time" : 1728011527878,
  "history_end_time" : 1728011527878,
  "history_notes" : null,
  "history_process" : "9cqdos",
  "host_id" : "100001",
  "indicator" : "Skipped"
},{
  "history_id" : "1uwjalch3ji",
  "history_input" : "No code saved",
  "history_output" : "Skipped",
  "history_begin_time" : 1728011527879,
  "history_end_time" : 1728011527879,
  "history_notes" : null,
  "history_process" : "iq85px",
  "host_id" : "100001",
  "indicator" : "Skipped"
},{
  "history_id" : "zvotkqplwb0",
  "history_input" : "No code saved",
  "history_output" : "Skipped",
  "history_begin_time" : 1728011527880,
  "history_end_time" : 1728011527880,
  "history_notes" : null,
  "history_process" : "c8851t",
  "host_id" : "100001",
  "indicator" : "Skipped"
},{
  "history_id" : "pl6czxu6i5k",
  "history_input" : "\n\nimport numpy as np\nimport tensorflow as tf\nfrom tensorflow.keras.models import Sequential\nfrom tensorflow.keras.layers import LSTM, Dense, Dropout\nfrom tensorflow.keras.callbacks import EarlyStopping\nfrom tensorflow.keras.regularizers import l2\nimport joblib\n\n# Step 1: Load the preprocessed data\ndata = np.load('/Users/vishesh/gw-workspace/L6gDfkNJofh8/preprocessed_data.npz')\nX_train, X_test, y_train, y_test = data['X_train'], data['X_test'], data['y_train'], data['y_test']\n\n# Step 2: Build the LSTM model\nmodel = Sequential()\nmodel.add(LSTM(units=50, return_sequences=True, input_shape=(X_train.shape[1], 1), \n               kernel_regularizer=l2(0.001)))  # L2 regularization\nmodel.add(Dropout(0.2))  # Increased dropout rate\nmodel.add(LSTM(units=50, return_sequences=False, kernel_regularizer=l2(0.001)))\nmodel.add(Dropout(0.3))\nmodel.add(Dense(units=1))\n\n# Step 3: Compile the model with reduced learning rate\noptimizer = tf.keras.optimizers.Adam(learning_rate=0.0003)  # Reduced learning rate\nmodel.compile(optimizer=optimizer, loss='mean_squared_error')\n\n# Step 4: Train the model with early stopping\nearly_stopping = EarlyStopping(monitor='val_loss', patience=3, restore_best_weights=True)\n\nhistory = model.fit(X_train, y_train, epochs=50, batch_size=32, validation_data=(X_test, y_test), \n                    callbacks=[early_stopping])\n\n# Step 5: Save the model and the training history\nmodel.save('lstm_model.h5')\nnp.save('training_history.npy', history.history)\n\n# Step 6: Make predictions on the test data\npredictions = model.predict(X_test)\n\n# Save predictions for later use\nnp.save('predictions.npy', predictions)\n\nprint(\"Model training completed, predictions made and saved!\")\n\n",
  "history_output" : "/opt/anaconda3/lib/python3.11/site-packages/keras/src/layers/rnn/rnn.py:204: UserWarning: Do not pass an `input_shape`/`input_dim` argument to a layer. When using Sequential models, prefer using an `Input(shape)` object as the first layer in the model instead.\n  super().__init__(**kwargs)\nEpoch 1/50\n\u001B[1m 1/39\u001B[0m \u001B[37m━━━━━━━━━━━━━━━━━━━━\u001B[0m \u001B[1m36s\u001B[0m 962ms/step - loss: 0.2686\b\b\b\b\b\b\b\b\b\b\b\b\b\b\b\b\b\b\b\b\b\b\b\b\b\b\b\b\b\b\b\b\b\b\b\b\b\b\b\b\b\b\b\b\b\b\b\b\b\b\b\b\b\b\b\b\n\u001B[1m12/39\u001B[0m \u001B[32m━━━━━━\u001B[0m\u001B[37m━━━━━━━━━━━━━━\u001B[0m \u001B[1m0s\u001B[0m 5ms/step - loss: 0.2237   \b\b\b\b\b\b\b\b\b\b\b\b\b\b\b\b\b\b\b\b\b\b\b\b\b\b\b\b\b\b\b\b\b\b\b\b\b\b\b\b\b\b\b\b\b\b\b\b\b\b\b\b\b\n\u001B[1m26/39\u001B[0m \u001B[32m━━━━━━━━━━━━━\u001B[0m\u001B[37m━━━━━━━\u001B[0m \u001B[1m0s\u001B[0m 4ms/step - loss: 0.1953\b\b\b\b\b\b\b\b\b\b\b\b\b\b\b\b\b\b\b\b\b\b\b\b\b\b\b\b\b\b\b\b\b\b\b\b\b\b\b\b\b\b\b\b\b\b\b\b\b\b\b\b\b\n\u001B[1m39/39\u001B[0m \u001B[32m━━━━━━━━━━━━━━━━━━━━\u001B[0m\u001B[37m\u001B[0m \u001B[1m1s\u001B[0m 8ms/step - loss: 0.1756 - val_loss: 0.0879\nEpoch 2/50\n\u001B[1m 1/39\u001B[0m \u001B[37m━━━━━━━━━━━━━━━━━━━━\u001B[0m \u001B[1m0s\u001B[0m 12ms/step - loss: 0.0907\b\b\b\b\b\b\b\b\b\b\b\b\b\b\b\b\b\b\b\b\b\b\b\b\b\b\b\b\b\b\b\b\b\b\b\b\b\b\b\b\b\b\b\b\b\b\b\b\b\b\b\b\b\b\n\u001B[1m15/39\u001B[0m \u001B[32m━━━━━━━\u001B[0m\u001B[37m━━━━━━━━━━━━━\u001B[0m \u001B[1m0s\u001B[0m 4ms/step - loss: 0.0834 \b\b\b\b\b\b\b\b\b\b\b\b\b\b\b\b\b\b\b\b\b\b\b\b\b\b\b\b\b\b\b\b\b\b\b\b\b\b\b\b\b\b\b\b\b\b\b\b\b\b\b\b\b\n\u001B[1m29/39\u001B[0m \u001B[32m━━━━━━━━━━━━━━\u001B[0m\u001B[37m━━━━━━\u001B[0m \u001B[1m0s\u001B[0m 4ms/step - loss: 0.0821\b\b\b\b\b\b\b\b\b\b\b\b\b\b\b\b\b\b\b\b\b\b\b\b\b\b\b\b\b\b\b\b\b\b\b\b\b\b\b\b\b\b\b\b\b\b\b\b\b\b\b\b\b\n\u001B[1m39/39\u001B[0m \u001B[32m━━━━━━━━━━━━━━━━━━━━\u001B[0m\u001B[37m\u001B[0m \u001B[1m0s\u001B[0m 4ms/step - loss: 0.0812 - val_loss: 0.0830\nEpoch 3/50\n\u001B[1m 1/39\u001B[0m \u001B[37m━━━━━━━━━━━━━━━━━━━━\u001B[0m \u001B[1m0s\u001B[0m 11ms/step - loss: 0.0717\b\b\b\b\b\b\b\b\b\b\b\b\b\b\b\b\b\b\b\b\b\b\b\b\b\b\b\b\b\b\b\b\b\b\b\b\b\b\b\b\b\b\b\b\b\b\b\b\b\b\b\b\b\b\n\u001B[1m15/39\u001B[0m \u001B[32m━━━━━━━\u001B[0m\u001B[37m━━━━━━━━━━━━━\u001B[0m \u001B[1m0s\u001B[0m 4ms/step - loss: 0.0696 \b\b\b\b\b\b\b\b\b\b\b\b\b\b\b\b\b\b\b\b\b\b\b\b\b\b\b\b\b\b\b\b\b\b\b\b\b\b\b\b\b\b\b\b\b\b\b\b\b\b\b\b\b\n\u001B[1m29/39\u001B[0m \u001B[32m━━━━━━━━━━━━━━\u001B[0m\u001B[37m━━━━━━\u001B[0m \u001B[1m0s\u001B[0m 4ms/step - loss: 0.0696\b\b\b\b\b\b\b\b\b\b\b\b\b\b\b\b\b\b\b\b\b\b\b\b\b\b\b\b\b\b\b\b\b\b\b\b\b\b\b\b\b\b\b\b\b\b\b\b\b\b\b\b\b\n\u001B[1m39/39\u001B[0m \u001B[32m━━━━━━━━━━━━━━━━━━━━\u001B[0m\u001B[37m\u001B[0m \u001B[1m0s\u001B[0m 4ms/step - loss: 0.0694 - val_loss: 0.0753\nEpoch 4/50\n\u001B[1m 1/39\u001B[0m \u001B[37m━━━━━━━━━━━━━━━━━━━━\u001B[0m \u001B[1m0s\u001B[0m 12ms/step - loss: 0.0588\b\b\b\b\b\b\b\b\b\b\b\b\b\b\b\b\b\b\b\b\b\b\b\b\b\b\b\b\b\b\b\b\b\b\b\b\b\b\b\b\b\b\b\b\b\b\b\b\b\b\b\b\b\b\n\u001B[1m15/39\u001B[0m \u001B[32m━━━━━━━\u001B[0m\u001B[37m━━━━━━━━━━━━━\u001B[0m \u001B[1m0s\u001B[0m 4ms/step - loss: 0.0614 \b\b\b\b\b\b\b\b\b\b\b\b\b\b\b\b\b\b\b\b\b\b\b\b\b\b\b\b\b\b\b\b\b\b\b\b\b\b\b\b\b\b\b\b\b\b\b\b\b\b\b\b\b\n\u001B[1m29/39\u001B[0m \u001B[32m━━━━━━━━━━━━━━\u001B[0m\u001B[37m━━━━━━\u001B[0m \u001B[1m0s\u001B[0m 4ms/step - loss: 0.0610\b\b\b\b\b\b\b\b\b\b\b\b\b\b\b\b\b\b\b\b\b\b\b\b\b\b\b\b\b\b\b\b\b\b\b\b\b\b\b\b\b\b\b\b\b\b\b\b\b\b\b\b\b\n\u001B[1m39/39\u001B[0m \u001B[32m━━━━━━━━━━━━━━━━━━━━\u001B[0m\u001B[37m\u001B[0m \u001B[1m0s\u001B[0m 4ms/step - loss: 0.0604 - val_loss: 0.0687\nEpoch 5/50\n\u001B[1m 1/39\u001B[0m \u001B[37m━━━━━━━━━━━━━━━━━━━━\u001B[0m \u001B[1m0s\u001B[0m 11ms/step - loss: 0.0531\b\b\b\b\b\b\b\b\b\b\b\b\b\b\b\b\b\b\b\b\b\b\b\b\b\b\b\b\b\b\b\b\b\b\b\b\b\b\b\b\b\b\b\b\b\b\b\b\b\b\b\b\b\b\n\u001B[1m16/39\u001B[0m \u001B[32m━━━━━━━━\u001B[0m\u001B[37m━━━━━━━━━━━━\u001B[0m \u001B[1m0s\u001B[0m 3ms/step - loss: 0.0540 \b\b\b\b\b\b\b\b\b\b\b\b\b\b\b\b\b\b\b\b\b\b\b\b\b\b\b\b\b\b\b\b\b\b\b\b\b\b\b\b\b\b\b\b\b\b\b\b\b\b\b\b\b\n\u001B[1m31/39\u001B[0m \u001B[32m━━━━━━━━━━━━━━━\u001B[0m\u001B[37m━━━━━\u001B[0m \u001B[1m0s\u001B[0m 3ms/step - loss: 0.0533\b\b\b\b\b\b\b\b\b\b\b\b\b\b\b\b\b\b\b\b\b\b\b\b\b\b\b\b\b\b\b\b\b\b\b\b\b\b\b\b\b\b\b\b\b\b\b\b\b\b\b\b\b\n\u001B[1m39/39\u001B[0m \u001B[32m━━━━━━━━━━━━━━━━━━━━\u001B[0m\u001B[37m\u001B[0m \u001B[1m0s\u001B[0m 4ms/step - loss: 0.0529 - val_loss: 0.0603\nEpoch 6/50\n\u001B[1m 1/39\u001B[0m \u001B[37m━━━━━━━━━━━━━━━━━━━━\u001B[0m \u001B[1m0s\u001B[0m 12ms/step - loss: 0.0495\b\b\b\b\b\b\b\b\b\b\b\b\b\b\b\b\b\b\b\b\b\b\b\b\b\b\b\b\b\b\b\b\b\b\b\b\b\b\b\b\b\b\b\b\b\b\b\b\b\b\b\b\b\b\n\u001B[1m15/39\u001B[0m \u001B[32m━━━━━━━\u001B[0m\u001B[37m━━━━━━━━━━━━━\u001B[0m \u001B[1m0s\u001B[0m 4ms/step - loss: 0.0473 \b\b\b\b\b\b\b\b\b\b\b\b\b\b\b\b\b\b\b\b\b\b\b\b\b\b\b\b\b\b\b\b\b\b\b\b\b\b\b\b\b\b\b\b\b\b\b\b\b\b\b\b\b\n\u001B[1m29/39\u001B[0m \u001B[32m━━━━━━━━━━━━━━\u001B[0m\u001B[37m━━━━━━\u001B[0m \u001B[1m0s\u001B[0m 4ms/step - loss: 0.0469\b\b\b\b\b\b\b\b\b\b\b\b\b\b\b\b\b\b\b\b\b\b\b\b\b\b\b\b\b\b\b\b\b\b\b\b\b\b\b\b\b\b\b\b\b\b\b\b\b\b\b\b\b\n\u001B[1m39/39\u001B[0m \u001B[32m━━━━━━━━━━━━━━━━━━━━\u001B[0m\u001B[37m\u001B[0m \u001B[1m0s\u001B[0m 4ms/step - loss: 0.0465 - val_loss: 0.0535\nEpoch 7/50\n\u001B[1m 1/39\u001B[0m \u001B[37m━━━━━━━━━━━━━━━━━━━━\u001B[0m \u001B[1m0s\u001B[0m 11ms/step - loss: 0.0432\b\b\b\b\b\b\b\b\b\b\b\b\b\b\b\b\b\b\b\b\b\b\b\b\b\b\b\b\b\b\b\b\b\b\b\b\b\b\b\b\b\b\b\b\b\b\b\b\b\b\b\b\b\b\n\u001B[1m15/39\u001B[0m \u001B[32m━━━━━━━\u001B[0m\u001B[37m━━━━━━━━━━━━━\u001B[0m \u001B[1m0s\u001B[0m 4ms/step - loss: 0.0423 \b\b\b\b\b\b\b\b\b\b\b\b\b\b\b\b\b\b\b\b\b\b\b\b\b\b\b\b\b\b\b\b\b\b\b\b\b\b\b\b\b\b\b\b\b\b\b\b\b\b\b\b\b\n\u001B[1m29/39\u001B[0m \u001B[32m━━━━━━━━━━━━━━\u001B[0m\u001B[37m━━━━━━\u001B[0m \u001B[1m0s\u001B[0m 4ms/step - loss: 0.0416\b\b\b\b\b\b\b\b\b\b\b\b\b\b\b\b\b\b\b\b\b\b\b\b\b\b\b\b\b\b\b\b\b\b\b\b\b\b\b\b\b\b\b\b\b\b\b\b\b\b\b\b\b\n\u001B[1m39/39\u001B[0m \u001B[32m━━━━━━━━━━━━━━━━━━━━\u001B[0m\u001B[37m\u001B[0m \u001B[1m0s\u001B[0m 4ms/step - loss: 0.0412 - val_loss: 0.0532\nEpoch 8/50\n\u001B[1m 1/39\u001B[0m \u001B[37m━━━━━━━━━━━━━━━━━━━━\u001B[0m \u001B[1m0s\u001B[0m 12ms/step - loss: 0.0387\b\b\b\b\b\b\b\b\b\b\b\b\b\b\b\b\b\b\b\b\b\b\b\b\b\b\b\b\b\b\b\b\b\b\b\b\b\b\b\b\b\b\b\b\b\b\b\b\b\b\b\b\b\b\n\u001B[1m15/39\u001B[0m \u001B[32m━━━━━━━\u001B[0m\u001B[37m━━━━━━━━━━━━━\u001B[0m \u001B[1m0s\u001B[0m 4ms/step - loss: 0.0364 \b\b\b\b\b\b\b\b\b\b\b\b\b\b\b\b\b\b\b\b\b\b\b\b\b\b\b\b\b\b\b\b\b\b\b\b\b\b\b\b\b\b\b\b\b\b\b\b\b\b\b\b\b\n\u001B[1m30/39\u001B[0m \u001B[32m━━━━━━━━━━━━━━━\u001B[0m\u001B[37m━━━━━\u001B[0m \u001B[1m0s\u001B[0m 4ms/step - loss: 0.0362\b\b\b\b\b\b\b\b\b\b\b\b\b\b\b\b\b\b\b\b\b\b\b\b\b\b\b\b\b\b\b\b\b\b\b\b\b\b\b\b\b\b\b\b\b\b\b\b\b\b\b\b\b\n\u001B[1m39/39\u001B[0m \u001B[32m━━━━━━━━━━━━━━━━━━━━\u001B[0m\u001B[37m\u001B[0m \u001B[1m0s\u001B[0m 4ms/step - loss: 0.0361 - val_loss: 0.0476\nEpoch 9/50\n\u001B[1m 1/39\u001B[0m \u001B[37m━━━━━━━━━━━━━━━━━━━━\u001B[0m \u001B[1m0s\u001B[0m 11ms/step - loss: 0.0341\b\b\b\b\b\b\b\b\b\b\b\b\b\b\b\b\b\b\b\b\b\b\b\b\b\b\b\b\b\b\b\b\b\b\b\b\b\b\b\b\b\b\b\b\b\b\b\b\b\b\b\b\b\b\n\u001B[1m15/39\u001B[0m \u001B[32m━━━━━━━\u001B[0m\u001B[37m━━━━━━━━━━━━━\u001B[0m \u001B[1m0s\u001B[0m 4ms/step - loss: 0.0336 \b\b\b\b\b\b\b\b\b\b\b\b\b\b\b\b\b\b\b\b\b\b\b\b\b\b\b\b\b\b\b\b\b\b\b\b\b\b\b\b\b\b\b\b\b\b\b\b\b\b\b\b\b\n\u001B[1m29/39\u001B[0m \u001B[32m━━━━━━━━━━━━━━\u001B[0m\u001B[37m━━━━━━\u001B[0m \u001B[1m0s\u001B[0m 4ms/step - loss: 0.0333\b\b\b\b\b\b\b\b\b\b\b\b\b\b\b\b\b\b\b\b\b\b\b\b\b\b\b\b\b\b\b\b\b\b\b\b\b\b\b\b\b\b\b\b\b\b\b\b\b\b\b\b\b\n\u001B[1m39/39\u001B[0m \u001B[32m━━━━━━━━━━━━━━━━━━━━\u001B[0m\u001B[37m\u001B[0m \u001B[1m0s\u001B[0m 4ms/step - loss: 0.0330 - val_loss: 0.0474\nEpoch 10/50\n\u001B[1m 1/39\u001B[0m \u001B[37m━━━━━━━━━━━━━━━━━━━━\u001B[0m \u001B[1m0s\u001B[0m 11ms/step - loss: 0.0301\b\b\b\b\b\b\b\b\b\b\b\b\b\b\b\b\b\b\b\b\b\b\b\b\b\b\b\b\b\b\b\b\b\b\b\b\b\b\b\b\b\b\b\b\b\b\b\b\b\b\b\b\b\b\n\u001B[1m15/39\u001B[0m \u001B[32m━━━━━━━\u001B[0m\u001B[37m━━━━━━━━━━━━━\u001B[0m \u001B[1m0s\u001B[0m 4ms/step - loss: 0.0295 \b\b\b\b\b\b\b\b\b\b\b\b\b\b\b\b\b\b\b\b\b\b\b\b\b\b\b\b\b\b\b\b\b\b\b\b\b\b\b\b\b\b\b\b\b\b\b\b\b\b\b\b\b\n\u001B[1m29/39\u001B[0m \u001B[32m━━━━━━━━━━━━━━\u001B[0m\u001B[37m━━━━━━\u001B[0m \u001B[1m0s\u001B[0m 4ms/step - loss: 0.0298\b\b\b\b\b\b\b\b\b\b\b\b\b\b\b\b\b\b\b\b\b\b\b\b\b\b\b\b\b\b\b\b\b\b\b\b\b\b\b\b\b\b\b\b\b\b\b\b\b\b\b\b\b\n\u001B[1m39/39\u001B[0m \u001B[32m━━━━━━━━━━━━━━━━━━━━\u001B[0m\u001B[37m\u001B[0m \u001B[1m0s\u001B[0m 4ms/step - loss: 0.0297 - val_loss: 0.0351\nEpoch 11/50\n\u001B[1m 1/39\u001B[0m \u001B[37m━━━━━━━━━━━━━━━━━━━━\u001B[0m \u001B[1m0s\u001B[0m 12ms/step - loss: 0.0291\b\b\b\b\b\b\b\b\b\b\b\b\b\b\b\b\b\b\b\b\b\b\b\b\b\b\b\b\b\b\b\b\b\b\b\b\b\b\b\b\b\b\b\b\b\b\b\b\b\b\b\b\b\b\n\u001B[1m15/39\u001B[0m \u001B[32m━━━━━━━\u001B[0m\u001B[37m━━━━━━━━━━━━━\u001B[0m \u001B[1m0s\u001B[0m 4ms/step - loss: 0.0277 \b\b\b\b\b\b\b\b\b\b\b\b\b\b\b\b\b\b\b\b\b\b\b\b\b\b\b\b\b\b\b\b\b\b\b\b\b\b\b\b\b\b\b\b\b\b\b\b\b\b\b\b\b\n\u001B[1m28/39\u001B[0m \u001B[32m━━━━━━━━━━━━━━\u001B[0m\u001B[37m━━━━━━\u001B[0m \u001B[1m0s\u001B[0m 4ms/step - loss: 0.0276\b\b\b\b\b\b\b\b\b\b\b\b\b\b\b\b\b\b\b\b\b\b\b\b\b\b\b\b\b\b\b\b\b\b\b\b\b\b\b\b\b\b\b\b\b\b\b\b\b\b\b\b\b\n\u001B[1m39/39\u001B[0m \u001B[32m━━━━━━━━━━━━━━━━━━━━\u001B[0m\u001B[37m\u001B[0m \u001B[1m0s\u001B[0m 4ms/step - loss: 0.0274 - val_loss: 0.0385\nEpoch 12/50\n\u001B[1m 1/39\u001B[0m \u001B[37m━━━━━━━━━━━━━━━━━━━━\u001B[0m \u001B[1m0s\u001B[0m 12ms/step - loss: 0.0256\b\b\b\b\b\b\b\b\b\b\b\b\b\b\b\b\b\b\b\b\b\b\b\b\b\b\b\b\b\b\b\b\b\b\b\b\b\b\b\b\b\b\b\b\b\b\b\b\b\b\b\b\b\b\n\u001B[1m15/39\u001B[0m \u001B[32m━━━━━━━\u001B[0m\u001B[37m━━━━━━━━━━━━━\u001B[0m \u001B[1m0s\u001B[0m 4ms/step - loss: 0.0249 \b\b\b\b\b\b\b\b\b\b\b\b\b\b\b\b\b\b\b\b\b\b\b\b\b\b\b\b\b\b\b\b\b\b\b\b\b\b\b\b\b\b\b\b\b\b\b\b\b\b\b\b\b\n\u001B[1m29/39\u001B[0m \u001B[32m━━━━━━━━━━━━━━\u001B[0m\u001B[37m━━━━━━\u001B[0m \u001B[1m0s\u001B[0m 4ms/step - loss: 0.0248\b\b\b\b\b\b\b\b\b\b\b\b\b\b\b\b\b\b\b\b\b\b\b\b\b\b\b\b\b\b\b\b\b\b\b\b\b\b\b\b\b\b\b\b\b\b\b\b\b\b\b\b\b\n\u001B[1m39/39\u001B[0m \u001B[32m━━━━━━━━━━━━━━━━━━━━\u001B[0m\u001B[37m\u001B[0m \u001B[1m0s\u001B[0m 4ms/step - loss: 0.0247 - val_loss: 0.0337\nEpoch 13/50\n\u001B[1m 1/39\u001B[0m \u001B[37m━━━━━━━━━━━━━━━━━━━━\u001B[0m \u001B[1m0s\u001B[0m 12ms/step - loss: 0.0235\b\b\b\b\b\b\b\b\b\b\b\b\b\b\b\b\b\b\b\b\b\b\b\b\b\b\b\b\b\b\b\b\b\b\b\b\b\b\b\b\b\b\b\b\b\b\b\b\b\b\b\b\b\b\n\u001B[1m15/39\u001B[0m \u001B[32m━━━━━━━\u001B[0m\u001B[37m━━━━━━━━━━━━━\u001B[0m \u001B[1m0s\u001B[0m 4ms/step - loss: 0.0236 \b\b\b\b\b\b\b\b\b\b\b\b\b\b\b\b\b\b\b\b\b\b\b\b\b\b\b\b\b\b\b\b\b\b\b\b\b\b\b\b\b\b\b\b\b\b\b\b\b\b\b\b\b\n\u001B[1m28/39\u001B[0m \u001B[32m━━━━━━━━━━━━━━\u001B[0m\u001B[37m━━━━━━\u001B[0m \u001B[1m0s\u001B[0m 4ms/step - loss: 0.0235\b\b\b\b\b\b\b\b\b\b\b\b\b\b\b\b\b\b\b\b\b\b\b\b\b\b\b\b\b\b\b\b\b\b\b\b\b\b\b\b\b\b\b\b\b\b\b\b\b\b\b\b\b\n\u001B[1m39/39\u001B[0m \u001B[32m━━━━━━━━━━━━━━━━━━━━\u001B[0m\u001B[37m\u001B[0m \u001B[1m0s\u001B[0m 4ms/step - loss: 0.0233 - val_loss: 0.0322\nEpoch 14/50\n\u001B[1m 1/39\u001B[0m \u001B[37m━━━━━━━━━━━━━━━━━━━━\u001B[0m \u001B[1m0s\u001B[0m 12ms/step - loss: 0.0236\b\b\b\b\b\b\b\b\b\b\b\b\b\b\b\b\b\b\b\b\b\b\b\b\b\b\b\b\b\b\b\b\b\b\b\b\b\b\b\b\b\b\b\b\b\b\b\b\b\b\b\b\b\b\n\u001B[1m15/39\u001B[0m \u001B[32m━━━━━━━\u001B[0m\u001B[37m━━━━━━━━━━━━━\u001B[0m \u001B[1m0s\u001B[0m 4ms/step - loss: 0.0217 \b\b\b\b\b\b\b\b\b\b\b\b\b\b\b\b\b\b\b\b\b\b\b\b\b\b\b\b\b\b\b\b\b\b\b\b\b\b\b\b\b\b\b\b\b\b\b\b\b\b\b\b\b\n\u001B[1m29/39\u001B[0m \u001B[32m━━━━━━━━━━━━━━\u001B[0m\u001B[37m━━━━━━\u001B[0m \u001B[1m0s\u001B[0m 4ms/step - loss: 0.0216\b\b\b\b\b\b\b\b\b\b\b\b\b\b\b\b\b\b\b\b\b\b\b\b\b\b\b\b\b\b\b\b\b\b\b\b\b\b\b\b\b\b\b\b\b\b\b\b\b\b\b\b\b\n\u001B[1m39/39\u001B[0m \u001B[32m━━━━━━━━━━━━━━━━━━━━\u001B[0m\u001B[37m\u001B[0m \u001B[1m0s\u001B[0m 4ms/step - loss: 0.0215 - val_loss: 0.0264\nEpoch 15/50\n\u001B[1m 1/39\u001B[0m \u001B[37m━━━━━━━━━━━━━━━━━━━━\u001B[0m \u001B[1m0s\u001B[0m 11ms/step - loss: 0.0227\b\b\b\b\b\b\b\b\b\b\b\b\b\b\b\b\b\b\b\b\b\b\b\b\b\b\b\b\b\b\b\b\b\b\b\b\b\b\b\b\b\b\b\b\b\b\b\b\b\b\b\b\b\b\n\u001B[1m15/39\u001B[0m \u001B[32m━━━━━━━\u001B[0m\u001B[37m━━━━━━━━━━━━━\u001B[0m \u001B[1m0s\u001B[0m 4ms/step - loss: 0.0211 \b\b\b\b\b\b\b\b\b\b\b\b\b\b\b\b\b\b\b\b\b\b\b\b\b\b\b\b\b\b\b\b\b\b\b\b\b\b\b\b\b\b\b\b\b\b\b\b\b\b\b\b\b\n\u001B[1m30/39\u001B[0m \u001B[32m━━━━━━━━━━━━━━━\u001B[0m\u001B[37m━━━━━\u001B[0m \u001B[1m0s\u001B[0m 4ms/step - loss: 0.0206\b\b\b\b\b\b\b\b\b\b\b\b\b\b\b\b\b\b\b\b\b\b\b\b\b\b\b\b\b\b\b\b\b\b\b\b\b\b\b\b\b\b\b\b\b\b\b\b\b\b\b\b\b\n\u001B[1m39/39\u001B[0m \u001B[32m━━━━━━━━━━━━━━━━━━━━\u001B[0m\u001B[37m\u001B[0m \u001B[1m0s\u001B[0m 4ms/step - loss: 0.0205 - val_loss: 0.0349\nEpoch 16/50\n\u001B[1m 1/39\u001B[0m \u001B[37m━━━━━━━━━━━━━━━━━━━━\u001B[0m \u001B[1m0s\u001B[0m 12ms/step - loss: 0.0202\b\b\b\b\b\b\b\b\b\b\b\b\b\b\b\b\b\b\b\b\b\b\b\b\b\b\b\b\b\b\b\b\b\b\b\b\b\b\b\b\b\b\b\b\b\b\b\b\b\b\b\b\b\b\n\u001B[1m15/39\u001B[0m \u001B[32m━━━━━━━\u001B[0m\u001B[37m━━━━━━━━━━━━━\u001B[0m \u001B[1m0s\u001B[0m 4ms/step - loss: 0.0198 \b\b\b\b\b\b\b\b\b\b\b\b\b\b\b\b\b\b\b\b\b\b\b\b\b\b\b\b\b\b\b\b\b\b\b\b\b\b\b\b\b\b\b\b\b\b\b\b\b\b\b\b\b\n\u001B[1m29/39\u001B[0m \u001B[32m━━━━━━━━━━━━━━\u001B[0m\u001B[37m━━━━━━\u001B[0m \u001B[1m0s\u001B[0m 4ms/step - loss: 0.0195\b\b\b\b\b\b\b\b\b\b\b\b\b\b\b\b\b\b\b\b\b\b\b\b\b\b\b\b\b\b\b\b\b\b\b\b\b\b\b\b\b\b\b\b\b\b\b\b\b\b\b\b\b\n\u001B[1m38/39\u001B[0m \u001B[32m━━━━━━━━━━━━━━━━━━━\u001B[0m\u001B[37m━\u001B[0m \u001B[1m0s\u001B[0m 4ms/step - loss: 0.0194\b\b\b\b\b\b\b\b\b\b\b\b\b\b\b\b\b\b\b\b\b\b\b\b\b\b\b\b\b\b\b\b\b\b\b\b\b\b\b\b\b\b\b\b\b\b\b\b\b\b\b\b\b\n\u001B[1m39/39\u001B[0m \u001B[32m━━━━━━━━━━━━━━━━━━━━\u001B[0m\u001B[37m\u001B[0m \u001B[1m0s\u001B[0m 5ms/step - loss: 0.0193 - val_loss: 0.0237\nEpoch 17/50\n\u001B[1m 1/39\u001B[0m \u001B[37m━━━━━━━━━━━━━━━━━━━━\u001B[0m \u001B[1m0s\u001B[0m 12ms/step - loss: 0.0155\b\b\b\b\b\b\b\b\b\b\b\b\b\b\b\b\b\b\b\b\b\b\b\b\b\b\b\b\b\b\b\b\b\b\b\b\b\b\b\b\b\b\b\b\b\b\b\b\b\b\b\b\b\b\n\u001B[1m15/39\u001B[0m \u001B[32m━━━━━━━\u001B[0m\u001B[37m━━━━━━━━━━━━━\u001B[0m \u001B[1m0s\u001B[0m 4ms/step - loss: 0.0166 \b\b\b\b\b\b\b\b\b\b\b\b\b\b\b\b\b\b\b\b\b\b\b\b\b\b\b\b\b\b\b\b\b\b\b\b\b\b\b\b\b\b\b\b\b\b\b\b\b\b\b\b\b\n\u001B[1m23/39\u001B[0m \u001B[32m━━━━━━━━━━━\u001B[0m\u001B[37m━━━━━━━━━\u001B[0m \u001B[1m0s\u001B[0m 5ms/step - loss: 0.0168\b\b\b\b\b\b\b\b\b\b\b\b\b\b\b\b\b\b\b\b\b\b\b\b\b\b\b\b\b\b\b\b\b\b\b\b\b\b\b\b\b\b\b\b\b\b\b\b\b\b\b\b\b\n\u001B[1m35/39\u001B[0m \u001B[32m━━━━━━━━━━━━━━━━━\u001B[0m\u001B[37m━━━\u001B[0m \u001B[1m0s\u001B[0m 5ms/step - loss: 0.0170\b\b\b\b\b\b\b\b\b\b\b\b\b\b\b\b\b\b\b\b\b\b\b\b\b\b\b\b\b\b\b\b\b\b\b\b\b\b\b\b\b\b\b\b\b\b\b\b\b\b\b\b\b\n\u001B[1m39/39\u001B[0m \u001B[32m━━━━━━━━━━━━━━━━━━━━\u001B[0m\u001B[37m\u001B[0m \u001B[1m0s\u001B[0m 5ms/step - loss: 0.0170 - val_loss: 0.0244\nEpoch 18/50\n\u001B[1m 1/39\u001B[0m \u001B[37m━━━━━━━━━━━━━━━━━━━━\u001B[0m \u001B[1m0s\u001B[0m 12ms/step - loss: 0.0180\b\b\b\b\b\b\b\b\b\b\b\b\b\b\b\b\b\b\b\b\b\b\b\b\b\b\b\b\b\b\b\b\b\b\b\b\b\b\b\b\b\b\b\b\b\b\b\b\b\b\b\b\b\b\n\u001B[1m14/39\u001B[0m \u001B[32m━━━━━━━\u001B[0m\u001B[37m━━━━━━━━━━━━━\u001B[0m \u001B[1m0s\u001B[0m 4ms/step - loss: 0.0172 \b\b\b\b\b\b\b\b\b\b\b\b\b\b\b\b\b\b\b\b\b\b\b\b\b\b\b\b\b\b\b\b\b\b\b\b\b\b\b\b\b\b\b\b\b\b\b\b\b\b\b\b\b\n\u001B[1m26/39\u001B[0m \u001B[32m━━━━━━━━━━━━━\u001B[0m\u001B[37m━━━━━━━\u001B[0m \u001B[1m0s\u001B[0m 4ms/step - loss: 0.0172\b\b\b\b\b\b\b\b\b\b\b\b\b\b\b\b\b\b\b\b\b\b\b\b\b\b\b\b\b\b\b\b\b\b\b\b\b\b\b\b\b\b\b\b\b\b\b\b\b\b\b\b\b\n\u001B[1m39/39\u001B[0m \u001B[32m━━━━━━━━━━━━━━━━━━━━\u001B[0m\u001B[37m\u001B[0m \u001B[1m0s\u001B[0m 4ms/step - loss: 0.0171 - val_loss: 0.0291\nEpoch 19/50\n\u001B[1m 1/39\u001B[0m \u001B[37m━━━━━━━━━━━━━━━━━━━━\u001B[0m \u001B[1m0s\u001B[0m 11ms/step - loss: 0.0111\b\b\b\b\b\b\b\b\b\b\b\b\b\b\b\b\b\b\b\b\b\b\b\b\b\b\b\b\b\b\b\b\b\b\b\b\b\b\b\b\b\b\b\b\b\b\b\b\b\b\b\b\b\b\n\u001B[1m13/39\u001B[0m \u001B[32m━━━━━━\u001B[0m\u001B[37m━━━━━━━━━━━━━━\u001B[0m \u001B[1m0s\u001B[0m 4ms/step - loss: 0.0153 \b\b\b\b\b\b\b\b\b\b\b\b\b\b\b\b\b\b\b\b\b\b\b\b\b\b\b\b\b\b\b\b\b\b\b\b\b\b\b\b\b\b\b\b\b\b\b\b\b\b\b\b\b\n\u001B[1m27/39\u001B[0m \u001B[32m━━━━━━━━━━━━━\u001B[0m\u001B[37m━━━━━━━\u001B[0m \u001B[1m0s\u001B[0m 4ms/step - loss: 0.0155\b\b\b\b\b\b\b\b\b\b\b\b\b\b\b\b\b\b\b\b\b\b\b\b\b\b\b\b\b\b\b\b\b\b\b\b\b\b\b\b\b\b\b\b\b\b\b\b\b\b\b\b\b\n\u001B[1m39/39\u001B[0m \u001B[32m━━━━━━━━━━━━━━━━━━━━\u001B[0m\u001B[37m\u001B[0m \u001B[1m0s\u001B[0m 4ms/step - loss: 0.0157 - val_loss: 0.0231\nEpoch 20/50\n\u001B[1m 1/39\u001B[0m \u001B[37m━━━━━━━━━━━━━━━━━━━━\u001B[0m \u001B[1m0s\u001B[0m 11ms/step - loss: 0.0151\b\b\b\b\b\b\b\b\b\b\b\b\b\b\b\b\b\b\b\b\b\b\b\b\b\b\b\b\b\b\b\b\b\b\b\b\b\b\b\b\b\b\b\b\b\b\b\b\b\b\b\b\b\b\n\u001B[1m15/39\u001B[0m \u001B[32m━━━━━━━\u001B[0m\u001B[37m━━━━━━━━━━━━━\u001B[0m \u001B[1m0s\u001B[0m 4ms/step - loss: 0.0157 \b\b\b\b\b\b\b\b\b\b\b\b\b\b\b\b\b\b\b\b\b\b\b\b\b\b\b\b\b\b\b\b\b\b\b\b\b\b\b\b\b\b\b\b\b\b\b\b\b\b\b\b\b\n\u001B[1m30/39\u001B[0m \u001B[32m━━━━━━━━━━━━━━━\u001B[0m\u001B[37m━━━━━\u001B[0m \u001B[1m0s\u001B[0m 4ms/step - loss: 0.0155\b\b\b\b\b\b\b\b\b\b\b\b\b\b\b\b\b\b\b\b\b\b\b\b\b\b\b\b\b\b\b\b\b\b\b\b\b\b\b\b\b\b\b\b\b\b\b\b\b\b\b\b\b\n\u001B[1m39/39\u001B[0m \u001B[32m━━━━━━━━━━━━━━━━━━━━\u001B[0m\u001B[37m\u001B[0m \u001B[1m0s\u001B[0m 4ms/step - loss: 0.0154 - val_loss: 0.0260\nEpoch 21/50\n\u001B[1m 1/39\u001B[0m \u001B[37m━━━━━━━━━━━━━━━━━━━━\u001B[0m \u001B[1m0s\u001B[0m 11ms/step - loss: 0.0145\b\b\b\b\b\b\b\b\b\b\b\b\b\b\b\b\b\b\b\b\b\b\b\b\b\b\b\b\b\b\b\b\b\b\b\b\b\b\b\b\b\b\b\b\b\b\b\b\b\b\b\b\b\b\n\u001B[1m15/39\u001B[0m \u001B[32m━━━━━━━\u001B[0m\u001B[37m━━━━━━━━━━━━━\u001B[0m \u001B[1m0s\u001B[0m 4ms/step - loss: 0.0146 \b\b\b\b\b\b\b\b\b\b\b\b\b\b\b\b\b\b\b\b\b\b\b\b\b\b\b\b\b\b\b\b\b\b\b\b\b\b\b\b\b\b\b\b\b\b\b\b\b\b\b\b\b\n\u001B[1m29/39\u001B[0m \u001B[32m━━━━━━━━━━━━━━\u001B[0m\u001B[37m━━━━━━\u001B[0m \u001B[1m0s\u001B[0m 4ms/step - loss: 0.0145\b\b\b\b\b\b\b\b\b\b\b\b\b\b\b\b\b\b\b\b\b\b\b\b\b\b\b\b\b\b\b\b\b\b\b\b\b\b\b\b\b\b\b\b\b\b\b\b\b\b\b\b\b\n\u001B[1m39/39\u001B[0m \u001B[32m━━━━━━━━━━━━━━━━━━━━\u001B[0m\u001B[37m\u001B[0m \u001B[1m0s\u001B[0m 4ms/step - loss: 0.0144 - val_loss: 0.0193\nEpoch 22/50\n\u001B[1m 1/39\u001B[0m \u001B[37m━━━━━━━━━━━━━━━━━━━━\u001B[0m \u001B[1m0s\u001B[0m 12ms/step - loss: 0.0141\b\b\b\b\b\b\b\b\b\b\b\b\b\b\b\b\b\b\b\b\b\b\b\b\b\b\b\b\b\b\b\b\b\b\b\b\b\b\b\b\b\b\b\b\b\b\b\b\b\b\b\b\b\b\n\u001B[1m15/39\u001B[0m \u001B[32m━━━━━━━\u001B[0m\u001B[37m━━━━━━━━━━━━━\u001B[0m \u001B[1m0s\u001B[0m 4ms/step - loss: 0.0136 \b\b\b\b\b\b\b\b\b\b\b\b\b\b\b\b\b\b\b\b\b\b\b\b\b\b\b\b\b\b\b\b\b\b\b\b\b\b\b\b\b\b\b\b\b\b\b\b\b\b\b\b\b\n\u001B[1m29/39\u001B[0m \u001B[32m━━━━━━━━━━━━━━\u001B[0m\u001B[37m━━━━━━\u001B[0m \u001B[1m0s\u001B[0m 4ms/step - loss: 0.0136\b\b\b\b\b\b\b\b\b\b\b\b\b\b\b\b\b\b\b\b\b\b\b\b\b\b\b\b\b\b\b\b\b\b\b\b\b\b\b\b\b\b\b\b\b\b\b\b\b\b\b\b\b\n\u001B[1m39/39\u001B[0m \u001B[32m━━━━━━━━━━━━━━━━━━━━\u001B[0m\u001B[37m\u001B[0m \u001B[1m0s\u001B[0m 4ms/step - loss: 0.0137 - val_loss: 0.0165\nEpoch 23/50\n\u001B[1m 1/39\u001B[0m \u001B[37m━━━━━━━━━━━━━━━━━━━━\u001B[0m \u001B[1m0s\u001B[0m 11ms/step - loss: 0.0133\b\b\b\b\b\b\b\b\b\b\b\b\b\b\b\b\b\b\b\b\b\b\b\b\b\b\b\b\b\b\b\b\b\b\b\b\b\b\b\b\b\b\b\b\b\b\b\b\b\b\b\b\b\b\n\u001B[1m15/39\u001B[0m \u001B[32m━━━━━━━\u001B[0m\u001B[37m━━━━━━━━━━━━━\u001B[0m \u001B[1m0s\u001B[0m 4ms/step - loss: 0.0129 \b\b\b\b\b\b\b\b\b\b\b\b\b\b\b\b\b\b\b\b\b\b\b\b\b\b\b\b\b\b\b\b\b\b\b\b\b\b\b\b\b\b\b\b\b\b\b\b\b\b\b\b\b\n\u001B[1m29/39\u001B[0m \u001B[32m━━━━━━━━━━━━━━\u001B[0m\u001B[37m━━━━━━\u001B[0m \u001B[1m0s\u001B[0m 4ms/step - loss: 0.0130\b\b\b\b\b\b\b\b\b\b\b\b\b\b\b\b\b\b\b\b\b\b\b\b\b\b\b\b\b\b\b\b\b\b\b\b\b\b\b\b\b\b\b\b\b\b\b\b\b\b\b\b\b\n\u001B[1m39/39\u001B[0m \u001B[32m━━━━━━━━━━━━━━━━━━━━\u001B[0m\u001B[37m\u001B[0m \u001B[1m0s\u001B[0m 4ms/step - loss: 0.0130 - val_loss: 0.0201\nEpoch 24/50\n\u001B[1m 1/39\u001B[0m \u001B[37m━━━━━━━━━━━━━━━━━━━━\u001B[0m \u001B[1m0s\u001B[0m 12ms/step - loss: 0.0116\b\b\b\b\b\b\b\b\b\b\b\b\b\b\b\b\b\b\b\b\b\b\b\b\b\b\b\b\b\b\b\b\b\b\b\b\b\b\b\b\b\b\b\b\b\b\b\b\b\b\b\b\b\b\n\u001B[1m15/39\u001B[0m \u001B[32m━━━━━━━\u001B[0m\u001B[37m━━━━━━━━━━━━━\u001B[0m \u001B[1m0s\u001B[0m 4ms/step - loss: 0.0125 \b\b\b\b\b\b\b\b\b\b\b\b\b\b\b\b\b\b\b\b\b\b\b\b\b\b\b\b\b\b\b\b\b\b\b\b\b\b\b\b\b\b\b\b\b\b\b\b\b\b\b\b\b\n\u001B[1m29/39\u001B[0m \u001B[32m━━━━━━━━━━━━━━\u001B[0m\u001B[37m━━━━━━\u001B[0m \u001B[1m0s\u001B[0m 4ms/step - loss: 0.0126\b\b\b\b\b\b\b\b\b\b\b\b\b\b\b\b\b\b\b\b\b\b\b\b\b\b\b\b\b\b\b\b\b\b\b\b\b\b\b\b\b\b\b\b\b\b\b\b\b\b\b\b\b\n\u001B[1m39/39\u001B[0m \u001B[32m━━━━━━━━━━━━━━━━━━━━\u001B[0m\u001B[37m\u001B[0m \u001B[1m0s\u001B[0m 4ms/step - loss: 0.0126 - val_loss: 0.0238\nEpoch 25/50\n\u001B[1m 1/39\u001B[0m \u001B[37m━━━━━━━━━━━━━━━━━━━━\u001B[0m \u001B[1m0s\u001B[0m 12ms/step - loss: 0.0091\b\b\b\b\b\b\b\b\b\b\b\b\b\b\b\b\b\b\b\b\b\b\b\b\b\b\b\b\b\b\b\b\b\b\b\b\b\b\b\b\b\b\b\b\b\b\b\b\b\b\b\b\b\b\n\u001B[1m14/39\u001B[0m \u001B[32m━━━━━━━\u001B[0m\u001B[37m━━━━━━━━━━━━━\u001B[0m \u001B[1m0s\u001B[0m 4ms/step - loss: 0.0120 \b\b\b\b\b\b\b\b\b\b\b\b\b\b\b\b\b\b\b\b\b\b\b\b\b\b\b\b\b\b\b\b\b\b\b\b\b\b\b\b\b\b\b\b\b\b\b\b\b\b\b\b\b\n\u001B[1m28/39\u001B[0m \u001B[32m━━━━━━━━━━━━━━\u001B[0m\u001B[37m━━━━━━\u001B[0m \u001B[1m0s\u001B[0m 4ms/step - loss: 0.0122\b\b\b\b\b\b\b\b\b\b\b\b\b\b\b\b\b\b\b\b\b\b\b\b\b\b\b\b\b\b\b\b\b\b\b\b\b\b\b\b\b\b\b\b\b\b\b\b\b\b\b\b\b\n\u001B[1m39/39\u001B[0m \u001B[32m━━━━━━━━━━━━━━━━━━━━\u001B[0m\u001B[37m\u001B[0m \u001B[1m0s\u001B[0m 4ms/step - loss: 0.0122 - val_loss: 0.0136\nEpoch 26/50\n\u001B[1m 1/39\u001B[0m \u001B[37m━━━━━━━━━━━━━━━━━━━━\u001B[0m \u001B[1m0s\u001B[0m 12ms/step - loss: 0.0128\b\b\b\b\b\b\b\b\b\b\b\b\b\b\b\b\b\b\b\b\b\b\b\b\b\b\b\b\b\b\b\b\b\b\b\b\b\b\b\b\b\b\b\b\b\b\b\b\b\b\b\b\b\b\n\u001B[1m15/39\u001B[0m \u001B[32m━━━━━━━\u001B[0m\u001B[37m━━━━━━━━━━━━━\u001B[0m \u001B[1m0s\u001B[0m 4ms/step - loss: 0.0129 \b\b\b\b\b\b\b\b\b\b\b\b\b\b\b\b\b\b\b\b\b\b\b\b\b\b\b\b\b\b\b\b\b\b\b\b\b\b\b\b\b\b\b\b\b\b\b\b\b\b\b\b\b\n\u001B[1m28/39\u001B[0m \u001B[32m━━━━━━━━━━━━━━\u001B[0m\u001B[37m━━━━━━\u001B[0m \u001B[1m0s\u001B[0m 4ms/step - loss: 0.0127\b\b\b\b\b\b\b\b\b\b\b\b\b\b\b\b\b\b\b\b\b\b\b\b\b\b\b\b\b\b\b\b\b\b\b\b\b\b\b\b\b\b\b\b\b\b\b\b\b\b\b\b\b\n\u001B[1m39/39\u001B[0m \u001B[32m━━━━━━━━━━━━━━━━━━━━\u001B[0m\u001B[37m\u001B[0m \u001B[1m0s\u001B[0m 4ms/step - loss: 0.0127 - val_loss: 0.0240\nEpoch 27/50\n\u001B[1m 1/39\u001B[0m \u001B[37m━━━━━━━━━━━━━━━━━━━━\u001B[0m \u001B[1m0s\u001B[0m 12ms/step - loss: 0.0167\b\b\b\b\b\b\b\b\b\b\b\b\b\b\b\b\b\b\b\b\b\b\b\b\b\b\b\b\b\b\b\b\b\b\b\b\b\b\b\b\b\b\b\b\b\b\b\b\b\b\b\b\b\b\n\u001B[1m15/39\u001B[0m \u001B[32m━━━━━━━\u001B[0m\u001B[37m━━━━━━━━━━━━━\u001B[0m \u001B[1m0s\u001B[0m 4ms/step - loss: 0.0138 \b\b\b\b\b\b\b\b\b\b\b\b\b\b\b\b\b\b\b\b\b\b\b\b\b\b\b\b\b\b\b\b\b\b\b\b\b\b\b\b\b\b\b\b\b\b\b\b\b\b\b\b\b\n\u001B[1m29/39\u001B[0m \u001B[32m━━━━━━━━━━━━━━\u001B[0m\u001B[37m━━━━━━\u001B[0m \u001B[1m0s\u001B[0m 4ms/step - loss: 0.0130\b\b\b\b\b\b\b\b\b\b\b\b\b\b\b\b\b\b\b\b\b\b\b\b\b\b\b\b\b\b\b\b\b\b\b\b\b\b\b\b\b\b\b\b\b\b\b\b\b\b\b\b\b\n\u001B[1m39/39\u001B[0m \u001B[32m━━━━━━━━━━━━━━━━━━━━\u001B[0m\u001B[37m\u001B[0m \u001B[1m0s\u001B[0m 4ms/step - loss: 0.0127 - val_loss: 0.0295\nEpoch 28/50\n\u001B[1m 1/39\u001B[0m \u001B[37m━━━━━━━━━━━━━━━━━━━━\u001B[0m \u001B[1m0s\u001B[0m 12ms/step - loss: 0.0117\b\b\b\b\b\b\b\b\b\b\b\b\b\b\b\b\b\b\b\b\b\b\b\b\b\b\b\b\b\b\b\b\b\b\b\b\b\b\b\b\b\b\b\b\b\b\b\b\b\b\b\b\b\b\n\u001B[1m16/39\u001B[0m \u001B[32m━━━━━━━━\u001B[0m\u001B[37m━━━━━━━━━━━━\u001B[0m \u001B[1m0s\u001B[0m 4ms/step - loss: 0.0123 \b\b\b\b\b\b\b\b\b\b\b\b\b\b\b\b\b\b\b\b\b\b\b\b\b\b\b\b\b\b\b\b\b\b\b\b\b\b\b\b\b\b\b\b\b\b\b\b\b\b\b\b\b\n\u001B[1m31/39\u001B[0m \u001B[32m━━━━━━━━━━━━━━━\u001B[0m\u001B[37m━━━━━\u001B[0m \u001B[1m0s\u001B[0m 4ms/step - loss: 0.0122\b\b\b\b\b\b\b\b\b\b\b\b\b\b\b\b\b\b\b\b\b\b\b\b\b\b\b\b\b\b\b\b\b\b\b\b\b\b\b\b\b\b\b\b\b\b\b\b\b\b\b\b\b\n\u001B[1m39/39\u001B[0m \u001B[32m━━━━━━━━━━━━━━━━━━━━\u001B[0m\u001B[37m\u001B[0m \u001B[1m0s\u001B[0m 4ms/step - loss: 0.0122 - val_loss: 0.0160\nWARNING:absl:You are saving your model as an HDF5 file via `model.save()` or `keras.saving.save_model(model)`. This file format is considered legacy. We recommend using instead the native Keras format, e.g. `model.save('my_model.keras')` or `keras.saving.save_model(model, 'my_model.keras')`. \n\u001B[1m 1/10\u001B[0m \u001B[32m━━\u001B[0m\u001B[37m━━━━━━━━━━━━━━━━━━\u001B[0m \u001B[1m0s\u001B[0m 95ms/step\b\b\b\b\b\b\b\b\b\b\b\b\b\b\b\b\b\b\b\b\b\b\b\b\b\b\b\b\b\b\b\b\b\b\b\b\b\b\b\n\u001B[1m10/10\u001B[0m \u001B[32m━━━━━━━━━━━━━━━━━━━━\u001B[0m\u001B[37m\u001B[0m \u001B[1m0s\u001B[0m 17ms/step\b\b\b\b\b\b\b\b\b\b\b\b\b\b\b\b\b\b\b\b\b\b\b\b\b\b\b\b\b\b\b\b\b\b\b\b\b\b\b\n\u001B[1m10/10\u001B[0m \u001B[32m━━━━━━━━━━━━━━━━━━━━\u001B[0m\u001B[37m\u001B[0m \u001B[1m0s\u001B[0m 17ms/step\nModel training completed, predictions made and saved!\n",
  "history_begin_time" : 1728011533331,
  "history_end_time" : 1728011542429,
  "history_notes" : null,
  "history_process" : "s20a2d",
  "host_id" : "100001",
  "indicator" : "Done"
},{
  "history_id" : "s5i1i3tari3",
  "history_input" : "No code saved",
  "history_output" : "Skipped",
  "history_begin_time" : 1728011527883,
  "history_end_time" : 1728011527883,
  "history_notes" : null,
  "history_process" : "xnk7n1",
  "host_id" : "100001",
  "indicator" : "Skipped"
},{
  "history_id" : "kbhohxvray0",
  "history_input" : "# import pandas as pd\n# import matplotlib.pyplot as plt\n# import seaborn as sns\n\n# def visualize(file_name, predictions_file, anomalies_file):\n#     data = pd.read_csv(file_name)\n#     predictions = pd.read_csv(predictions_file)\n#     anomalies = pd.read_csv(anomalies_file)\n    \n#     plt.figure(figsize=(12, 8))\n    \n#     # Plotting temperature trends with predictions\n#     plt.subplot(2, 1, 1)\n#     plt.plot(data['Year'], data['Temp_Value'], label='Observed Temperature')\n#     plt.plot(predictions['Year'], predictions['Temp_Prediction'], label='Predicted Temperature', linestyle='--')\n#     plt.title('Temperature Trends and Predictions')\n#     plt.xlabel('Year')\n#     plt.ylabel('Temperature (°C)')\n#     plt.legend()\n    \n#     # Plotting precipitation trends with predictions\n#     plt.subplot(2, 1, 2)\n#     plt.plot(data['Year'], data['Precipitation'], label='Observed Precipitation')\n#     plt.plot(predictions['Year'], predictions['Precip_Prediction'], label='Predicted Precipitation', linestyle='--')\n#     plt.title('Precipitation Trends and Predictions')\n#     plt.xlabel('Year')\n#     plt.ylabel('Precipitation (mm)')\n#     plt.legend()\n    \n#     # Highlighting anomalies\n#     sns.scatterplot(data=anomalies, x='Year', y='Temp_Value', hue='Cluster', palette='deep', legend='full', s=100)\n    \n#     plt.tight_layout()\n#     plt.savefig('climate_trends_and_anomalies.png')\n#     plt.show()\n\n# if __name__ == \"__main__\":\n#     visualize('/Users/vishesh/Desktop/geo_project/analyzed_climate_data.csv', '/Users/vishesh/Desktop/geo_project/predicted_climate_data.csv', '/Users/vishesh/Desktop/geo_project/anomaly_detected_data.csv')\n\n\n\n\n\nimport numpy as np\nimport matplotlib.pyplot as plt\nimport joblib\n\n# Step 1: Load predictions, actual values, and scaler\npredictions = np.load('/Users/vishesh/gw-workspace/9I3eI9y6wb9B/predictions.npy')\ndata = np.load('/Users/vishesh/gw-workspace/L6gDfkNJofh8/preprocessed_data.npz')\ny_test = data['y_test']\n\n# Load the scaler for inverse transformation\nscaler = joblib.load('/Users/vishesh/gw-workspace/f7bNu3SQ6blN/scaler.pkl')\n\n# Step 2: Inverse scale the predictions and real values\npredicted_values = scaler.inverse_transform(predictions)\nreal_values = scaler.inverse_transform(y_test.reshape(-1, 1))\n\n# Step 3: Visualize the loss over epochs and print loss values\nhistory = np.load('/Users/vishesh/gw-workspace/9I3eI9y6wb9B/training_history.npy', allow_pickle=True).item()\n\n# Print the loss values after each epoch\ntrain_loss = history['loss']\nval_loss = history['val_loss']\n\nprint(\"Epoch-wise Losses:\")\nfor i in range(len(train_loss)):\n    print(f\"Epoch {i+1}: Train Loss = {train_loss[i]}, Validation Loss = {val_loss[i]}\")\n\n# Plot the loss curves\nplt.plot(train_loss, label='Train Loss')\nplt.plot(val_loss, label='Validation Loss')\nplt.title('Model Loss over Epochs')\nplt.xlabel('Epochs')\nplt.ylabel('Loss')\nplt.legend()\nplt.show()\n\n# Step 4: Visualize the predicted vs actual values\nplt.plot(real_values, color='blue', label='Real Temperature Values')\nplt.plot(predicted_values, color='red', label='Predicted Temperature Values')\nplt.title('Real vs Predicted Temperature Values')\nplt.xlabel('Time')\nplt.ylabel('Temperature')\nplt.legend()\nplt.show()\n",
  "history_output" : "Epoch-wise Losses:\nEpoch 1: Train Loss = 0.03072919137775898, Validation Loss = 0.01742088980972767\nEpoch 2: Train Loss = 0.011098137125372887, Validation Loss = 0.02268320694565773\nEpoch 3: Train Loss = 0.010209755040705204, Validation Loss = 0.01720193214714527\nEpoch 4: Train Loss = 0.00854005292057991, Validation Loss = 0.012641695328056812\nEpoch 5: Train Loss = 0.007384682539850473, Validation Loss = 0.017973309382796288\nEpoch 6: Train Loss = 0.006740374490618706, Validation Loss = 0.009798855520784855\nEpoch 7: Train Loss = 0.005943419877439737, Validation Loss = 0.010053860954940319\nEpoch 8: Train Loss = 0.00539526529610157, Validation Loss = 0.01057480089366436\nEpoch 9: Train Loss = 0.005453225690871477, Validation Loss = 0.00832605641335249\nEpoch 10: Train Loss = 0.005200219806283712, Validation Loss = 0.006214628461748362\nEpoch 11: Train Loss = 0.005218852777034044, Validation Loss = 0.006327028851956129\nEpoch 12: Train Loss = 0.005223800893872976, Validation Loss = 0.011008824221789837\nEpoch 13: Train Loss = 0.0046732318587601185, Validation Loss = 0.0043561640195548534\nEpoch 14: Train Loss = 0.004665676970034838, Validation Loss = 0.005817031487822533\nEpoch 15: Train Loss = 0.004796288441866636, Validation Loss = 0.009089156053960323\nEpoch 16: Train Loss = 0.004646167159080505, Validation Loss = 0.013137206435203552\nEpoch 17: Train Loss = 0.005103453528136015, Validation Loss = 0.003600385505706072\nEpoch 18: Train Loss = 0.0041281539015471935, Validation Loss = 0.005638223607093096\nEpoch 19: Train Loss = 0.004267961252480745, Validation Loss = 0.006245030555874109\nEpoch 20: Train Loss = 0.004086713772267103, Validation Loss = 0.0034914754796773195\n2024-10-03 23:12:35.722 python[92551:11214677] +[IMKClient subclass]: chose IMKClient_Legacy\n2024-10-03 23:12:35.722 python[92551:11214677] +[IMKInputSession subclass]: chose IMKInputSession_Legacy\n",
  "history_begin_time" : 1728011554598,
  "history_end_time" : 1728011560709,
  "history_notes" : null,
  "history_process" : "x4ch0z",
  "host_id" : "100001",
  "indicator" : "Done"
},{
  "history_id" : "b3lt4x3uvnz",
  "history_input" : "# import numpy as np\n# import pandas as pd\n# from sklearn.preprocessing import MinMaxScaler\n# from sklearn.model_selection import train_test_split\n# import joblib\n# import matplotlib.pyplot as plt\n\n# # Step 1: Load the dataset\n# file_path = '/Users/vishesh/Desktop/geo_project/data.csv'\n# data = pd.read_csv(file_path, skiprows=3)\n\n# # Step 2: Preprocess the data\n# data['Date'] = pd.to_datetime(data['Date'], format='%Y%m')\n# values = data['Value'].values\n\n# # Step 3: Normalize the data for LSTM\n# scaler = MinMaxScaler(feature_range=(0, 1))\n# scaled_data = scaler.fit_transform(values.reshape(-1, 1))\n\n# # Save the scaler for inverse transformation later\n# joblib.dump(scaler, 'scaler.pkl')\n\n# # Step 4: Create sequences for LSTM\n# def create_sequences(data, sequence_length):\n#     sequences = []\n#     targets = []\n#     for i in range(len(data) - sequence_length):\n#         seq = data[i:i + sequence_length]\n#         target = data[i + sequence_length]\n#         sequences.append(seq)\n#         targets.append(target)\n#     return np.array(sequences), np.array(targets)\n\n# sequence_length = 12  # 12 months\n# X, y = create_sequences(scaled_data, sequence_length)\n\n# # Step 5: Split into training and test sets\n# X_train, X_test, y_train, y_test = train_test_split(X, y, test_size=0.2, shuffle=False)\n\n# # Reshape the data for LSTM\n# X_train = np.reshape(X_train, (X_train.shape[0], X_train.shape[1], 1))\n# X_test = np.reshape(X_test, (X_test.shape[0], X_test.shape[1], 1))\n\n# # Step 6: Save preprocessed data for later use\n# np.savez('preprocessed_data.npz', X_train=X_train, X_test=X_test, y_train=y_train, y_test=y_test)\n\n# print(\"Data preprocessing completed and saved!\")\n\n\n\n# plt.figure(figsize=(10,6))\n# plt.plot(data['Date'], data['Value'], label='Temperature Values')\n# plt.title('Temperature Values Over Time')\n# plt.xlabel('Date')\n# plt.ylabel('Temperature (Degrees Fahrenheit)')\n# plt.grid(True)\n# plt.legend()\n# plt.show()\n\n\n\n\nimport numpy as np\nimport pandas as pd\nfrom sklearn.preprocessing import MinMaxScaler\nfrom sklearn.model_selection import train_test_split\nimport joblib\nimport matplotlib.pyplot as plt\n\n# Step 1: Load the dataset\nfile_path = '/Users/vishesh/Desktop/geo_project/data.csv'\ndata = pd.read_csv(file_path, skiprows=3)\n\n# Step 2: Preprocess the data\ndata['Date'] = pd.to_datetime(data['Date'], format='%Y%m')\nvalues = data['Value'].values\n\n# Step 3: Normalize the data for LSTM\nscaler = MinMaxScaler(feature_range=(0, 1))\nscaled_data = scaler.fit_transform(values.reshape(-1, 1))\n\n# Save the scaler for inverse transformation later\njoblib.dump(scaler, 'scaler.pkl')\n\n# Step 4: Create sequences for LSTM\ndef create_sequences(data, sequence_length):\n    sequences = []\n    targets = []\n    for i in range(len(data) - sequence_length):\n        seq = data[i:i + sequence_length]\n        target = data[i + sequence_length]\n        sequences.append(seq)\n        targets.append(target)\n    return np.array(sequences), np.array(targets)\n\nsequence_length = 12  # 12 months\nX, y = create_sequences(scaled_data, sequence_length)\n\n# Step 5: Split into training and test sets\nX_train, X_test, y_train, y_test = train_test_split(X, y, test_size=0.2, shuffle=False)\n\n# Reshape the data for LSTM\nX_train = np.reshape(X_train, (X_train.shape[0], X_train.shape[1], 1))\nX_test = np.reshape(X_test, (X_test.shape[0], X_test.shape[1], 1))\n\n# Step 6: Save preprocessed data for later use, including dates\nnp.savez('preprocessed_data.npz', \n         X_train=X_train, \n         X_test=X_test, \n         y_train=y_train, \n         y_test=y_test, \n         dates=data['Date'].values[sequence_length:])  # Ensure dates align with the created sequences\n\nprint(\"Data preprocessing completed and saved!\")\n\n# Plotting the original data\nplt.figure(figsize=(10, 6))\nplt.plot(data['Date'], data['Value'], label='Temperature Values')\nplt.title('Temperature Values Over Time')\nplt.xlabel('Date')\nplt.ylabel('Temperature (Degrees Fahrenheit)')\nplt.grid(True)\nplt.legend()\nplt.show()\n",
  "history_output" : "Data preprocessing completed and saved!\n2024-10-03 23:12:10.115 python[92511:11209848] +[IMKClient subclass]: chose IMKClient_Legacy\n2024-10-03 23:12:10.115 python[92511:11209848] +[IMKInputSession subclass]: chose IMKInputSession_Legacy\n",
  "history_begin_time" : 1728011528458,
  "history_end_time" : 1728011532030,
  "history_notes" : null,
  "history_process" : "keghqi",
  "host_id" : "100001",
  "indicator" : "Done"
},{
  "history_id" : "7bxrh3y5hb1",
  "history_input" : "No code saved",
  "history_output" : "Skipped",
  "history_begin_time" : 1728011527886,
  "history_end_time" : 1728011527886,
  "history_notes" : null,
  "history_process" : "fhhx69",
  "host_id" : "100001",
  "indicator" : "Skipped"
},{
  "history_id" : "nn3qc7n7q7t",
  "history_input" : "No code saved",
  "history_output" : "Skipped",
  "history_begin_time" : 1728011527887,
  "history_end_time" : 1728011527887,
  "history_notes" : null,
  "history_process" : "rfwos9",
  "host_id" : "100001",
  "indicator" : "Skipped"
},{
  "history_id" : "9gbfvzcm683",
  "history_input" : "import numpy as np\nimport optuna\nimport matplotlib.pyplot as plt\nfrom sklearn.metrics import mean_absolute_error\nfrom sklearn.model_selection import train_test_split\nfrom tensorflow.keras.models import Sequential, Model\nfrom tensorflow.keras.layers import Dense, Dropout, Conv1D, MaxPooling1D, Flatten, LSTM, Input, MultiHeadAttention, LayerNormalization, Add\nfrom tensorflow.keras.optimizers import Adam\nfrom pytorch_tabnet.tab_model import TabNetRegressor\n\n# Load preprocessed data\ndata_path = '/Users/vishesh/gw-workspace/L6gDfkNJofh8/preprocessed_data.npz'\ndata = np.load(data_path)\n\n# List all variable names in the .npz file to identify contents\nprint(\"Variables in the .npz file:\", data.files)\n\n# Load data based on contents of the .npz file\nX_train = data['X_train']\ny_train = data['y_train']\n\n# Check if 'X_val' and 'y_val' exist; if not, create validation split\nif 'X_val' in data.files and 'y_val' in data.files:\n    X_val = data['X_val']\n    y_val = data['y_val']\nelse:\n    # Split the data into training and validation sets\n    X_train, X_val, y_train, y_val = train_test_split(X_train, y_train, test_size=0.2, random_state=42)\n\n# Initialize a dictionary to store model performance\nmodel_performance = {}\n\n# Define the function to create various models\ndef create_model(trial):\n    input_shape = X_train.shape[1]\n    model_type = trial.suggest_categorical('model_type', ['dense', 'cnn', 'lstm', 'transformer'])\n    # model_type = trial.suggest_categorical('model_type', ['dense', 'cnn', 'lstm', 'transformer', 'tabnet'])\n\n    if model_type == 'dense':\n        model = Sequential()\n        model.add(Input(shape=(input_shape,)))  # Use Input layer to specify input shape\n        num_layers = trial.suggest_int('num_layers', 1, 5)\n        for i in range(num_layers):\n            num_units = trial.suggest_int(f'num_units_l{i}', 16, 128, log=True)\n            model.add(Dense(num_units, activation='relu'))\n            dropout_rate = trial.suggest_float(f'dropout_rate_l{i}', 0.1, 0.5)\n            model.add(Dropout(dropout_rate))\n        model.add(Dense(1, activation='linear'))\n    \n    elif model_type == 'cnn':\n        model = Sequential()\n        model.add(Input(shape=(input_shape, 1)))  # Use Input layer for CNN input shape\n        model.add(Conv1D(filters=trial.suggest_int('filters', 16, 64, log=True),\n                         kernel_size=trial.suggest_int('kernel_size', 3, 5),\n                         activation='relu'))\n        model.add(MaxPooling1D(pool_size=2))\n        model.add(Flatten())\n        model.add(Dense(1, activation='linear'))\n    \n    elif model_type == 'lstm':\n        model = Sequential()\n        model.add(Input(shape=(input_shape, 1)))  # Use Input layer for LSTM input shape\n        model.add(LSTM(units=trial.suggest_int('lstm_units', 16, 64, log=True)))\n        model.add(Dense(1, activation='linear'))\n    \n    elif model_type == 'transformer':\n        inputs = Input(shape=(input_shape, 1))\n        attention = MultiHeadAttention(num_heads=trial.suggest_int('num_heads', 2, 8), key_dim=trial.suggest_int('key_dim', 16, 64))(inputs, inputs)\n        attention = Add()([inputs, attention])\n        attention = LayerNormalization(epsilon=1e-6)(attention)\n        outputs = Flatten()(attention)\n        outputs = Dense(1, activation='linear')(outputs)\n        model = Model(inputs=inputs, outputs=outputs)\n    \n    # elif model_type == 'tabnet':\n    #     tabnet_model = TabNetRegressor(\n    #         n_d=trial.suggest_int('n_d', 8, 64),\n    #         n_a=trial.suggest_int('n_a', 8, 64),\n    #         n_steps=trial.suggest_int('n_steps', 3, 10),\n    #         gamma=trial.suggest_float('gamma', 1.0, 2.0),\n    #         lambda_sparse=trial.suggest_float('lambda_sparse', 1e-6, 1e-3)\n    #     )\n    #     tabnet_model.fit(\n    #         X_train, y_train,\n    #         eval_set=[(X_val, y_val)],\n    #         eval_metric=['mae'],\n    #         max_epochs=100,\n    #         patience=10,\n    #         batch_size=256,\n    #         virtual_batch_size=128\n    #     )\n    #     return tabnet_model\n\n    learning_rate = trial.suggest_float('learning_rate', 1e-5, 1e-2, log=True)\n    model.compile(optimizer=Adam(learning_rate=learning_rate), loss='mean_squared_error', metrics=['mean_absolute_error'])\n\n    return model\n\n# Define the objective function for Optuna\ndef objective(trial):\n    model = create_model(trial)\n\n    if isinstance(model, TabNetRegressor):\n        model.fit(\n            X_train, y_train,\n            eval_set=[(X_val, y_val)],\n            eval_metric=['mae'],\n            max_epochs=100,\n            patience=10,\n            batch_size=256,\n            virtual_batch_size=128\n        )\n        y_pred = model.predict(X_val)\n        mae = mean_absolute_error(y_val, y_pred)\n    else:\n        model.fit(X_train, y_train, validation_data=(X_val, y_val), epochs=10, batch_size=32, verbose=0)\n        _, mae = model.evaluate(X_val, y_val, verbose=0)\n\n    model_type = trial.params['model_type']\n    model_performance[model_type] = mae\n    return mae\n\n# Run the Bayesian optimization\nstudy = optuna.create_study(direction='minimize')\nstudy.optimize(objective, n_trials=10)  # Set n_trials as needed\n\n# Get the best hyperparameters\nbest_params = study.best_params\nprint(f\"Best hyperparameters: {best_params}\")\n\n# Display performance of each model\nprint(\"Model performance (MAE):\")\nfor model_type, mae in model_performance.items():\n    print(f\"{model_type}: {mae}\")\n\n# Plot the model performance\nplt.figure(figsize=(10, 5))\nplt.bar(model_performance.keys(), model_performance.values(), color='skyblue')\nplt.xlabel('Model Type')\nplt.ylabel('Mean Absolute Error')\nplt.title('Model Performance Comparison')\nplt.show()\n",
  "history_output" : "Variables in the .npz file: ['X_train', 'X_test', 'y_train', 'y_test']\n[I 2024-10-03 23:12:16,635] A new study created in memory with name: no-name-2dcb5999-a3be-4759-ac90-b81e1dd61bef\n[I 2024-10-03 23:12:17,298] Trial 0 finished with value: 0.036922577768564224 and parameters: {'model_type': 'cnn', 'filters': 24, 'kernel_size': 3, 'learning_rate': 0.0018393114039951541}. Best is trial 0 with value: 0.036922577768564224.\n[I 2024-10-03 23:12:18,245] Trial 1 finished with value: 0.09011609852313995 and parameters: {'model_type': 'dense', 'num_layers': 4, 'num_units_l0': 63, 'dropout_rate_l0': 0.3469935027405635, 'num_units_l1': 64, 'dropout_rate_l1': 0.2968238001994504, 'num_units_l2': 67, 'dropout_rate_l2': 0.24379330224248125, 'num_units_l3': 18, 'dropout_rate_l3': 0.2895678999093619, 'learning_rate': 3.942153303574771e-05}. Best is trial 0 with value: 0.036922577768564224.\n[I 2024-10-03 23:12:18,870] Trial 2 finished with value: 0.039566535502672195 and parameters: {'model_type': 'cnn', 'filters': 50, 'kernel_size': 5, 'learning_rate': 0.0013569541354559191}. Best is trial 0 with value: 0.036922577768564224.\n[I 2024-10-03 23:12:20,290] Trial 3 finished with value: 0.03722009435296059 and parameters: {'model_type': 'lstm', 'lstm_units': 28, 'learning_rate': 0.003438962911641065}. Best is trial 0 with value: 0.036922577768564224.\n[I 2024-10-03 23:12:21,541] Trial 4 finished with value: 0.09966925531625748 and parameters: {'model_type': 'transformer', 'num_heads': 4, 'key_dim': 24, 'learning_rate': 0.008241332414624042}. Best is trial 0 with value: 0.036922577768564224.\n[I 2024-10-03 23:12:23,030] Trial 5 finished with value: 0.389706552028656 and parameters: {'model_type': 'transformer', 'num_heads': 7, 'key_dim': 51, 'learning_rate': 1.1768067097008969e-05}. Best is trial 0 with value: 0.036922577768564224.\n[I 2024-10-03 23:12:23,711] Trial 6 finished with value: 0.050172869116067886 and parameters: {'model_type': 'dense', 'num_layers': 2, 'num_units_l0': 40, 'dropout_rate_l0': 0.24122891428685578, 'num_units_l1': 25, 'dropout_rate_l1': 0.3425999623931447, 'learning_rate': 0.002217664938310057}. Best is trial 0 with value: 0.036922577768564224.\n[I 2024-10-03 23:12:24,633] Trial 7 finished with value: 0.1407441645860672 and parameters: {'model_type': 'dense', 'num_layers': 4, 'num_units_l0': 16, 'dropout_rate_l0': 0.4023259269350053, 'num_units_l1': 111, 'dropout_rate_l1': 0.47440368391267324, 'num_units_l2': 111, 'dropout_rate_l2': 0.28937249073004295, 'num_units_l3': 16, 'dropout_rate_l3': 0.19700591787419086, 'learning_rate': 0.0008600160643749318}. Best is trial 0 with value: 0.036922577768564224.\n[I 2024-10-03 23:12:25,889] Trial 8 finished with value: 0.09966927021741867 and parameters: {'model_type': 'transformer', 'num_heads': 4, 'key_dim': 35, 'learning_rate': 0.0005716834489503806}. Best is trial 0 with value: 0.036922577768564224.\n[I 2024-10-03 23:12:27,387] Trial 9 finished with value: 0.03739658370614052 and parameters: {'model_type': 'lstm', 'lstm_units': 63, 'learning_rate': 0.0030572159938559904}. Best is trial 0 with value: 0.036922577768564224.\nBest hyperparameters: {'model_type': 'cnn', 'filters': 24, 'kernel_size': 3, 'learning_rate': 0.0018393114039951541}\nModel performance (MAE):\ncnn: 0.039566535502672195\ndense: 0.1407441645860672\nlstm: 0.03739658370614052\ntransformer: 0.09966927021741867\n2024-10-03 23:12:27.870 python[92528:11210197] +[IMKClient subclass]: chose IMKClient_Legacy\n2024-10-03 23:12:27.870 python[92528:11210197] +[IMKInputSession subclass]: chose IMKInputSession_Legacy\n",
  "history_begin_time" : 1728011532550,
  "history_end_time" : 1728011553100,
  "history_notes" : null,
  "history_process" : "vnrvoi",
  "host_id" : "100001",
  "indicator" : "Done"
},{
  "history_id" : "2myy9ystw73",
  "history_input" : "No code saved",
  "history_output" : "Skipped",
  "history_begin_time" : 1728011527888,
  "history_end_time" : 1728011527888,
  "history_notes" : null,
  "history_process" : "0lsb3i",
  "host_id" : "100001",
  "indicator" : "Skipped"
},{
  "history_id" : "n87yw74ex0y",
  "history_input" : "No code saved",
  "history_output" : "Skipped",
  "history_begin_time" : 1728011527889,
  "history_end_time" : 1728011527889,
  "history_notes" : null,
  "history_process" : "yqiqdt",
  "host_id" : "100001",
  "indicator" : "Skipped"
},{
  "history_id" : "p3x27uornm1",
  "history_input" : "No code saved",
  "history_output" : "Skipped",
  "history_begin_time" : 1728011527889,
  "history_end_time" : 1728011527889,
  "history_notes" : null,
  "history_process" : "y30gbw",
  "host_id" : "100001",
  "indicator" : "Skipped"
},{
  "history_id" : "7ymspoig3bz",
  "history_input" : "No code saved",
  "history_output" : "Skipped",
  "history_begin_time" : 1728011527890,
  "history_end_time" : 1728011527890,
  "history_notes" : null,
  "history_process" : "7ev3w3",
  "host_id" : "100001",
  "indicator" : "Skipped"
},{
  "history_id" : "buc2i5uinji",
  "history_input" : "No code saved",
  "history_output" : "Skipped",
  "history_begin_time" : 1728011527890,
  "history_end_time" : 1728011527890,
  "history_notes" : null,
  "history_process" : "tz54ub",
  "host_id" : "100001",
  "indicator" : "Skipped"
}]
