[{
  "history_id" : "nn3qc7n7q7t",
  "history_input" : "No code saved",
  "history_output" : "Skipped",
  "history_begin_time" : 1728011527887,
  "history_end_time" : 1728011527887,
  "history_notes" : null,
  "history_process" : "rfwos9",
  "host_id" : "100001",
  "indicator" : "Skipped"
},{
  "history_id" : "f0pqf1e7kjy",
  "history_input" : "No code saved",
  "history_output" : "Skipped",
  "history_begin_time" : 1728011268914,
  "history_end_time" : 1728011268914,
  "history_notes" : null,
  "history_process" : "rfwos9",
  "host_id" : "100001",
  "indicator" : "Skipped"
},{
  "history_id" : "no7uv08n8dg",
  "history_input" : "No code saved",
  "history_output" : "Skipped",
  "history_begin_time" : 1727715414205,
  "history_end_time" : 1727715414205,
  "history_notes" : null,
  "history_process" : "rfwos9",
  "host_id" : "100001",
  "indicator" : "Skipped"
},{
  "history_id" : "egvpxhf6zzj",
  "history_input" : "No code saved",
  "history_output" : "Skipped",
  "history_begin_time" : 1727470464373,
  "history_end_time" : 1727470464373,
  "history_notes" : null,
  "history_process" : "rfwos9",
  "host_id" : "100001",
  "indicator" : "Skipped"
},{
  "history_id" : "vconwd9sb5j",
  "history_input" : "No code saved",
  "history_output" : "Skipped",
  "history_begin_time" : 1727468697341,
  "history_end_time" : 1727468697341,
  "history_notes" : null,
  "history_process" : "rfwos9",
  "host_id" : "100001",
  "indicator" : "Skipped"
},{
  "history_id" : "uxdxnten6uy",
  "history_input" : "No code saved",
  "history_output" : "Skipped",
  "history_begin_time" : 1727468653307,
  "history_end_time" : 1727468653307,
  "history_notes" : null,
  "history_process" : "rfwos9",
  "host_id" : "100001",
  "indicator" : "Skipped"
},{
  "history_id" : "ymp3doc2llw",
  "history_input" : "No code saved",
  "history_output" : "Skipped",
  "history_begin_time" : 1727468615939,
  "history_end_time" : 1727468615939,
  "history_notes" : null,
  "history_process" : "rfwos9",
  "host_id" : "100001",
  "indicator" : "Skipped"
},{
  "history_id" : "b4bjoq541mt",
  "history_input" : "No code saved",
  "history_output" : "Skipped",
  "history_begin_time" : 1727468502541,
  "history_end_time" : 1727468502541,
  "history_notes" : null,
  "history_process" : "rfwos9",
  "host_id" : "100001",
  "indicator" : "Skipped"
},{
  "history_id" : "uzj6d5ar5np",
  "history_input" : "No code saved",
  "history_output" : "Skipped",
  "history_begin_time" : 1727468367408,
  "history_end_time" : 1727468367408,
  "history_notes" : null,
  "history_process" : "rfwos9",
  "host_id" : "100001",
  "indicator" : "Skipped"
},{
  "history_id" : "6wg8d3jjq6h",
  "history_input" : "No code saved",
  "history_output" : "Skipped",
  "history_begin_time" : 1727468327012,
  "history_end_time" : 1727468327012,
  "history_notes" : null,
  "history_process" : "rfwos9",
  "host_id" : "100001",
  "indicator" : "Skipped"
},{
  "history_id" : "6hxboy7adbg",
  "history_input" : "No code saved",
  "history_output" : "Skipped",
  "history_begin_time" : 1727468284968,
  "history_end_time" : 1727468284968,
  "history_notes" : null,
  "history_process" : "rfwos9",
  "host_id" : "100001",
  "indicator" : "Skipped"
},{
  "history_id" : "5ossiyw04zz",
  "history_input" : "No code saved",
  "history_output" : "Skipped",
  "history_begin_time" : 1727468233387,
  "history_end_time" : 1727468233387,
  "history_notes" : null,
  "history_process" : "rfwos9",
  "host_id" : "100001",
  "indicator" : "Skipped"
},]
