[{
  "history_id" : "b3lt4x3uvnz",
  "history_input" : "# import numpy as np\n# import pandas as pd\n# from sklearn.preprocessing import MinMaxScaler\n# from sklearn.model_selection import train_test_split\n# import joblib\n# import matplotlib.pyplot as plt\n\n# # Step 1: Load the dataset\n# file_path = '/Users/vishesh/Desktop/geo_project/data.csv'\n# data = pd.read_csv(file_path, skiprows=3)\n\n# # Step 2: Preprocess the data\n# data['Date'] = pd.to_datetime(data['Date'], format='%Y%m')\n# values = data['Value'].values\n\n# # Step 3: Normalize the data for LSTM\n# scaler = MinMaxScaler(feature_range=(0, 1))\n# scaled_data = scaler.fit_transform(values.reshape(-1, 1))\n\n# # Save the scaler for inverse transformation later\n# joblib.dump(scaler, 'scaler.pkl')\n\n# # Step 4: Create sequences for LSTM\n# def create_sequences(data, sequence_length):\n#     sequences = []\n#     targets = []\n#     for i in range(len(data) - sequence_length):\n#         seq = data[i:i + sequence_length]\n#         target = data[i + sequence_length]\n#         sequences.append(seq)\n#         targets.append(target)\n#     return np.array(sequences), np.array(targets)\n\n# sequence_length = 12  # 12 months\n# X, y = create_sequences(scaled_data, sequence_length)\n\n# # Step 5: Split into training and test sets\n# X_train, X_test, y_train, y_test = train_test_split(X, y, test_size=0.2, shuffle=False)\n\n# # Reshape the data for LSTM\n# X_train = np.reshape(X_train, (X_train.shape[0], X_train.shape[1], 1))\n# X_test = np.reshape(X_test, (X_test.shape[0], X_test.shape[1], 1))\n\n# # Step 6: Save preprocessed data for later use\n# np.savez('preprocessed_data.npz', X_train=X_train, X_test=X_test, y_train=y_train, y_test=y_test)\n\n# print(\"Data preprocessing completed and saved!\")\n\n\n\n# plt.figure(figsize=(10,6))\n# plt.plot(data['Date'], data['Value'], label='Temperature Values')\n# plt.title('Temperature Values Over Time')\n# plt.xlabel('Date')\n# plt.ylabel('Temperature (Degrees Fahrenheit)')\n# plt.grid(True)\n# plt.legend()\n# plt.show()\n\n\n\n\nimport numpy as np\nimport pandas as pd\nfrom sklearn.preprocessing import MinMaxScaler\nfrom sklearn.model_selection import train_test_split\nimport joblib\nimport matplotlib.pyplot as plt\n\n# Step 1: Load the dataset\nfile_path = '/Users/vishesh/Desktop/geo_project/data.csv'\ndata = pd.read_csv(file_path, skiprows=3)\n\n# Step 2: Preprocess the data\ndata['Date'] = pd.to_datetime(data['Date'], format='%Y%m')\nvalues = data['Value'].values\n\n# Step 3: Normalize the data for LSTM\nscaler = MinMaxScaler(feature_range=(0, 1))\nscaled_data = scaler.fit_transform(values.reshape(-1, 1))\n\n# Save the scaler for inverse transformation later\njoblib.dump(scaler, 'scaler.pkl')\n\n# Step 4: Create sequences for LSTM\ndef create_sequences(data, sequence_length):\n    sequences = []\n    targets = []\n    for i in range(len(data) - sequence_length):\n        seq = data[i:i + sequence_length]\n        target = data[i + sequence_length]\n        sequences.append(seq)\n        targets.append(target)\n    return np.array(sequences), np.array(targets)\n\nsequence_length = 12  # 12 months\nX, y = create_sequences(scaled_data, sequence_length)\n\n# Step 5: Split into training and test sets\nX_train, X_test, y_train, y_test = train_test_split(X, y, test_size=0.2, shuffle=False)\n\n# Reshape the data for LSTM\nX_train = np.reshape(X_train, (X_train.shape[0], X_train.shape[1], 1))\nX_test = np.reshape(X_test, (X_test.shape[0], X_test.shape[1], 1))\n\n# Step 6: Save preprocessed data for later use, including dates\nnp.savez('preprocessed_data.npz', \n         X_train=X_train, \n         X_test=X_test, \n         y_train=y_train, \n         y_test=y_test, \n         dates=data['Date'].values[sequence_length:])  # Ensure dates align with the created sequences\n\nprint(\"Data preprocessing completed and saved!\")\n\n# Plotting the original data\nplt.figure(figsize=(10, 6))\nplt.plot(data['Date'], data['Value'], label='Temperature Values')\nplt.title('Temperature Values Over Time')\nplt.xlabel('Date')\nplt.ylabel('Temperature (Degrees Fahrenheit)')\nplt.grid(True)\nplt.legend()\nplt.show()\n",
  "history_output" : "Data preprocessing completed and saved!\n2024-10-03 23:12:10.115 python[92511:11209848] +[IMKClient subclass]: chose IMKClient_Legacy\n2024-10-03 23:12:10.115 python[92511:11209848] +[IMKInputSession subclass]: chose IMKInputSession_Legacy\n",
  "history_begin_time" : 1728011528458,
  "history_end_time" : 1728011532030,
  "history_notes" : null,
  "history_process" : "keghqi",
  "host_id" : "100001",
  "indicator" : "Done"
},{
  "history_id" : "teddsmo4dp1",
  "history_input" : "# import numpy as np\n# import pandas as pd\n# from sklearn.preprocessing import MinMaxScaler\n# from sklearn.model_selection import train_test_split\n# import joblib\n# import matplotlib.pyplot as plt\n\n# # Step 1: Load the dataset\n# file_path = '/Users/vishesh/Desktop/geo_project/data.csv'\n# data = pd.read_csv(file_path, skiprows=3)\n\n# # Step 2: Preprocess the data\n# data['Date'] = pd.to_datetime(data['Date'], format='%Y%m')\n# values = data['Value'].values\n\n# # Step 3: Normalize the data for LSTM\n# scaler = MinMaxScaler(feature_range=(0, 1))\n# scaled_data = scaler.fit_transform(values.reshape(-1, 1))\n\n# # Save the scaler for inverse transformation later\n# joblib.dump(scaler, 'scaler.pkl')\n\n# # Step 4: Create sequences for LSTM\n# def create_sequences(data, sequence_length):\n#     sequences = []\n#     targets = []\n#     for i in range(len(data) - sequence_length):\n#         seq = data[i:i + sequence_length]\n#         target = data[i + sequence_length]\n#         sequences.append(seq)\n#         targets.append(target)\n#     return np.array(sequences), np.array(targets)\n\n# sequence_length = 12  # 12 months\n# X, y = create_sequences(scaled_data, sequence_length)\n\n# # Step 5: Split into training and test sets\n# X_train, X_test, y_train, y_test = train_test_split(X, y, test_size=0.2, shuffle=False)\n\n# # Reshape the data for LSTM\n# X_train = np.reshape(X_train, (X_train.shape[0], X_train.shape[1], 1))\n# X_test = np.reshape(X_test, (X_test.shape[0], X_test.shape[1], 1))\n\n# # Step 6: Save preprocessed data for later use\n# np.savez('preprocessed_data.npz', X_train=X_train, X_test=X_test, y_train=y_train, y_test=y_test)\n\n# print(\"Data preprocessing completed and saved!\")\n\n\n\n# plt.figure(figsize=(10,6))\n# plt.plot(data['Date'], data['Value'], label='Temperature Values')\n# plt.title('Temperature Values Over Time')\n# plt.xlabel('Date')\n# plt.ylabel('Temperature (Degrees Fahrenheit)')\n# plt.grid(True)\n# plt.legend()\n# plt.show()\n\n\n\n\nimport numpy as np\nimport pandas as pd\nfrom sklearn.preprocessing import MinMaxScaler\nfrom sklearn.model_selection import train_test_split\nimport joblib\nimport matplotlib.pyplot as plt\n\n# Step 1: Load the dataset\nfile_path = '/Users/vishesh/Desktop/geo_project/data.csv'\ndata = pd.read_csv(file_path, skiprows=3)\n\n# Step 2: Preprocess the data\ndata['Date'] = pd.to_datetime(data['Date'], format='%Y%m')\nvalues = data['Value'].values\n\n# Step 3: Normalize the data for LSTM\nscaler = MinMaxScaler(feature_range=(0, 1))\nscaled_data = scaler.fit_transform(values.reshape(-1, 1))\n\n# Save the scaler for inverse transformation later\njoblib.dump(scaler, 'scaler.pkl')\n\n# Step 4: Create sequences for LSTM\ndef create_sequences(data, sequence_length):\n    sequences = []\n    targets = []\n    for i in range(len(data) - sequence_length):\n        seq = data[i:i + sequence_length]\n        target = data[i + sequence_length]\n        sequences.append(seq)\n        targets.append(target)\n    return np.array(sequences), np.array(targets)\n\nsequence_length = 12  # 12 months\nX, y = create_sequences(scaled_data, sequence_length)\n\n# Step 5: Split into training and test sets\nX_train, X_test, y_train, y_test = train_test_split(X, y, test_size=0.2, shuffle=False)\n\n# Reshape the data for LSTM\nX_train = np.reshape(X_train, (X_train.shape[0], X_train.shape[1], 1))\nX_test = np.reshape(X_test, (X_test.shape[0], X_test.shape[1], 1))\n\n# Step 6: Save preprocessed data for later use, including dates\nnp.savez('preprocessed_data.npz', \n         X_train=X_train, \n         X_test=X_test, \n         y_train=y_train, \n         y_test=y_test, \n         dates=data['Date'].values[sequence_length:])  # Ensure dates align with the created sequences\n\nprint(\"Data preprocessing completed and saved!\")\n\n# Plotting the original data\nplt.figure(figsize=(10, 6))\nplt.plot(data['Date'], data['Value'], label='Temperature Values')\nplt.title('Temperature Values Over Time')\nplt.xlabel('Date')\nplt.ylabel('Temperature (Degrees Fahrenheit)')\nplt.grid(True)\nplt.legend()\nplt.show()\n",
  "history_output" : "Data preprocessing completed and saved!\n2024-10-03 23:07:57.877 python[92324:11200257] +[IMKClient subclass]: chose IMKClient_Legacy\n2024-10-03 23:07:57.877 python[92324:11200257] +[IMKInputSession subclass]: chose IMKInputSession_Legacy\n",
  "history_begin_time" : 1728011270141,
  "history_end_time" : 1728011438791,
  "history_notes" : null,
  "history_process" : "keghqi",
  "host_id" : "100001",
  "indicator" : "Done"
},{
  "history_id" : "SjGVKLrIxomi",
  "history_input" : "# import numpy as np\n# import pandas as pd\n# from sklearn.preprocessing import MinMaxScaler\n# from sklearn.model_selection import train_test_split\n# import joblib\n# import matplotlib.pyplot as plt\n\n# # Step 1: Load the dataset\n# file_path = '/Users/vishesh/Desktop/geo_project/data.csv'\n# data = pd.read_csv(file_path, skiprows=3)\n\n# # Step 2: Preprocess the data\n# data['Date'] = pd.to_datetime(data['Date'], format='%Y%m')\n# values = data['Value'].values\n\n# # Step 3: Normalize the data for LSTM\n# scaler = MinMaxScaler(feature_range=(0, 1))\n# scaled_data = scaler.fit_transform(values.reshape(-1, 1))\n\n# # Save the scaler for inverse transformation later\n# joblib.dump(scaler, 'scaler.pkl')\n\n# # Step 4: Create sequences for LSTM\n# def create_sequences(data, sequence_length):\n#     sequences = []\n#     targets = []\n#     for i in range(len(data) - sequence_length):\n#         seq = data[i:i + sequence_length]\n#         target = data[i + sequence_length]\n#         sequences.append(seq)\n#         targets.append(target)\n#     return np.array(sequences), np.array(targets)\n\n# sequence_length = 12  # 12 months\n# X, y = create_sequences(scaled_data, sequence_length)\n\n# # Step 5: Split into training and test sets\n# X_train, X_test, y_train, y_test = train_test_split(X, y, test_size=0.2, shuffle=False)\n\n# # Reshape the data for LSTM\n# X_train = np.reshape(X_train, (X_train.shape[0], X_train.shape[1], 1))\n# X_test = np.reshape(X_test, (X_test.shape[0], X_test.shape[1], 1))\n\n# # Step 6: Save preprocessed data for later use\n# np.savez('preprocessed_data.npz', X_train=X_train, X_test=X_test, y_train=y_train, y_test=y_test)\n\n# print(\"Data preprocessing completed and saved!\")\n\n\n\n# plt.figure(figsize=(10,6))\n# plt.plot(data['Date'], data['Value'], label='Temperature Values')\n# plt.title('Temperature Values Over Time')\n# plt.xlabel('Date')\n# plt.ylabel('Temperature (Degrees Fahrenheit)')\n# plt.grid(True)\n# plt.legend()\n# plt.show()\n\n\n\n\nimport numpy as np\nimport pandas as pd\nfrom sklearn.preprocessing import MinMaxScaler\nfrom sklearn.model_selection import train_test_split\nimport joblib\nimport matplotlib.pyplot as plt\n\n# Step 1: Load the dataset\nfile_path = '/Users/vishesh/Desktop/geo_project/data.csv'\ndata = pd.read_csv(file_path, skiprows=3)\n\n# Step 2: Preprocess the data\ndata['Date'] = pd.to_datetime(data['Date'], format='%Y%m')\nvalues = data['Value'].values\n\n# Step 3: Normalize the data for LSTM\nscaler = MinMaxScaler(feature_range=(0, 1))\nscaled_data = scaler.fit_transform(values.reshape(-1, 1))\n\n# Save the scaler for inverse transformation later\njoblib.dump(scaler, 'scaler.pkl')\n\n# Step 4: Create sequences for LSTM\ndef create_sequences(data, sequence_length):\n    sequences = []\n    targets = []\n    for i in range(len(data) - sequence_length):\n        seq = data[i:i + sequence_length]\n        target = data[i + sequence_length]\n        sequences.append(seq)\n        targets.append(target)\n    return np.array(sequences), np.array(targets)\n\nsequence_length = 12  # 12 months\nX, y = create_sequences(scaled_data, sequence_length)\n\n# Step 5: Split into training and test sets\nX_train, X_test, y_train, y_test = train_test_split(X, y, test_size=0.2, shuffle=False)\n\n# Reshape the data for LSTM\nX_train = np.reshape(X_train, (X_train.shape[0], X_train.shape[1], 1))\nX_test = np.reshape(X_test, (X_test.shape[0], X_test.shape[1], 1))\n\n# Step 6: Save preprocessed data for later use, including dates\nnp.savez('preprocessed_data.npz', \n         X_train=X_train, \n         X_test=X_test, \n         y_train=y_train, \n         y_test=y_test, \n         dates=data['Date'].values[sequence_length:])  # Ensure dates align with the created sequences\n\nprint(\"Data preprocessing completed and saved!\")\n\n# Plotting the original data\nplt.figure(figsize=(10, 6))\nplt.plot(data['Date'], data['Value'], label='Temperature Values')\nplt.title('Temperature Values Over Time')\nplt.xlabel('Date')\nplt.ylabel('Temperature (Degrees Fahrenheit)')\nplt.grid(True)\nplt.legend()\nplt.show()\n",
  "history_output" : "Data preprocessing completed and saved!\n2024-09-30 13:05:15.873 python[90535:7723135] +[IMKClient subclass]: chose IMKClient_Legacy\n2024-09-30 13:05:15.873 python[90535:7723135] +[IMKInputSession subclass]: chose IMKInputSession_Legacy\n",
  "history_begin_time" : 1727715913811,
  "history_end_time" : 1727715918216,
  "history_notes" : null,
  "history_process" : "keghqi",
  "host_id" : null,
  "indicator" : "Done"
},{
  "history_id" : "ejel6jtewc9",
  "history_input" : "import numpy as np\nimport pandas as pd\nfrom sklearn.preprocessing import MinMaxScaler\nfrom sklearn.model_selection import train_test_split\nimport joblib\nimport matplotlib.pyplot as plt\n\n# Step 1: Load the dataset\nfile_path = '/Users/vishesh/Desktop/geo_project/data.csv'\ndata = pd.read_csv(file_path, skiprows=3)\n\n# Step 2: Preprocess the data\ndata['Date'] = pd.to_datetime(data['Date'], format='%Y%m')\nvalues = data['Value'].values\n\n# Step 3: Normalize the data for LSTM\nscaler = MinMaxScaler(feature_range=(0, 1))\nscaled_data = scaler.fit_transform(values.reshape(-1, 1))\n\n# Save the scaler for inverse transformation later\njoblib.dump(scaler, 'scaler.pkl')\n\n# Step 4: Create sequences for LSTM\ndef create_sequences(data, sequence_length):\n    sequences = []\n    targets = []\n    for i in range(len(data) - sequence_length):\n        seq = data[i:i + sequence_length]\n        target = data[i + sequence_length]\n        sequences.append(seq)\n        targets.append(target)\n    return np.array(sequences), np.array(targets)\n\nsequence_length = 12  # 12 months\nX, y = create_sequences(scaled_data, sequence_length)\n\n# Step 5: Split into training and test sets\nX_train, X_test, y_train, y_test = train_test_split(X, y, test_size=0.2, shuffle=False)\n\n# Reshape the data for LSTM\nX_train = np.reshape(X_train, (X_train.shape[0], X_train.shape[1], 1))\nX_test = np.reshape(X_test, (X_test.shape[0], X_test.shape[1], 1))\n\n# Step 6: Save preprocessed data for later use\nnp.savez('preprocessed_data.npz', X_train=X_train, X_test=X_test, y_train=y_train, y_test=y_test)\n\nprint(\"Data preprocessing completed and saved!\")\n\n\n\nplt.figure(figsize=(10,6))\nplt.plot(data['Date'], data['Value'], label='Temperature Values')\nplt.title('Temperature Values Over Time')\nplt.xlabel('Date')\nplt.ylabel('Temperature (Degrees Fahrenheit)')\nplt.grid(True)\nplt.legend()\nplt.show()\n",
  "history_output" : "Data preprocessing completed and saved!\n2024-09-30 12:56:57.023 python[90094:7706517] +[IMKClient subclass]: chose IMKClient_Legacy\n2024-09-30 12:56:57.023 python[90094:7706517] +[IMKInputSession subclass]: chose IMKInputSession_Legacy\n",
  "history_begin_time" : 1727715414898,
  "history_end_time" : 1727715420491,
  "history_notes" : null,
  "history_process" : "keghqi",
  "host_id" : "100001",
  "indicator" : "Done"
},{
  "history_id" : "b1sns4l6h0z",
  "history_input" : "import numpy as np\nimport pandas as pd\nfrom sklearn.preprocessing import MinMaxScaler\nfrom sklearn.model_selection import train_test_split\nimport joblib\nimport matplotlib.pyplot as plt\n\n# Step 1: Load the dataset\nfile_path = '/Users/vishesh/Desktop/geo_project/data.csv'\ndata = pd.read_csv(file_path, skiprows=3)\n\n# Step 2: Preprocess the data\ndata['Date'] = pd.to_datetime(data['Date'], format='%Y%m')\nvalues = data['Value'].values\n\n# Step 3: Normalize the data for LSTM\nscaler = MinMaxScaler(feature_range=(0, 1))\nscaled_data = scaler.fit_transform(values.reshape(-1, 1))\n\n# Save the scaler for inverse transformation later\njoblib.dump(scaler, 'scaler.pkl')\n\n# Step 4: Create sequences for LSTM\ndef create_sequences(data, sequence_length):\n    sequences = []\n    targets = []\n    for i in range(len(data) - sequence_length):\n        seq = data[i:i + sequence_length]\n        target = data[i + sequence_length]\n        sequences.append(seq)\n        targets.append(target)\n    return np.array(sequences), np.array(targets)\n\nsequence_length = 12  # 12 months\nX, y = create_sequences(scaled_data, sequence_length)\n\n# Step 5: Split into training and test sets\nX_train, X_test, y_train, y_test = train_test_split(X, y, test_size=0.2, shuffle=False)\n\n# Reshape the data for LSTM\nX_train = np.reshape(X_train, (X_train.shape[0], X_train.shape[1], 1))\nX_test = np.reshape(X_test, (X_test.shape[0], X_test.shape[1], 1))\n\n# Step 6: Save preprocessed data for later use\nnp.savez('preprocessed_data.npz', X_train=X_train, X_test=X_test, y_train=y_train, y_test=y_test)\n\nprint(\"Data preprocessing completed and saved!\")\n\n\n\nplt.figure(figsize=(10,6))\nplt.plot(data['Date'], data['Value'], label='Temperature Values')\nplt.title('Temperature Values Over Time')\nplt.xlabel('Date')\nplt.ylabel('Temperature (Degrees Fahrenheit)')\nplt.grid(True)\nplt.legend()\nplt.show()\n",
  "history_output" : "Data preprocessing completed and saved!\n2024-09-27 16:54:26.988 python[37673:5815170] +[IMKClient subclass]: chose IMKClient_Legacy\n2024-09-27 16:54:26.988 python[37673:5815170] +[IMKInputSession subclass]: chose IMKInputSession_Legacy\n",
  "history_begin_time" : 1727470464940,
  "history_end_time" : 1727470468603,
  "history_notes" : null,
  "history_process" : "keghqi",
  "host_id" : "100001",
  "indicator" : "Done"
},{
  "history_id" : "vpM1vXZw83AI",
  "history_input" : "import numpy as np\nimport pandas as pd\nfrom sklearn.preprocessing import MinMaxScaler\nfrom sklearn.model_selection import train_test_split\nimport joblib\nimport matplotlib.pyplot as plt\n\n# Step 1: Load the dataset\nfile_path = '/Users/vishesh/Desktop/geo_project/data.csv'\ndata = pd.read_csv(file_path, skiprows=3)\n\n# Step 2: Preprocess the data\ndata['Date'] = pd.to_datetime(data['Date'], format='%Y%m')\nvalues = data['Value'].values\n\n# Step 3: Normalize the data for LSTM\nscaler = MinMaxScaler(feature_range=(0, 1))\nscaled_data = scaler.fit_transform(values.reshape(-1, 1))\n\n# Save the scaler for inverse transformation later\njoblib.dump(scaler, 'scaler.pkl')\n\n# Step 4: Create sequences for LSTM\ndef create_sequences(data, sequence_length):\n    sequences = []\n    targets = []\n    for i in range(len(data) - sequence_length):\n        seq = data[i:i + sequence_length]\n        target = data[i + sequence_length]\n        sequences.append(seq)\n        targets.append(target)\n    return np.array(sequences), np.array(targets)\n\nsequence_length = 12  # 12 months\nX, y = create_sequences(scaled_data, sequence_length)\n\n# Step 5: Split into training and test sets\nX_train, X_test, y_train, y_test = train_test_split(X, y, test_size=0.2, shuffle=False)\n\n# Reshape the data for LSTM\nX_train = np.reshape(X_train, (X_train.shape[0], X_train.shape[1], 1))\nX_test = np.reshape(X_test, (X_test.shape[0], X_test.shape[1], 1))\n\n# Step 6: Save preprocessed data for later use\nnp.savez('preprocessed_data.npz', X_train=X_train, X_test=X_test, y_train=y_train, y_test=y_test)\n\nprint(\"Data preprocessing completed and saved!\")\n\n\n\nplt.figure(figsize=(10,6))\nplt.plot(data['Date'], data['Value'], label='Temperature Values')\nplt.title('Temperature Values Over Time')\nplt.xlabel('Date')\nplt.ylabel('Temperature (Degrees Fahrenheit)')\nplt.grid(True)\nplt.legend()\nplt.show()\n",
  "history_output" : "Data preprocessing completed and saved!\n2024-09-27 16:52:49.446 python[37594:5809042] +[IMKClient subclass]: chose IMKClient_Legacy\n2024-09-27 16:52:49.446 python[37594:5809042] +[IMKInputSession subclass]: chose IMKInputSession_Legacy\n",
  "history_begin_time" : 1727470367525,
  "history_end_time" : 1727470371620,
  "history_notes" : null,
  "history_process" : "keghqi",
  "host_id" : null,
  "indicator" : "Done"
},{
  "history_id" : "w4XJ4prkY0Fn",
  "history_input" : "import numpy as np\nimport pandas as pd\nfrom sklearn.preprocessing import MinMaxScaler\nfrom sklearn.model_selection import train_test_split\nimport joblib\nimport matplotlib.pyplot as plt\n\n# Step 1: Load the dataset\nfile_path = '/Users/vishesh/Desktop/geo_project/data.csv'\ndata = pd.read_csv(file_path, skiprows=3)\n\n# Step 2: Preprocess the data\ndata['Date'] = pd.to_datetime(data['Date'], format='%Y%m')\nvalues = data['Value'].values\n\n# Step 3: Normalize the data for LSTM\nscaler = MinMaxScaler(feature_range=(0, 1))\nscaled_data = scaler.fit_transform(values.reshape(-1, 1))\n\n# Save the scaler for inverse transformation later\njoblib.dump(scaler, 'scaler.pkl')\n\n# Step 4: Create sequences for LSTM\ndef create_sequences(data, sequence_length):\n    sequences = []\n    targets = []\n    for i in range(len(data) - sequence_length):\n        seq = data[i:i + sequence_length]\n        target = data[i + sequence_length]\n        sequences.append(seq)\n        targets.append(target)\n    return np.array(sequences), np.array(targets)\n\nsequence_length = 12  # 12 months\nX, y = create_sequences(scaled_data, sequence_length)\n\n# Step 5: Split into training and test sets\nX_train, X_test, y_train, y_test = train_test_split(X, y, test_size=0.2, shuffle=False)\n\n# Reshape the data for LSTM\nX_train = np.reshape(X_train, (X_train.shape[0], X_train.shape[1], 1))\nX_test = np.reshape(X_test, (X_test.shape[0], X_test.shape[1], 1))\n\n# Step 6: Save preprocessed data for later use\nnp.savez('preprocessed_data.npz', X_train=X_train, X_test=X_test, y_train=y_train, y_test=y_test)\n\nprint(\"Data preprocessing completed and saved!\")\n\n\n\nplt.figure(figsize=(10,6))\nplt.plot(data['Date'], data['Value'], label='Temperature Values')\nplt.title('Temperature Values Over Time')\nplt.xlabel('Date')\nplt.ylabel('Temperature (Degrees Fahrenheit)')\nplt.grid(True)\nplt.legend()\nplt.show()\n",
  "history_output" : "Data preprocessing completed and saved!\n2024-09-27 16:45:25.783 python[37337:5795569] +[IMKClient subclass]: chose IMKClient_Legacy\n2024-09-27 16:45:25.783 python[37337:5795569] +[IMKInputSession subclass]: chose IMKInputSession_Legacy\n",
  "history_begin_time" : 1727469923740,
  "history_end_time" : 1727469927677,
  "history_notes" : null,
  "history_process" : "keghqi",
  "host_id" : null,
  "indicator" : "Done"
},{
  "history_id" : "WMm5n4lZLKaT",
  "history_input" : "import numpy as np\nimport pandas as pd\nfrom sklearn.preprocessing import MinMaxScaler\nfrom sklearn.model_selection import train_test_split\nimport joblib\nimport matplotlib.pyplot as plt\n\n# Step 1: Load the dataset\nfile_path = '/Users/vishesh/Desktop/geo_project/data.csv'\ndata = pd.read_csv(file_path, skiprows=3)\n\n# Step 2: Preprocess the data\ndata['Date'] = pd.to_datetime(data['Date'], format='%Y%m')\nvalues = data['Value'].values\n\n# Step 3: Normalize the data for LSTM\nscaler = MinMaxScaler(feature_range=(0, 1))\nscaled_data = scaler.fit_transform(values.reshape(-1, 1))\n\n# Save the scaler for inverse transformation later\njoblib.dump(scaler, 'scaler.pkl')\n\n# Step 4: Create sequences for LSTM\ndef create_sequences(data, sequence_length):\n    sequences = []\n    targets = []\n    for i in range(len(data) - sequence_length):\n        seq = data[i:i + sequence_length]\n        target = data[i + sequence_length]\n        sequences.append(seq)\n        targets.append(target)\n    return np.array(sequences), np.array(targets)\n\nsequence_length = 12  # 12 months\nX, y = create_sequences(scaled_data, sequence_length)\n\n# Step 5: Split into training and test sets\nX_train, X_test, y_train, y_test = train_test_split(X, y, test_size=0.2, shuffle=False)\n\n# Reshape the data for LSTM\nX_train = np.reshape(X_train, (X_train.shape[0], X_train.shape[1], 1))\nX_test = np.reshape(X_test, (X_test.shape[0], X_test.shape[1], 1))\n\n# Step 6: Save preprocessed data for later use\nnp.savez('preprocessed_data.npz', X_train=X_train, X_test=X_test, y_train=y_train, y_test=y_test)\n\nprint(\"Data preprocessing completed and saved!\")\n\n\n\nplt.figure(figsize=(10,6))\nplt.plot(data['Date'], data['Value'], label='Temperature Values')\nplt.title('Temperature Values Over Time')\nplt.xlabel('Date')\nplt.ylabel('Temperature (Degrees Fahrenheit)')\nplt.grid(True)\nplt.legend()\nplt.show()\n",
  "history_output" : "Data preprocessing completed and saved!\n2024-09-27 16:40:23.416 python[37127:5786717] +[IMKClient subclass]: chose IMKClient_Legacy\n2024-09-27 16:40:23.416 python[37127:5786717] +[IMKInputSession subclass]: chose IMKInputSession_Legacy\n",
  "history_begin_time" : 1727469621559,
  "history_end_time" : 1727469625385,
  "history_notes" : null,
  "history_process" : "keghqi",
  "host_id" : null,
  "indicator" : "Done"
},{
  "history_id" : "qW3gaF4QGpJ9",
  "history_input" : "import numpy as np\nimport pandas as pd\nfrom sklearn.preprocessing import MinMaxScaler\nfrom sklearn.model_selection import train_test_split\nimport joblib\nimport matplotlib.pyplot as plt\n\n# Step 1: Load the dataset\nfile_path = '/Users/vishesh/Desktop/geo_project/data.csv'\ndata = pd.read_csv(file_path, skiprows=3)\n\n# Step 2: Preprocess the data\ndata['Date'] = pd.to_datetime(data['Date'], format='%Y%m')\nvalues = data['Value'].values\n\n# Step 3: Normalize the data for LSTM\nscaler = MinMaxScaler(feature_range=(0, 1))\nscaled_data = scaler.fit_transform(values.reshape(-1, 1))\n\n# Save the scaler for inverse transformation later\njoblib.dump(scaler, 'scaler.pkl')\n\n# Step 4: Create sequences for LSTM\ndef create_sequences(data, sequence_length):\n    sequences = []\n    targets = []\n    for i in range(len(data) - sequence_length):\n        seq = data[i:i + sequence_length]\n        target = data[i + sequence_length]\n        sequences.append(seq)\n        targets.append(target)\n    return np.array(sequences), np.array(targets)\n\nsequence_length = 12  # 12 months\nX, y = create_sequences(scaled_data, sequence_length)\n\n# Step 5: Split into training and test sets\nX_train, X_test, y_train, y_test = train_test_split(X, y, test_size=0.2, shuffle=False)\n\n# Reshape the data for LSTM\nX_train = np.reshape(X_train, (X_train.shape[0], X_train.shape[1], 1))\nX_test = np.reshape(X_test, (X_test.shape[0], X_test.shape[1], 1))\n\n# Step 6: Save preprocessed data for later use\nnp.savez('preprocessed_data.npz', X_train=X_train, X_test=X_test, y_train=y_train, y_test=y_test)\n\nprint(\"Data preprocessing completed and saved!\")\n\n\n\nplt.figure(figsize=(10,6))\nplt.plot(data['Date'], data['Value'], label='Temperature Values')\nplt.title('Temperature Values Over Time')\nplt.xlabel('Date')\nplt.ylabel('Temperature (Degrees Fahrenheit)')\nplt.grid(True)\nplt.legend()\nplt.show()\n",
  "history_output" : "Data preprocessing completed and saved!\n2024-09-27 16:38:04.756 python[37033:5782918] +[IMKClient subclass]: chose IMKClient_Legacy\n2024-09-27 16:38:04.756 python[37033:5782918] +[IMKInputSession subclass]: chose IMKInputSession_Legacy\n",
  "history_begin_time" : 1727469482989,
  "history_end_time" : 1727469486686,
  "history_notes" : null,
  "history_process" : "keghqi",
  "host_id" : null,
  "indicator" : "Done"
},{
  "history_id" : "Qg6pUYJYBfHu",
  "history_input" : "import numpy as np\nimport pandas as pd\nfrom sklearn.preprocessing import MinMaxScaler\nfrom sklearn.model_selection import train_test_split\nimport joblib\nimport matplotlib.pyplot as plt\n\n# Step 1: Load the dataset\nfile_path = '/Users/vishesh/Desktop/geo_project/data.csv'\ndata = pd.read_csv(file_path, skiprows=3)\n\n# Step 2: Preprocess the data\ndata['Date'] = pd.to_datetime(data['Date'], format='%Y%m')\nvalues = data['Value'].values\n\n# Step 3: Normalize the data for LSTM\nscaler = MinMaxScaler(feature_range=(0, 1))\nscaled_data = scaler.fit_transform(values.reshape(-1, 1))\n\n# Save the scaler for inverse transformation later\njoblib.dump(scaler, 'scaler.pkl')\n\n# Step 4: Create sequences for LSTM\ndef create_sequences(data, sequence_length):\n    sequences = []\n    targets = []\n    for i in range(len(data) - sequence_length):\n        seq = data[i:i + sequence_length]\n        target = data[i + sequence_length]\n        sequences.append(seq)\n        targets.append(target)\n    return np.array(sequences), np.array(targets)\n\nsequence_length = 12  # 12 months\nX, y = create_sequences(scaled_data, sequence_length)\n\n# Step 5: Split into training and test sets\nX_train, X_test, y_train, y_test = train_test_split(X, y, test_size=0.2, shuffle=False)\n\n# Reshape the data for LSTM\nX_train = np.reshape(X_train, (X_train.shape[0], X_train.shape[1], 1))\nX_test = np.reshape(X_test, (X_test.shape[0], X_test.shape[1], 1))\n\n# Step 6: Save preprocessed data for later use\nnp.savez('preprocessed_data.npz', X_train=X_train, X_test=X_test, y_train=y_train, y_test=y_test)\n\nprint(\"Data preprocessing completed and saved!\")\n\n\n\nplt.figure(figsize=(10,6))\nplt.plot(data['Date'], data['Value'], label='Temperature Values')\nplt.title('Temperature Values Over Time')\nplt.xlabel('Date')\nplt.ylabel('Temperature (Degrees Fahrenheit)')\nplt.grid(True)\nplt.legend()\nplt.show()\n",
  "history_output" : "Data preprocessing completed and saved!\n2024-09-27 16:36:38.193 python[36958:5779114] +[IMKClient subclass]: chose IMKClient_Legacy\n2024-09-27 16:36:38.193 python[36958:5779114] +[IMKInputSession subclass]: chose IMKInputSession_Legacy\n",
  "history_begin_time" : 1727469396110,
  "history_end_time" : 1727469400026,
  "history_notes" : null,
  "history_process" : "keghqi",
  "host_id" : null,
  "indicator" : "Done"
},{
  "history_id" : "nZnicdQ6KHqS",
  "history_input" : "import numpy as np\nimport pandas as pd\nfrom sklearn.preprocessing import MinMaxScaler\nfrom sklearn.model_selection import train_test_split\nimport joblib\nimport matplotlib.pyplot as plt\n\n# Step 1: Load the dataset\nfile_path = '/Users/vishesh/Desktop/geo_project/data.csv'\ndata = pd.read_csv(file_path, skiprows=3)\n\n# Step 2: Preprocess the data\ndata['Date'] = pd.to_datetime(data['Date'], format='%Y%m')\nvalues = data['Value'].values\n\n# Step 3: Normalize the data for LSTM\nscaler = MinMaxScaler(feature_range=(0, 1))\nscaled_data = scaler.fit_transform(values.reshape(-1, 1))\n\n# Save the scaler for inverse transformation later\njoblib.dump(scaler, 'scaler.pkl')\n\n# Step 4: Create sequences for LSTM\ndef create_sequences(data, sequence_length):\n    sequences = []\n    targets = []\n    for i in range(len(data) - sequence_length):\n        seq = data[i:i + sequence_length]\n        target = data[i + sequence_length]\n        sequences.append(seq)\n        targets.append(target)\n    return np.array(sequences), np.array(targets)\n\nsequence_length = 12  # 12 months\nX, y = create_sequences(scaled_data, sequence_length)\n\n# Step 5: Split into training and test sets\nX_train, X_test, y_train, y_test = train_test_split(X, y, test_size=0.2, shuffle=False)\n\n# Reshape the data for LSTM\nX_train = np.reshape(X_train, (X_train.shape[0], X_train.shape[1], 1))\nX_test = np.reshape(X_test, (X_test.shape[0], X_test.shape[1], 1))\n\n# Step 6: Save preprocessed data for later use\nnp.savez('preprocessed_data.npz', X_train=X_train, X_test=X_test, y_train=y_train, y_test=y_test)\n\nprint(\"Data preprocessing completed and saved!\")\n\n\n\nplt.figure(figsize=(10,6))\nplt.plot(data['Date'], data['Value'], label='Temperature Values')\nplt.title('Temperature Values Over Time')\nplt.xlabel('Date')\nplt.ylabel('Temperature (Degrees Fahrenheit)')\nplt.grid(True)\nplt.legend()\nplt.show()\n",
  "history_output" : "Data preprocessing completed and saved!\n2024-09-27 16:29:01.561 python[36100:5761830] +[IMKClient subclass]: chose IMKClient_Legacy\n2024-09-27 16:29:01.561 python[36100:5761830] +[IMKInputSession subclass]: chose IMKInputSession_Legacy\n",
  "history_begin_time" : 1727468939651,
  "history_end_time" : 1727468943407,
  "history_notes" : null,
  "history_process" : "keghqi",
  "host_id" : null,
  "indicator" : "Done"
},{
  "history_id" : "9y9cuxd17p1",
  "history_input" : "import numpy as np\nimport pandas as pd\nfrom sklearn.preprocessing import MinMaxScaler\nfrom sklearn.model_selection import train_test_split\nimport joblib\nimport matplotlib.pyplot as plt\n\n# Step 1: Load the dataset\nfile_path = '/Users/vishesh/Desktop/geo_project/data.csv'\ndata = pd.read_csv(file_path, skiprows=3)\n\n# Step 2: Preprocess the data\ndata['Date'] = pd.to_datetime(data['Date'], format='%Y%m')\nvalues = data['Value'].values\n\n# Step 3: Normalize the data for LSTM\nscaler = MinMaxScaler(feature_range=(0, 1))\nscaled_data = scaler.fit_transform(values.reshape(-1, 1))\n\n# Save the scaler for inverse transformation later\njoblib.dump(scaler, 'scaler.pkl')\n\n# Step 4: Create sequences for LSTM\ndef create_sequences(data, sequence_length):\n    sequences = []\n    targets = []\n    for i in range(len(data) - sequence_length):\n        seq = data[i:i + sequence_length]\n        target = data[i + sequence_length]\n        sequences.append(seq)\n        targets.append(target)\n    return np.array(sequences), np.array(targets)\n\nsequence_length = 12  # 12 months\nX, y = create_sequences(scaled_data, sequence_length)\n\n# Step 5: Split into training and test sets\nX_train, X_test, y_train, y_test = train_test_split(X, y, test_size=0.2, shuffle=False)\n\n# Reshape the data for LSTM\nX_train = np.reshape(X_train, (X_train.shape[0], X_train.shape[1], 1))\nX_test = np.reshape(X_test, (X_test.shape[0], X_test.shape[1], 1))\n\n# Step 6: Save preprocessed data for later use\nnp.savez('preprocessed_data.npz', X_train=X_train, X_test=X_test, y_train=y_train, y_test=y_test)\n\nprint(\"Data preprocessing completed and saved!\")\n\n\n\nplt.figure(figsize=(10,6))\nplt.plot(data['Date'], data['Value'], label='Temperature Values')\nplt.title('Temperature Values Over Time')\nplt.xlabel('Date')\nplt.ylabel('Temperature (Degrees Fahrenheit)')\nplt.grid(True)\nplt.legend()\nplt.show()\n",
  "history_output" : "Data preprocessing completed and saved!\n2024-09-27 16:24:59.699 python[35916:5752763] +[IMKClient subclass]: chose IMKClient_Legacy\n2024-09-27 16:24:59.699 python[35916:5752763] +[IMKInputSession subclass]: chose IMKInputSession_Legacy\n",
  "history_begin_time" : 1727468697878,
  "history_end_time" : 1727468701209,
  "history_notes" : null,
  "history_process" : "keghqi",
  "host_id" : "100001",
  "indicator" : "Done"
},{
  "history_id" : "c7j77lwbpdn",
  "history_input" : "import numpy as np\nimport pandas as pd\nfrom sklearn.preprocessing import MinMaxScaler\nfrom sklearn.model_selection import train_test_split\nimport joblib\nimport matplotlib.pyplot as plt\n\n# Step 1: Load the dataset\nfile_path = '/Users/vishesh/Desktop/geo_project/data.csv'\ndata = pd.read_csv(file_path, skiprows=3)\n\n# Step 2: Preprocess the data\ndata['Date'] = pd.to_datetime(data['Date'], format='%Y%m')\nvalues = data['Value'].values\n\n# Step 3: Normalize the data for LSTM\nscaler = MinMaxScaler(feature_range=(0, 1))\nscaled_data = scaler.fit_transform(values.reshape(-1, 1))\n\n# Save the scaler for inverse transformation later\njoblib.dump(scaler, 'scaler.pkl')\n\n# Step 4: Create sequences for LSTM\ndef create_sequences(data, sequence_length):\n    sequences = []\n    targets = []\n    for i in range(len(data) - sequence_length):\n        seq = data[i:i + sequence_length]\n        target = data[i + sequence_length]\n        sequences.append(seq)\n        targets.append(target)\n    return np.array(sequences), np.array(targets)\n\nsequence_length = 12  # 12 months\nX, y = create_sequences(scaled_data, sequence_length)\n\n# Step 5: Split into training and test sets\nX_train, X_test, y_train, y_test = train_test_split(X, y, test_size=0.2, shuffle=False)\n\n# Reshape the data for LSTM\nX_train = np.reshape(X_train, (X_train.shape[0], X_train.shape[1], 1))\nX_test = np.reshape(X_test, (X_test.shape[0], X_test.shape[1], 1))\n\n# Step 6: Save preprocessed data for later use\nnp.savez('preprocessed_data.npz', X_train=X_train, X_test=X_test, y_train=y_train, y_test=y_test)\n\nprint(\"Data preprocessing completed and saved!\")\n\n\n\nplt.figure(figsize=(10,6))\nplt.plot(data['Date'], data['Value'], label='Temperature Values')\nplt.title('Temperature Values Over Time')\nplt.xlabel('Date')\nplt.ylabel('Temperature (Degrees Fahrenheit)')\nplt.grid(True)\nplt.legend()\nplt.show()\n",
  "history_output" : "Data preprocessing completed and saved!\n2024-09-27 16:24:15.943 python[35875:5751596] +[IMKClient subclass]: chose IMKClient_Legacy\n2024-09-27 16:24:15.943 python[35875:5751596] +[IMKInputSession subclass]: chose IMKInputSession_Legacy\n",
  "history_begin_time" : 1727468654170,
  "history_end_time" : 1727468657744,
  "history_notes" : null,
  "history_process" : "keghqi",
  "host_id" : "100001",
  "indicator" : "Done"
},{
  "history_id" : "m8jp81rl99e",
  "history_input" : "import numpy as np\nimport pandas as pd\nfrom sklearn.preprocessing import MinMaxScaler\nfrom sklearn.model_selection import train_test_split\nimport joblib\nimport matplotlib.pyplot as plt\n\n# Step 1: Load the dataset\nfile_path = '/Users/vishesh/Desktop/geo_project/data.csv'\ndata = pd.read_csv(file_path, skiprows=3)\n\n# Step 2: Preprocess the data\ndata['Date'] = pd.to_datetime(data['Date'], format='%Y%m')\nvalues = data['Value'].values\n\n# Step 3: Normalize the data for LSTM\nscaler = MinMaxScaler(feature_range=(0, 1))\nscaled_data = scaler.fit_transform(values.reshape(-1, 1))\n\n# Save the scaler for inverse transformation later\njoblib.dump(scaler, 'scaler.pkl')\n\n# Step 4: Create sequences for LSTM\ndef create_sequences(data, sequence_length):\n    sequences = []\n    targets = []\n    for i in range(len(data) - sequence_length):\n        seq = data[i:i + sequence_length]\n        target = data[i + sequence_length]\n        sequences.append(seq)\n        targets.append(target)\n    return np.array(sequences), np.array(targets)\n\nsequence_length = 12  # 12 months\nX, y = create_sequences(scaled_data, sequence_length)\n\n# Step 5: Split into training and test sets\nX_train, X_test, y_train, y_test = train_test_split(X, y, test_size=0.2, shuffle=False)\n\n# Reshape the data for LSTM\nX_train = np.reshape(X_train, (X_train.shape[0], X_train.shape[1], 1))\nX_test = np.reshape(X_test, (X_test.shape[0], X_test.shape[1], 1))\n\n# Step 6: Save preprocessed data for later use\nnp.savez('preprocessed_data.npz', X_train=X_train, X_test=X_test, y_train=y_train, y_test=y_test)\n\nprint(\"Data preprocessing completed and saved!\")\n\n\n\nplt.figure(figsize=(10,6))\nplt.plot(data['Date'], data['Value'], label='Temperature Values')\nplt.title('Temperature Values Over Time')\nplt.xlabel('Date')\nplt.ylabel('Temperature (Degrees Fahrenheit)')\nplt.grid(True)\nplt.legend()\nplt.show()\n",
  "history_output" : "Data preprocessing completed and saved!\n2024-09-27 16:23:38.869 python[35807:5750491] +[IMKClient subclass]: chose IMKClient_Legacy\n2024-09-27 16:23:38.869 python[35807:5750491] +[IMKInputSession subclass]: chose IMKInputSession_Legacy\n",
  "history_begin_time" : 1727468616907,
  "history_end_time" : 1727468620976,
  "history_notes" : null,
  "history_process" : "keghqi",
  "host_id" : "100001",
  "indicator" : "Done"
},{
  "history_id" : "nbdomp8x4nk",
  "history_input" : "import numpy as np\nimport pandas as pd\nfrom sklearn.preprocessing import MinMaxScaler\nfrom sklearn.model_selection import train_test_split\nimport joblib\nimport matplotlib.pyplot as plt\n\n# Step 1: Load the dataset\nfile_path = '/Users/vishesh/Desktop/geo_project/data.csv'\ndata = pd.read_csv(file_path, skiprows=3)\n\n# Step 2: Preprocess the data\ndata['Date'] = pd.to_datetime(data['Date'], format='%Y%m')\nvalues = data['Value'].values\n\n# Step 3: Normalize the data for LSTM\nscaler = MinMaxScaler(feature_range=(0, 1))\nscaled_data = scaler.fit_transform(values.reshape(-1, 1))\n\n# Save the scaler for inverse transformation later\njoblib.dump(scaler, 'scaler.pkl')\n\n# Step 4: Create sequences for LSTM\ndef create_sequences(data, sequence_length):\n    sequences = []\n    targets = []\n    for i in range(len(data) - sequence_length):\n        seq = data[i:i + sequence_length]\n        target = data[i + sequence_length]\n        sequences.append(seq)\n        targets.append(target)\n    return np.array(sequences), np.array(targets)\n\nsequence_length = 12  # 12 months\nX, y = create_sequences(scaled_data, sequence_length)\n\n# Step 5: Split into training and test sets\nX_train, X_test, y_train, y_test = train_test_split(X, y, test_size=0.2, shuffle=False)\n\n# Reshape the data for LSTM\nX_train = np.reshape(X_train, (X_train.shape[0], X_train.shape[1], 1))\nX_test = np.reshape(X_test, (X_test.shape[0], X_test.shape[1], 1))\n\n# Step 6: Save preprocessed data for later use\nnp.savez('preprocessed_data.npz', X_train=X_train, X_test=X_test, y_train=y_train, y_test=y_test)\n\nprint(\"Data preprocessing completed and saved!\")\n\n\n\nplt.figure(figsize=(10,6))\nplt.plot(data['Date'], data['Value'], label='Temperature Values')\nplt.title('Temperature Values Over Time')\nplt.xlabel('Date')\nplt.ylabel('Temperature (Degrees Fahrenheit)')\nplt.grid(True)\nplt.legend()\nplt.show()\n",
  "history_output" : "Data preprocessing completed and saved!\n2024-09-27 16:21:45.800 python[35720:5748170] +[IMKClient subclass]: chose IMKClient_Legacy\n",
  "history_begin_time" : 1727468503808,
  "history_end_time" : 1727468508051,
  "history_notes" : null,
  "history_process" : "keghqi",
  "host_id" : "100001",
  "indicator" : "Done"
},{
  "history_id" : "hrnw1lmpmeg",
  "history_input" : "import numpy as np\nimport pandas as pd\nfrom sklearn.preprocessing import MinMaxScaler\nfrom sklearn.model_selection import train_test_split\nimport joblib\nimport matplotlib.pyplot as plt\n\n# Step 1: Load the dataset\nfile_path = '/Users/vishesh/Desktop/geo_project/data.csv'\ndata = pd.read_csv(file_path, skiprows=3)\n\n# Step 2: Preprocess the data\ndata['Date'] = pd.to_datetime(data['Date'], format='%Y%m')\nvalues = data['Value'].values\n\n# Step 3: Normalize the data for LSTM\nscaler = MinMaxScaler(feature_range=(0, 1))\nscaled_data = scaler.fit_transform(values.reshape(-1, 1))\n\n# Save the scaler for inverse transformation later\njoblib.dump(scaler, 'scaler.pkl')\n\n# Step 4: Create sequences for LSTM\ndef create_sequences(data, sequence_length):\n    sequences = []\n    targets = []\n    for i in range(len(data) - sequence_length):\n        seq = data[i:i + sequence_length]\n        target = data[i + sequence_length]\n        sequences.append(seq)\n        targets.append(target)\n    return np.array(sequences), np.array(targets)\n\nsequence_length = 12  # 12 months\nX, y = create_sequences(scaled_data, sequence_length)\n\n# Step 5: Split into training and test sets\nX_train, X_test, y_train, y_test = train_test_split(X, y, test_size=0.2, shuffle=False)\n\n# Reshape the data for LSTM\nX_train = np.reshape(X_train, (X_train.shape[0], X_train.shape[1], 1))\nX_test = np.reshape(X_test, (X_test.shape[0], X_test.shape[1], 1))\n\n# Step 6: Save preprocessed data for later use\nnp.savez('preprocessed_data.npz', X_train=X_train, X_test=X_test, y_train=y_train, y_test=y_test)\n\nprint(\"Data preprocessing completed and saved!\")\n\n\n\nplt.figure(figsize=(10,6))\nplt.plot(data['Date'], data['Value'], label='Temperature Values')\nplt.title('Temperature Values Over Time')\nplt.xlabel('Date')\nplt.ylabel('Temperature (Degrees Fahrenheit)')\nplt.grid(True)\nplt.legend()\nplt.show()\n",
  "history_output" : "Data preprocessing completed and saved!\n2024-09-27 16:19:30.019 python[35633:5742492] +[IMKClient subclass]: chose IMKClient_Legacy\n",
  "history_begin_time" : 1727468368271,
  "history_end_time" : 1727468371897,
  "history_notes" : null,
  "history_process" : "keghqi",
  "host_id" : "100001",
  "indicator" : "Done"
},{
  "history_id" : "rn6gf1p0svu",
  "history_input" : "import numpy as np\nimport pandas as pd\nfrom sklearn.preprocessing import MinMaxScaler\nfrom sklearn.model_selection import train_test_split\nimport joblib\nimport matplotlib.pyplot as plt\n\n# Step 1: Load the dataset\nfile_path = '/Users/vishesh/Desktop/geo_project/data.csv'\ndata = pd.read_csv(file_path, skiprows=3)\n\n# Step 2: Preprocess the data\ndata['Date'] = pd.to_datetime(data['Date'], format='%Y%m')\nvalues = data['Value'].values\n\n# Step 3: Normalize the data for LSTM\nscaler = MinMaxScaler(feature_range=(0, 1))\nscaled_data = scaler.fit_transform(values.reshape(-1, 1))\n\n# Save the scaler for inverse transformation later\njoblib.dump(scaler, 'scaler.pkl')\n\n# Step 4: Create sequences for LSTM\ndef create_sequences(data, sequence_length):\n    sequences = []\n    targets = []\n    for i in range(len(data) - sequence_length):\n        seq = data[i:i + sequence_length]\n        target = data[i + sequence_length]\n        sequences.append(seq)\n        targets.append(target)\n    return np.array(sequences), np.array(targets)\n\nsequence_length = 12  # 12 months\nX, y = create_sequences(scaled_data, sequence_length)\n\n# Step 5: Split into training and test sets\nX_train, X_test, y_train, y_test = train_test_split(X, y, test_size=0.2, shuffle=False)\n\n# Reshape the data for LSTM\nX_train = np.reshape(X_train, (X_train.shape[0], X_train.shape[1], 1))\nX_test = np.reshape(X_test, (X_test.shape[0], X_test.shape[1], 1))\n\n# Step 6: Save preprocessed data for later use\nnp.savez('preprocessed_data.npz', X_train=X_train, X_test=X_test, y_train=y_train, y_test=y_test)\n\nprint(\"Data preprocessing completed and saved!\")\n\n\n\nplt.figure(figsize=(10,6))\nplt.plot(data['Date'], data['Value'], label='Temperature Values')\nplt.title('Temperature Values Over Time')\nplt.xlabel('Date')\nplt.ylabel('Temperature (Degrees Fahrenheit)')\nplt.grid(True)\nplt.legend()\nplt.show()\n",
  "history_output" : "Data preprocessing completed and saved!\n2024-09-27 16:18:49.876 python[35599:5739903] +[IMKClient subclass]: chose IMKClient_Legacy\n",
  "history_begin_time" : 1727468328263,
  "history_end_time" : 1727468331884,
  "history_notes" : null,
  "history_process" : "keghqi",
  "host_id" : "100001",
  "indicator" : "Done"
},{
  "history_id" : "1movovpdyfk",
  "history_input" : "import numpy as np\nimport pandas as pd\nfrom sklearn.preprocessing import MinMaxScaler\nfrom sklearn.model_selection import train_test_split\nimport joblib\nimport matplotlib.pyplot as plt\n\n# Step 1: Load the dataset\nfile_path = '/Users/vishesh/Desktop/geo_project/data.csv'\ndata = pd.read_csv(file_path, skiprows=3)\n\n# Step 2: Preprocess the data\ndata['Date'] = pd.to_datetime(data['Date'], format='%Y%m')\nvalues = data['Value'].values\n\n# Step 3: Normalize the data for LSTM\nscaler = MinMaxScaler(feature_range=(0, 1))\nscaled_data = scaler.fit_transform(values.reshape(-1, 1))\n\n# Save the scaler for inverse transformation later\njoblib.dump(scaler, 'scaler.pkl')\n\n# Step 4: Create sequences for LSTM\ndef create_sequences(data, sequence_length):\n    sequences = []\n    targets = []\n    for i in range(len(data) - sequence_length):\n        seq = data[i:i + sequence_length]\n        target = data[i + sequence_length]\n        sequences.append(seq)\n        targets.append(target)\n    return np.array(sequences), np.array(targets)\n\nsequence_length = 12  # 12 months\nX, y = create_sequences(scaled_data, sequence_length)\n\n# Step 5: Split into training and test sets\nX_train, X_test, y_train, y_test = train_test_split(X, y, test_size=0.2, shuffle=False)\n\n# Reshape the data for LSTM\nX_train = np.reshape(X_train, (X_train.shape[0], X_train.shape[1], 1))\nX_test = np.reshape(X_test, (X_test.shape[0], X_test.shape[1], 1))\n\n# Step 6: Save preprocessed data for later use\nnp.savez('preprocessed_data.npz', X_train=X_train, X_test=X_test, y_train=y_train, y_test=y_test)\n\nprint(\"Data preprocessing completed and saved!\")\n\n\n\nplt.figure(figsize=(10,6))\nplt.plot(data['Date'], data['Value'], label='Temperature Values')\nplt.title('Temperature Values Over Time')\nplt.xlabel('Date')\nplt.ylabel('Temperature (Degrees Fahrenheit)')\nplt.grid(True)\nplt.legend()\nplt.show()\n",
  "history_output" : "Data preprocessing completed and saved!\n2024-09-27 16:18:07.696 python[35549:5734674] +[IMKClient subclass]: chose IMKClient_Legacy\n2024-09-27 16:18:07.696 python[35549:5734674] +[IMKInputSession subclass]: chose IMKInputSession_Legacy\n",
  "history_begin_time" : 1727468285877,
  "history_end_time" : 1727468289594,
  "history_notes" : null,
  "history_process" : "keghqi",
  "host_id" : "100001",
  "indicator" : "Done"
},{
  "history_id" : "r2pozd51lri",
  "history_input" : "import numpy as np\nimport pandas as pd\nfrom sklearn.preprocessing import MinMaxScaler\nfrom sklearn.model_selection import train_test_split\nimport joblib\nimport matplotlib.pyplot as plt\n\n# Step 1: Load the dataset\nfile_path = '/Users/vishesh/Desktop/geo_project/data.csv'\ndata = pd.read_csv(file_path, skiprows=3)\n\n# Step 2: Preprocess the data\ndata['Date'] = pd.to_datetime(data['Date'], format='%Y%m')\nvalues = data['Value'].values\n\n# Step 3: Normalize the data for LSTM\nscaler = MinMaxScaler(feature_range=(0, 1))\nscaled_data = scaler.fit_transform(values.reshape(-1, 1))\n\n# Save the scaler for inverse transformation later\njoblib.dump(scaler, 'scaler.pkl')\n\n# Step 4: Create sequences for LSTM\ndef create_sequences(data, sequence_length):\n    sequences = []\n    targets = []\n    for i in range(len(data) - sequence_length):\n        seq = data[i:i + sequence_length]\n        target = data[i + sequence_length]\n        sequences.append(seq)\n        targets.append(target)\n    return np.array(sequences), np.array(targets)\n\nsequence_length = 12  # 12 months\nX, y = create_sequences(scaled_data, sequence_length)\n\n# Step 5: Split into training and test sets\nX_train, X_test, y_train, y_test = train_test_split(X, y, test_size=0.2, shuffle=False)\n\n# Reshape the data for LSTM\nX_train = np.reshape(X_train, (X_train.shape[0], X_train.shape[1], 1))\nX_test = np.reshape(X_test, (X_test.shape[0], X_test.shape[1], 1))\n\n# Step 6: Save preprocessed data for later use\nnp.savez('preprocessed_data.npz', X_train=X_train, X_test=X_test, y_train=y_train, y_test=y_test)\n\nprint(\"Data preprocessing completed and saved!\")\n\n\n\nplt.figure(figsize=(10,6))\nplt.plot(data['Date'], data['Value'], label='Temperature Values')\nplt.title('Temperature Values Over Time')\nplt.xlabel('Date')\nplt.ylabel('Temperature (Degrees Fahrenheit)')\nplt.grid(True)\nplt.legend()\nplt.show()\n",
  "history_output" : "Data preprocessing completed and saved!\n2024-09-27 16:17:16.034 python[35490:5731395] +[IMKClient subclass]: chose IMKClient_Legacy\n2024-09-27 16:17:16.034 python[35490:5731395] +[IMKInputSession subclass]: chose IMKInputSession_Legacy\n",
  "history_begin_time" : 1727468233958,
  "history_end_time" : 1727468239211,
  "history_notes" : null,
  "history_process" : "keghqi",
  "host_id" : "100001",
  "indicator" : "Done"
},{
  "history_id" : "21ZDJ324HOSU",
  "history_input" : "import numpy as np\nimport pandas as pd\nfrom sklearn.preprocessing import MinMaxScaler\nfrom sklearn.model_selection import train_test_split\nimport joblib\nimport matplotlib.pyplot as plt\n\n# Step 1: Load the dataset\nfile_path = '/Users/vishesh/Desktop/geo_project/data.csv'\ndata = pd.read_csv(file_path, skiprows=3)\n\n# Step 2: Preprocess the data\ndata['Date'] = pd.to_datetime(data['Date'], format='%Y%m')\nvalues = data['Value'].values\n\n# Step 3: Normalize the data for LSTM\nscaler = MinMaxScaler(feature_range=(0, 1))\nscaled_data = scaler.fit_transform(values.reshape(-1, 1))\n\n# Save the scaler for inverse transformation later\njoblib.dump(scaler, 'scaler.pkl')\n\n# Step 4: Create sequences for LSTM\ndef create_sequences(data, sequence_length):\n    sequences = []\n    targets = []\n    for i in range(len(data) - sequence_length):\n        seq = data[i:i + sequence_length]\n        target = data[i + sequence_length]\n        sequences.append(seq)\n        targets.append(target)\n    return np.array(sequences), np.array(targets)\n\nsequence_length = 12  # 12 months\nX, y = create_sequences(scaled_data, sequence_length)\n\n# Step 5: Split into training and test sets\nX_train, X_test, y_train, y_test = train_test_split(X, y, test_size=0.2, shuffle=False)\n\n# Reshape the data for LSTM\nX_train = np.reshape(X_train, (X_train.shape[0], X_train.shape[1], 1))\nX_test = np.reshape(X_test, (X_test.shape[0], X_test.shape[1], 1))\n\n# Step 6: Save preprocessed data for later use\nnp.savez('preprocessed_data.npz', X_train=X_train, X_test=X_test, y_train=y_train, y_test=y_test)\n\nprint(\"Data preprocessing completed and saved!\")\n\n\n\nplt.figure(figsize=(10,6))\nplt.plot(data['Date'], data['Value'], label='Temperature Values')\nplt.title('Temperature Values Over Time')\nplt.xlabel('Date')\nplt.ylabel('Temperature (Degrees Fahrenheit)')\nplt.grid(True)\nplt.legend()\nplt.show()\n",
  "history_output" : "Data preprocessing completed and saved!\n2024-09-27 16:13:07.099 python[35293:5722098] +[IMKClient subclass]: chose IMKClient_Legacy\n2024-09-27 16:13:07.099 python[35293:5722098] +[IMKInputSession subclass]: chose IMKInputSession_Legacy\n",
  "history_begin_time" : 1727467985446,
  "history_end_time" : 1727467991731,
  "history_notes" : null,
  "history_process" : "keghqi",
  "host_id" : null,
  "indicator" : "Done"
},{
  "history_id" : "SVcbUuO74OcH",
  "history_input" : "import numpy as np\nimport pandas as pd\nfrom sklearn.preprocessing import MinMaxScaler\nfrom sklearn.model_selection import train_test_split\nimport joblib\nimport matplotlib.pyplot as plt\n\n# Step 1: Load the dataset\nfile_path = '/Users/vishesh/Desktop/geo_project/data.csv'\ndata = pd.read_csv(file_path, skiprows=3)\n\n# Step 2: Preprocess the data\ndata['Date'] = pd.to_datetime(data['Date'], format='%Y%m')\nvalues = data['Value'].values\n\n# Step 3: Normalize the data for LSTM\nscaler = MinMaxScaler(feature_range=(0, 1))\nscaled_data = scaler.fit_transform(values.reshape(-1, 1))\n\n# Save the scaler for inverse transformation later\njoblib.dump(scaler, 'scaler.pkl')\n\n# Step 4: Create sequences for LSTM\ndef create_sequences(data, sequence_length):\n    sequences = []\n    targets = []\n    for i in range(len(data) - sequence_length):\n        seq = data[i:i + sequence_length]\n        target = data[i + sequence_length]\n        sequences.append(seq)\n        targets.append(target)\n    return np.array(sequences), np.array(targets)\n\nsequence_length = 12  # 12 months\nX, y = create_sequences(scaled_data, sequence_length)\n\n# Step 5: Split into training and test sets\nX_train, X_test, y_train, y_test = train_test_split(X, y, test_size=0.2, shuffle=False)\n\n# Reshape the data for LSTM\nX_train = np.reshape(X_train, (X_train.shape[0], X_train.shape[1], 1))\nX_test = np.reshape(X_test, (X_test.shape[0], X_test.shape[1], 1))\n\n# Step 6: Save preprocessed data for later use\nnp.savez('preprocessed_data.npz', X_train=X_train, X_test=X_test, y_train=y_train, y_test=y_test)\n\nprint(\"Data preprocessing completed and saved!\")\n\n\n\nplt.figure(figsize=(10,6))\nplt.plot(data['Date'], data['Value'], label='Temperature Values')\nplt.title('Temperature Values Over Time')\nplt.xlabel('Date')\nplt.ylabel('Temperature (Degrees Fahrenheit)')\nplt.grid(True)\nplt.legend()\nplt.show()\n",
  "history_output" : "Data preprocessing completed and saved!\n2024-09-25 14:29:23.001 python[93278:4211992] +[IMKClient subclass]: chose IMKClient_Legacy\n2024-09-25 14:29:23.001 python[93278:4211992] +[IMKInputSession subclass]: chose IMKInputSession_Legacy\n",
  "history_begin_time" : 1727288961250,
  "history_end_time" : 1727288977481,
  "history_notes" : null,
  "history_process" : "keghqi",
  "host_id" : null,
  "indicator" : "Done"
},{
  "history_id" : "EwQgtjRWC473",
  "history_input" : "import numpy as np\nimport pandas as pd\nfrom sklearn.preprocessing import MinMaxScaler\nfrom sklearn.model_selection import train_test_split\nimport joblib\n\n# Step 1: Load the dataset\nfile_path = '/Users/vishesh/Desktop/geo_project/data.csv'\ndata = pd.read_csv(file_path, skiprows=3)\n\n# Step 2: Preprocess the data\ndata['Date'] = pd.to_datetime(data['Date'], format='%Y%m')\nvalues = data['Value'].values\n\n# Step 3: Normalize the data for LSTM\nscaler = MinMaxScaler(feature_range=(0, 1))\nscaled_data = scaler.fit_transform(values.reshape(-1, 1))\n\n# Save the scaler for inverse transformation later\njoblib.dump(scaler, 'scaler.pkl')\n\n# Step 4: Create sequences for LSTM\ndef create_sequences(data, sequence_length):\n    sequences = []\n    targets = []\n    for i in range(len(data) - sequence_length):\n        seq = data[i:i + sequence_length]\n        target = data[i + sequence_length]\n        sequences.append(seq)\n        targets.append(target)\n    return np.array(sequences), np.array(targets)\n\nsequence_length = 12  # 12 months\nX, y = create_sequences(scaled_data, sequence_length)\n\n# Step 5: Split into training and test sets\nX_train, X_test, y_train, y_test = train_test_split(X, y, test_size=0.2, shuffle=False)\n\n# Reshape the data for LSTM\nX_train = np.reshape(X_train, (X_train.shape[0], X_train.shape[1], 1))\nX_test = np.reshape(X_test, (X_test.shape[0], X_test.shape[1], 1))\n\n# Step 6: Save preprocessed data for later use\nnp.savez('preprocessed_data.npz', X_train=X_train, X_test=X_test, y_train=y_train, y_test=y_test)\n\nprint(\"Data preprocessing completed and saved!\")\n\n\n\nplt.figure(figsize=(10,6))\nplt.plot(data['Date'], data['Value'], label='Temperature Values')\nplt.title('Temperature Values Over Time')\nplt.xlabel('Date')\nplt.ylabel('Temperature (Degrees Fahrenheit)')\nplt.grid(True)\nplt.legend()\nplt.show()\n",
  "history_output" : "Data preprocessing completed and saved!\nTraceback (most recent call last):\n  File \"/Users/vishesh/gw-workspace/EwQgtjRWC473/load_temp.py\", line 50, in <module>\n    plt.figure(figsize=(10,6))\n    ^^^\nNameError: name 'plt' is not defined\n",
  "history_begin_time" : 1727288942343,
  "history_end_time" : 1727288944043,
  "history_notes" : null,
  "history_process" : "keghqi",
  "host_id" : null,
  "indicator" : "Failed"
},{
  "history_id" : "f7bNu3SQ6blN",
  "history_input" : "import numpy as np\nimport pandas as pd\nfrom sklearn.preprocessing import MinMaxScaler\nfrom sklearn.model_selection import train_test_split\nimport joblib\n\n# Step 1: Load the dataset\nfile_path = '/Users/vishesh/Desktop/geo_project/data.csv'\ndata = pd.read_csv(file_path, skiprows=3)\n\n# Step 2: Preprocess the data\ndata['Date'] = pd.to_datetime(data['Date'], format='%Y%m')\nvalues = data['Value'].values\n\n# Step 3: Normalize the data for LSTM\nscaler = MinMaxScaler(feature_range=(0, 1))\nscaled_data = scaler.fit_transform(values.reshape(-1, 1))\n\n# Save the scaler for inverse transformation later\njoblib.dump(scaler, 'scaler.pkl')\n\n# Step 4: Create sequences for LSTM\ndef create_sequences(data, sequence_length):\n    sequences = []\n    targets = []\n    for i in range(len(data) - sequence_length):\n        seq = data[i:i + sequence_length]\n        target = data[i + sequence_length]\n        sequences.append(seq)\n        targets.append(target)\n    return np.array(sequences), np.array(targets)\n\nsequence_length = 12  # 12 months\nX, y = create_sequences(scaled_data, sequence_length)\n\n# Step 5: Split into training and test sets\nX_train, X_test, y_train, y_test = train_test_split(X, y, test_size=0.2, shuffle=False)\n\n# Reshape the data for LSTM\nX_train = np.reshape(X_train, (X_train.shape[0], X_train.shape[1], 1))\nX_test = np.reshape(X_test, (X_test.shape[0], X_test.shape[1], 1))\n\n# Step 6: Save preprocessed data for later use\nnp.savez('preprocessed_data.npz', X_train=X_train, X_test=X_test, y_train=y_train, y_test=y_test)\n\nprint(\"Data preprocessing completed and saved!\")\n",
  "history_output" : "Data preprocessing completed and saved!\n",
  "history_begin_time" : 1727284848145,
  "history_end_time" : 1727284849947,
  "history_notes" : null,
  "history_process" : "keghqi",
  "host_id" : null,
  "indicator" : "Done"
},{
  "history_id" : "L6gDfkNJofh8",
  "history_input" : "import numpy as np\nimport pandas as pd\nfrom sklearn.preprocessing import MinMaxScaler\nfrom sklearn.model_selection import train_test_split\nimport joblib\n\n# Step 1: Load the dataset\nfile_path = '/Users/vishesh/Desktop/geo_project/data.csv'\ndata = pd.read_csv(file_path, skiprows=3)\n\n# Step 2: Preprocess the data\ndata['Date'] = pd.to_datetime(data['Date'], format='%Y%m')\nvalues = data['Value'].values\n\n# Step 3: Normalize the data for LSTM\nscaler = MinMaxScaler(feature_range=(0, 1))\nscaled_data = scaler.fit_transform(values.reshape(-1, 1))\n\n# Save the scaler for inverse transformation later\njoblib.dump(scaler, 'scaler.pkl')\n\n# Step 4: Create sequences for LSTM\ndef create_sequences(data, sequence_length):\n    sequences = []\n    targets = []\n    for i in range(len(data) - sequence_length):\n        seq = data[i:i + sequence_length]\n        target = data[i + sequence_length]\n        sequences.append(seq)\n        targets.append(target)\n    return np.array(sequences), np.array(targets)\n\nsequence_length = 12  # 12 months\nX, y = create_sequences(scaled_data, sequence_length)\n\n# Step 5: Split into training and test sets\nX_train, X_test, y_train, y_test = train_test_split(X, y, test_size=0.2, shuffle=False)\n\n# Reshape the data for LSTM\nX_train = np.reshape(X_train, (X_train.shape[0], X_train.shape[1], 1))\nX_test = np.reshape(X_test, (X_test.shape[0], X_test.shape[1], 1))\n\n# Step 6: Save preprocessed data for later use\nnp.savez('preprocessed_data.npz', X_train=X_train, X_test=X_test, y_train=y_train, y_test=y_test)\n\nprint(\"Data preprocessing completed and saved!\")\n",
  "history_output" : "Data preprocessing completed and saved!\n",
  "history_begin_time" : 1727205722501,
  "history_end_time" : 1727205723704,
  "history_notes" : null,
  "history_process" : "keghqi",
  "host_id" : null,
  "indicator" : "Done"
},{
  "history_id" : "llTMda3EhvqK",
  "history_input" : "import numpy as np\nimport pandas as pd\nfrom sklearn.preprocessing import MinMaxScaler\nfrom sklearn.model_selection import train_test_split\n\n# Step 1: Load the dataset\nfile_path = '/Users/vishesh/Desktop/geo_project/data.csv'\ndata = pd.read_csv(file_path, skiprows=3)\n\n# Step 2: Preprocess the data\n# Converting 'Date' to a datetime object if necessary (it seems like 'Date' is in 'yyyymm' format)\ndata['Date'] = pd.to_datetime(data['Date'], format='%Y%m')\n\n# Dropping the 'Date' column for modeling since LSTM focuses on sequential data\nvalues = data['Value'].values\n\n# Step 3: Normalize the data for better performance with LSTM\nscaler = MinMaxScaler(feature_range=(0, 1))\nscaled_data = scaler.fit_transform(values.reshape(-1, 1))\n\n# Step 4: Create sequences for LSTM\ndef create_sequences(data, sequence_length):\n    sequences = []\n    targets = []\n    for i in range(len(data) - sequence_length):\n        seq = data[i:i + sequence_length]\n        target = data[i + sequence_length]\n        sequences.append(seq)\n        targets.append(target)\n    return np.array(sequences), np.array(targets)\n\nsequence_length = 12  # For example, using the past 12 months to predict the next month\nX, y = create_sequences(scaled_data, sequence_length)\n\n# Step 5: Split into training and testing sets\nX_train, X_test, y_train, y_test = train_test_split(X, y, test_size=0.2, shuffle=False)\n\n# Step 6: Reshape the data for LSTM (samples, timesteps, features)\n# Since we have one feature (the temperature), we reshape the data to 3D shape\nX_train = np.reshape(X_train, (X_train.shape[0], X_train.shape[1], 1))\nX_test = np.reshape(X_test, (X_test.shape[0], X_test.shape[1], 1))\n\n# Now the data is ready to be used in an LSTM model\n",
  "history_output" : "",
  "history_begin_time" : 1727205536025,
  "history_end_time" : 1727205537580,
  "history_notes" : null,
  "history_process" : "keghqi",
  "host_id" : null,
  "indicator" : "Done"
},{
  "history_id" : "7waD3PpVKJ9I",
  "history_input" : "import pandas as pd\n\ndef load_temperature_data(file_path):\n    \"\"\"\n    Loads the temperature dataset from a CSV file.\n    \n    :param file_path: Path to the CSV file containing temperature data\n    :return: Pandas DataFrame\n    \"\"\"\n    # Try reading the file with different delimiters\n    try:\n        df = pd.read_csv(file_path, delimiter=',', on_bad_lines='skip')  # Default to comma delimiter\n    except pd.errors.ParserError:\n        df = pd.read_csv(file_path, delimiter='\\t', on_bad_lines='skip')  # Try tab delimiter\n    \n    if len(df.columns) == 2:\n        df.columns = ['Date', 'Temperature']  # Rename columns if there are two columns\n        df['Date'] = pd.to_datetime(df['Date'], format='%Y%m')  # Convert 'Date' to datetime\n        df = df[df['Temperature'] != -99]  # Filter out missing data (-99)\n        return df\n    else:\n        raise ValueError(\"The CSV file does not have the expected number of columns.\")\n\nif __name__ == \"__main__\":\n    try:\n        temperature_df = load_temperature_data('/Users/vishesh/Desktop/geo_project/data.csv')\n        if temperature_df is not None:\n            print(temperature_df.head())\n        else:\n            print(\"Failed to load the data.\")\n    except ValueError as e:\n        print(f\"Error: {e}\")\n",
  "history_output" : "Error: The CSV file does not have the expected number of columns.\n",
  "history_begin_time" : 1727204644933,
  "history_end_time" : 1727204645675,
  "history_notes" : null,
  "history_process" : "keghqi",
  "host_id" : null,
  "indicator" : "Done"
},{
  "history_id" : "VSFHWfkhQHSo",
  "history_input" : "import pandas as pd\n\ndef load_temperature_data(file_path):\n    \"\"\"\n    Loads the temperature dataset from a CSV file.\n    \n    :param file_path: Path to the CSV file containing temperature data\n    :return: Pandas DataFrame\n    \"\"\"\n    df = pd.read_csv(file_path, on_bad_lines='skip')\n    df.columns = ['Date', 'Temperature']  # Rename columns\n    df['Date'] = pd.to_datetime(df['Date'], format='%Y%m')  # Convert 'Date' to datetime\n    df = df[df['Temperature'] != -99]  # Filter out missing data (-99)\n    return df\n\nif __name__ == \"__main__\":\n    temperature_df = load_temperature_data('/Users/vishesh/Desktop/geo_project/data.csv')\n    if temperature_df is not None:\n        print(temperature_df.head())\n    else:\n        print(\"Failed to load the data.\")\n",
  "history_output" : "Traceback (most recent call last):\n  File \"/Users/vishesh/gw-workspace/VSFHWfkhQHSo/load_temp.py\", line 17, in <module>\n    temperature_df = load_temperature_data('/Users/vishesh/Desktop/geo_project/data.csv')\n                     ^^^^^^^^^^^^^^^^^^^^^^^^^^^^^^^^^^^^^^^^^^^^^^^^^^^^^^^^^^^^^^^^^^^^\n  File \"/Users/vishesh/gw-workspace/VSFHWfkhQHSo/load_temp.py\", line 11, in load_temperature_data\n    df.columns = ['Date', 'Temperature']  # Rename columns\n    ^^^^^^^^^^\n  File \"/opt/anaconda3/lib/python3.11/site-packages/pandas/core/generic.py\", line 6218, in __setattr__\n    return object.__setattr__(self, name, value)\n           ^^^^^^^^^^^^^^^^^^^^^^^^^^^^^^^^^^^^^\n  File \"properties.pyx\", line 69, in pandas._libs.properties.AxisProperty.__set__\n  File \"/opt/anaconda3/lib/python3.11/site-packages/pandas/core/generic.py\", line 767, in _set_axis\n    self._mgr.set_axis(axis, labels)\n  File \"/opt/anaconda3/lib/python3.11/site-packages/pandas/core/internals/managers.py\", line 227, in set_axis\n    self._validate_set_axis(axis, new_labels)\n  File \"/opt/anaconda3/lib/python3.11/site-packages/pandas/core/internals/base.py\", line 85, in _validate_set_axis\n    raise ValueError(\nValueError: Length mismatch: Expected axis has 1 elements, new values have 2 elements\n",
  "history_begin_time" : 1727204062498,
  "history_end_time" : 1727204063065,
  "history_notes" : null,
  "history_process" : "keghqi",
  "host_id" : null,
  "indicator" : "Failed"
},{
  "history_id" : "wDj9zSPjwa6M",
  "history_input" : "import pandas as pd\n\ndef load_temperature_data(file_path):\n    \"\"\"\n    Loads the temperature dataset from a CSV file.\n    \n    :param file_path: Path to the CSV file containing temperature data\n    :return: Pandas DataFrame\n    \"\"\"\n    df = pd.read_csv(file_path, error_bad_lines=False, warn_bad_lines=True)\n    df.columns = ['Date', 'Temperature']  # Rename columns\n    df['Date'] = pd.to_datetime(df['Date'], format='%Y%m')  # Convert 'Date' to datetime\n    df = df[df['Temperature'] != -99]  # Filter out missing data (-99)\n    return df\n\nif __name__ == \"__main__\":\n    temperature_df = load_temperature_data('/Users/vishesh/Desktop/geo_project/data.csv')\n    if temperature_df is not None:\n        print(temperature_df.head())\n    else:\n        print(\"Failed to load the data.\")\n",
  "history_output" : "Traceback (most recent call last):\n  File \"/Users/vishesh/gw-workspace/wDj9zSPjwa6M/load_temp.py\", line 17, in <module>\n    temperature_df = load_temperature_data('/Users/vishesh/Desktop/geo_project/data.csv')\n                     ^^^^^^^^^^^^^^^^^^^^^^^^^^^^^^^^^^^^^^^^^^^^^^^^^^^^^^^^^^^^^^^^^^^^\n  File \"/Users/vishesh/gw-workspace/wDj9zSPjwa6M/load_temp.py\", line 10, in load_temperature_data\n    df = pd.read_csv(file_path, error_bad_lines=False, warn_bad_lines=True)\n         ^^^^^^^^^^^^^^^^^^^^^^^^^^^^^^^^^^^^^^^^^^^^^^^^^^^^^^^^^^^^^^^^^^\nTypeError: read_csv() got an unexpected keyword argument 'error_bad_lines'\n",
  "history_begin_time" : 1727204002159,
  "history_end_time" : 1727204002641,
  "history_notes" : null,
  "history_process" : "keghqi",
  "host_id" : null,
  "indicator" : "Failed"
},{
  "history_id" : "mX5KNx0Ijqeu",
  "history_input" : "import pandas as pd\n\ndef load_temperature_data(file_path):\n    \"\"\"\n    Loads the temperature dataset from a CSV file.\n    \n    :param file_path: Path to the CSV file containing temperature data\n    :return: Pandas DataFrame\n    \"\"\"\n    try:\n        df = pd.read_csv(file_path, error_bad_lines=False, warn_bad_lines=True)  # Skip bad lines\n        df.columns = ['Date', 'Temperature']  # Rename columns for clarity\n        df['Date'] = pd.to_datetime(df['Date'], format='%Y%m')  # Convert date to datetime\n        df = df[df['Temperature'] != -99]  # Handle missing data\n        return df\n    except pd.errors.ParserError as e:\n        print(f\"ParserError: {e}\")\n        return None\n\nif __name__ == \"__main__\":\n    temperature_df = load_temperature_data('/Users/vishesh/Desktop/geo_project/data.csv')\n    if temperature_df is not None:\n        print(temperature_df.head())\n    else:\n        print(\"Failed to load the data due to a parsing error.\")\n",
  "history_output" : "Traceback (most recent call last):\n  File \"/Users/vishesh/gw-workspace/mX5KNx0Ijqeu/load_temp.py\", line 21, in <module>\n    temperature_df = load_temperature_data('/Users/vishesh/Desktop/geo_project/data.csv')\n                     ^^^^^^^^^^^^^^^^^^^^^^^^^^^^^^^^^^^^^^^^^^^^^^^^^^^^^^^^^^^^^^^^^^^^\n  File \"/Users/vishesh/gw-workspace/mX5KNx0Ijqeu/load_temp.py\", line 11, in load_temperature_data\n    df = pd.read_csv(file_path, error_bad_lines=False, warn_bad_lines=True)  # Skip bad lines\n         ^^^^^^^^^^^^^^^^^^^^^^^^^^^^^^^^^^^^^^^^^^^^^^^^^^^^^^^^^^^^^^^^^^\nTypeError: read_csv() got an unexpected keyword argument 'error_bad_lines'\n",
  "history_begin_time" : 1727203707761,
  "history_end_time" : 1727203708348,
  "history_notes" : null,
  "history_process" : "keghqi",
  "host_id" : null,
  "indicator" : "Failed"
},{
  "history_id" : "fdsi0pyCRLZj",
  "history_input" : "import pandas as pd\n\ndef load_temperature_data(file_path):\n    \"\"\"\n    Loads the temperature dataset from a CSV file.\n    \n    :param file_path: Path to the CSV file containing temperature data\n    :return: Pandas DataFrame\n    \"\"\"\n    df = pd.read_csv(file_path)\n    df.columns = ['Date', 'Temperature']  # Rename columns for clarity\n    df['Date'] = pd.to_datetime(df['Date'], format='%Y%m')  # Convert date to datetime\n    df = df[df['Temperature'] != -99]  # Handle missing data\n    return df\n\nif __name__ == \"__main__\":\n    temperature_df = load_temperature_data('/Users/vishesh/Desktop/geo_project/data.csv')\n    print(temperature_df.head())\n",
  "history_output" : "Traceback (most recent call last):\n  File \"/Users/vishesh/gw-workspace/fdsi0pyCRLZj/load_temp.py\", line 17, in <module>\n    temperature_df = load_temperature_data('/Users/vishesh/Desktop/geo_project/data.csv')\n                     ^^^^^^^^^^^^^^^^^^^^^^^^^^^^^^^^^^^^^^^^^^^^^^^^^^^^^^^^^^^^^^^^^^^^\n  File \"/Users/vishesh/gw-workspace/fdsi0pyCRLZj/load_temp.py\", line 10, in load_temperature_data\n    df = pd.read_csv(file_path)\n         ^^^^^^^^^^^^^^^^^^^^^^\n  File \"/opt/anaconda3/lib/python3.11/site-packages/pandas/io/parsers/readers.py\", line 948, in read_csv\n    return _read(filepath_or_buffer, kwds)\n           ^^^^^^^^^^^^^^^^^^^^^^^^^^^^^^^\n  File \"/opt/anaconda3/lib/python3.11/site-packages/pandas/io/parsers/readers.py\", line 617, in _read\n    return parser.read(nrows)\n           ^^^^^^^^^^^^^^^^^^\n  File \"/opt/anaconda3/lib/python3.11/site-packages/pandas/io/parsers/readers.py\", line 1748, in read\n    ) = self._engine.read(  # type: ignore[attr-defined]\n        ^^^^^^^^^^^^^^^^^^^^^^^^^^^^^^^^^^^^^^^^^^^^^^^^\n  File \"/opt/anaconda3/lib/python3.11/site-packages/pandas/io/parsers/c_parser_wrapper.py\", line 234, in read\n    chunks = self._reader.read_low_memory(nrows)\n             ^^^^^^^^^^^^^^^^^^^^^^^^^^^^^^^^^^^\n  File \"parsers.pyx\", line 843, in pandas._libs.parsers.TextReader.read_low_memory\n  File \"parsers.pyx\", line 904, in pandas._libs.parsers.TextReader._read_rows\n  File \"parsers.pyx\", line 879, in pandas._libs.parsers.TextReader._tokenize_rows\n  File \"parsers.pyx\", line 890, in pandas._libs.parsers.TextReader._check_tokenize_status\n  File \"parsers.pyx\", line 2058, in pandas._libs.parsers.raise_parser_error\npandas.errors.ParserError: Error tokenizing data. C error: Expected 1 fields in line 4, saw 2\n",
  "history_begin_time" : 1727203615618,
  "history_end_time" : 1727203616299,
  "history_notes" : null,
  "history_process" : "keghqi",
  "host_id" : null,
  "indicator" : "Failed"
},]
