[{
  "history_id" : "p3x27uornm1",
  "history_input" : "No code saved",
  "history_output" : "Skipped",
  "history_begin_time" : 1728011527889,
  "history_end_time" : 1728011527889,
  "history_notes" : null,
  "history_process" : "y30gbw",
  "host_id" : "100001",
  "indicator" : "Skipped"
},{
  "history_id" : "r2d7mmflsv4",
  "history_input" : "No code saved",
  "history_output" : "Skipped",
  "history_begin_time" : 1728011268923,
  "history_end_time" : 1728011268923,
  "history_notes" : null,
  "history_process" : "y30gbw",
  "host_id" : "100001",
  "indicator" : "Skipped"
},{
  "history_id" : "9eb6l92nevu",
  "history_input" : "No code saved",
  "history_output" : "Skipped",
  "history_begin_time" : 1727715414207,
  "history_end_time" : 1727715414207,
  "history_notes" : null,
  "history_process" : "y30gbw",
  "host_id" : "100001",
  "indicator" : "Skipped"
},]
