[{
  "history_id" : "rtfypcp5ojl",
  "history_input" : "No code saved",
  "history_output" : "Skipped",
  "history_begin_time" : 1728011527878,
  "history_end_time" : 1728011527878,
  "history_notes" : null,
  "history_process" : "9cqdos",
  "host_id" : "100001",
  "indicator" : "Skipped"
},{
  "history_id" : "2nbtmdmapbh",
  "history_input" : "No code saved",
  "history_output" : "Skipped",
  "history_begin_time" : 1728011268874,
  "history_end_time" : 1728011268874,
  "history_notes" : null,
  "history_process" : "9cqdos",
  "host_id" : "100001",
  "indicator" : "Skipped"
},{
  "history_id" : "2leumb7iq4e",
  "history_input" : "No code saved",
  "history_output" : "Skipped",
  "history_begin_time" : 1727715414196,
  "history_end_time" : 1727715414196,
  "history_notes" : null,
  "history_process" : "9cqdos",
  "host_id" : "100001",
  "indicator" : "Skipped"
},{
  "history_id" : "82giopzuc9v",
  "history_input" : "No code saved",
  "history_output" : "Skipped",
  "history_begin_time" : 1727470464357,
  "history_end_time" : 1727470464357,
  "history_notes" : null,
  "history_process" : "9cqdos",
  "host_id" : "100001",
  "indicator" : "Skipped"
},{
  "history_id" : "c2k9j4x494x",
  "history_input" : "No code saved",
  "history_output" : "Skipped",
  "history_begin_time" : 1727468697335,
  "history_end_time" : 1727468697335,
  "history_notes" : null,
  "history_process" : "9cqdos",
  "host_id" : "100001",
  "indicator" : "Skipped"
},{
  "history_id" : "coilawhdoaq",
  "history_input" : "No code saved",
  "history_output" : "Skipped",
  "history_begin_time" : 1727468653301,
  "history_end_time" : 1727468653301,
  "history_notes" : null,
  "history_process" : "9cqdos",
  "host_id" : "100001",
  "indicator" : "Skipped"
},{
  "history_id" : "amwxvgd4juo",
  "history_input" : "No code saved",
  "history_output" : "Skipped",
  "history_begin_time" : 1727468615928,
  "history_end_time" : 1727468615928,
  "history_notes" : null,
  "history_process" : "9cqdos",
  "host_id" : "100001",
  "indicator" : "Skipped"
},{
  "history_id" : "wzw5jhg7xmw",
  "history_input" : "No code saved",
  "history_output" : "Skipped",
  "history_begin_time" : 1727468502534,
  "history_end_time" : 1727468502534,
  "history_notes" : null,
  "history_process" : "9cqdos",
  "host_id" : "100001",
  "indicator" : "Skipped"
},{
  "history_id" : "d2bpqvphy2z",
  "history_input" : "No code saved",
  "history_output" : "Skipped",
  "history_begin_time" : 1727468367395,
  "history_end_time" : 1727468367395,
  "history_notes" : null,
  "history_process" : "9cqdos",
  "host_id" : "100001",
  "indicator" : "Skipped"
},{
  "history_id" : "5a3dgc5x8is",
  "history_input" : "No code saved",
  "history_output" : "Skipped",
  "history_begin_time" : 1727468327005,
  "history_end_time" : 1727468327005,
  "history_notes" : null,
  "history_process" : "9cqdos",
  "host_id" : "100001",
  "indicator" : "Skipped"
},{
  "history_id" : "6l3pcib77f5",
  "history_input" : "No code saved",
  "history_output" : "Skipped",
  "history_begin_time" : 1727468284957,
  "history_end_time" : 1727468284957,
  "history_notes" : null,
  "history_process" : "9cqdos",
  "host_id" : "100001",
  "indicator" : "Skipped"
},{
  "history_id" : "bmxg7mg9uj6",
  "history_input" : "No code saved",
  "history_output" : "Skipped",
  "history_begin_time" : 1727468233376,
  "history_end_time" : 1727468233376,
  "history_notes" : null,
  "history_process" : "9cqdos",
  "host_id" : "100001",
  "indicator" : "Skipped"
},]
