[{
  "history_id" : "7ymspoig3bz",
  "history_input" : "No code saved",
  "history_output" : "Skipped",
  "history_begin_time" : 1728011527890,
  "history_end_time" : 1728011527890,
  "history_notes" : null,
  "history_process" : "7ev3w3",
  "host_id" : "100001",
  "indicator" : "Skipped"
},{
  "history_id" : "a0u7qt64izu",
  "history_input" : "# import numpy as np\nimport pandas as pd\n# import matplotlib.pyplot as plt\n# from sklearn.metrics import mean_absolute_error, mean_squared_error, r2_score\n# import joblib\n\n# # Load predictions, actual values, and scaler\n# predictions = np.load('/Users/vishesh/gw-workspace/9I3eI9y6wb9B/predictions.npy')\n# data = np.load('/Users/vishesh/gw-workspace/L6gDfkNJofh8/preprocessed_data.npz')\n# y_test = data['y_test']\n\n# # Load the scaler for inverse transformation\n# scaler = joblib.load('/Users/vishesh/gw-workspace/f7bNu3SQ6blN/scaler.pkl')\n\n# # Step 1: Inverse scale the predictions and real values\n# predicted_values = scaler.inverse_transform(predictions)\n# real_values = scaler.inverse_transform(y_test.reshape(-1, 1))\n\n# # Step 2: Evaluation Metrics\n# mae = mean_absolute_error(real_values, predicted_values)\n# mse = mean_squared_error(real_values, predicted_values)\n# rmse = np.sqrt(mse)\n# r2 = r2_score(real_values, predicted_values)\n\n# print(f\"Mean Absolute Error (MAE): {mae}\")\n# print(f\"Mean Squared Error (MSE): {mse}\")\n# print(f\"Root Mean Squared Error (RMSE): {rmse}\")\n# print(f\"R-squared (R²): {r2}\")\n\n# # Step 3: Error Distribution Plot\n# errors = real_values - predicted_values\n# plt.figure(figsize=(10, 6))\n# plt.hist(errors, bins=50, color='skyblue', edgecolor='black')\n# plt.title('Error Distribution')\n# plt.xlabel('Error')\n# plt.ylabel('Frequency')\n# plt.grid(True)\n# plt.show()\n\n# # Step 4: Seasonal Error Analysis (if Date information is available)\n# date_series = pd.to_datetime(data['Date'], format='%Y%m')\n# seasonal_errors = pd.DataFrame({'Date': date_series, 'Error': errors.flatten()})\n# seasonal_errors['Month'] = seasonal_errors['Date'].dt.month\n\n# # Calculate average error for each month\n# monthly_error = seasonal_errors.groupby('Month')['Error'].mean()\n# plt.figure(figsize=(10, 6))\n# monthly_error.plot(kind='bar', color='coral', edgecolor='black')\n# plt.title('Average Error by Month')\n# plt.xlabel('Month')\n# plt.ylabel('Average Error')\n# plt.grid(True)\n# plt.show()\n\n# # Step 5: Backtesting\n# # Here, a rolling forecast is performed by retraining the model iteratively. This is a placeholder implementation.\n# # Replace this with your specific model training code.\n# backtest_steps = 12  # Example: 12 months\n# backtest_real = []\n# backtest_pred = []\n\n# for i in range(backtest_steps, len(real_values)):\n#     # Perform training using historical data up to the current point\n#     current_train_data = real_values[:i]\n#     # (Insert model training code here)\n#     # Predict the next step\n#     current_prediction = predicted_values[i]  # Replace with model's predicted output\n#     backtest_real.append(real_values[i])\n#     backtest_pred.append(current_prediction)\n\n# # Visualizing backtest results\n# plt.figure(figsize=(10, 6))\n# plt.plot(backtest_real, color='blue', label='Real Values')\n# plt.plot(backtest_pred, color='red', label='Backtest Predictions')\n# plt.title('Backtesting Real vs Predicted Values')\n# plt.xlabel('Time')\n# plt.ylabel('Temperature')\n# plt.legend()\n# plt.show()\n\n\nimport numpy as np\nimport matplotlib.pyplot as plt\nfrom sklearn.metrics import mean_squared_error, r2_score, mean_absolute_error\nimport joblib\n\n# Load predictions, actual values, and scaler\npredictions = np.load('/Users/vishesh/gw-workspace/9I3eI9y6wb9B/predictions.npy')\ndata = np.load('/Users/vishesh/gw-workspace/L6gDfkNJofh8/preprocessed_data.npz')\ny_test = data['y_test']\ndates = pd.to_datetime(data['dates'], format='%Y-%m-%d')  # Adjust format based on your date column\n\n# Load the scaler for inverse transformation\nscaler = joblib.load('/Users/vishesh/gw-workspace/f7bNu3SQ6blN/scaler.pkl')\n\n# Inverse scale the predictions and real values\npredicted_values = scaler.inverse_transform(predictions)\nreal_values = scaler.inverse_transform(y_test.reshape(-1, 1))\n\n# Extensive Model Evaluation\n\n# Calculate evaluation metrics\nmse = mean_squared_error(real_values, predicted_values)\nrmse = np.sqrt(mse)\nmae = mean_absolute_error(real_values, predicted_values)\nr2 = r2_score(real_values, predicted_values)\n\n# Print the evaluation metrics\nprint(f\"Mean Squared Error (MSE): {mse}\")\nprint(f\"Root Mean Squared Error (RMSE): {rmse}\")\nprint(f\"Mean Absolute Error (MAE): {mae}\")\nprint(f\"R-Squared (R²): {r2}\")\n\n# Backtesting: Plotting Real vs Predicted with Dates\nplt.figure(figsize=(14, 6))\nplt.plot(dates, real_values, label='Actual Temperature', color='blue')\nplt.plot(dates, predicted_values, label='Predicted Temperature', color='red')\nplt.title('Model Backtesting: Real vs Predicted Temperature')\nplt.xlabel('Date')\nplt.ylabel('Temperature (°F)')\nplt.legend()\nplt.grid(True)\nplt.show()\n\n# Seasonal Error Analysis\nmonths = dates.month  # Extract month information from dates\nseasonal_mae = {}\n\nfor month in range(1, 13):\n    indices = np.where(months == month)[0]\n    seasonal_mae[month] = mean_absolute_error(real_values[indices], predicted_values[indices])\n\n# Plot seasonal errors\nplt.figure(figsize=(10, 5))\nplt.bar(seasonal_mae.keys(), seasonal_mae.values(), color='skyblue')\nplt.title('Seasonal Mean Absolute Error (MAE)')\nplt.xlabel('Month')\nplt.ylabel('Mean Absolute Error')\nplt.grid(True)\nplt.show()\n\n# Save metrics to a file\nwith open('model_evaluation_metrics.txt', 'w') as f:\n    f.write(f\"Mean Squared Error (MSE): {mse}\\n\")\n    f.write(f\"Root Mean Squared Error (RMSE): {rmse}\\n\")\n    f.write(f\"Mean Absolute Error (MAE): {mae}\\n\")\n    f.write(f\"R-Squared (R²): {r2}\\n\")\n    f.write(f\"Seasonal MAE: {seasonal_mae}\\n\")\n",
  "history_output" : "Traceback (most recent call last):\n  File \"/Users/vishesh/gw-workspace/a0u7qt64izu/model_eval.py\", line 91, in <module>\n    dates = pd.to_datetime(data['dates'], format='%Y-%m-%d')  # Adjust format based on your date column\n                           ~~~~^^^^^^^^^\n  File \"/opt/anaconda3/lib/python3.11/site-packages/numpy/lib/npyio.py\", line 263, in __getitem__\n    raise KeyError(f\"{key} is not a file in the archive\")\nKeyError: 'dates is not a file in the archive'\n",
  "history_begin_time" : 1728011490560,
  "history_end_time" : 1728011491682,
  "history_notes" : null,
  "history_process" : "7ev3w3",
  "host_id" : "100001",
  "indicator" : "Failed"
},{
  "history_id" : "tapNBUvbvcti",
  "history_input" : "# import numpy as np\nimport pandas as pd\n# import matplotlib.pyplot as plt\n# from sklearn.metrics import mean_absolute_error, mean_squared_error, r2_score\n# import joblib\n\n# # Load predictions, actual values, and scaler\n# predictions = np.load('/Users/vishesh/gw-workspace/9I3eI9y6wb9B/predictions.npy')\n# data = np.load('/Users/vishesh/gw-workspace/L6gDfkNJofh8/preprocessed_data.npz')\n# y_test = data['y_test']\n\n# # Load the scaler for inverse transformation\n# scaler = joblib.load('/Users/vishesh/gw-workspace/f7bNu3SQ6blN/scaler.pkl')\n\n# # Step 1: Inverse scale the predictions and real values\n# predicted_values = scaler.inverse_transform(predictions)\n# real_values = scaler.inverse_transform(y_test.reshape(-1, 1))\n\n# # Step 2: Evaluation Metrics\n# mae = mean_absolute_error(real_values, predicted_values)\n# mse = mean_squared_error(real_values, predicted_values)\n# rmse = np.sqrt(mse)\n# r2 = r2_score(real_values, predicted_values)\n\n# print(f\"Mean Absolute Error (MAE): {mae}\")\n# print(f\"Mean Squared Error (MSE): {mse}\")\n# print(f\"Root Mean Squared Error (RMSE): {rmse}\")\n# print(f\"R-squared (R²): {r2}\")\n\n# # Step 3: Error Distribution Plot\n# errors = real_values - predicted_values\n# plt.figure(figsize=(10, 6))\n# plt.hist(errors, bins=50, color='skyblue', edgecolor='black')\n# plt.title('Error Distribution')\n# plt.xlabel('Error')\n# plt.ylabel('Frequency')\n# plt.grid(True)\n# plt.show()\n\n# # Step 4: Seasonal Error Analysis (if Date information is available)\n# date_series = pd.to_datetime(data['Date'], format='%Y%m')\n# seasonal_errors = pd.DataFrame({'Date': date_series, 'Error': errors.flatten()})\n# seasonal_errors['Month'] = seasonal_errors['Date'].dt.month\n\n# # Calculate average error for each month\n# monthly_error = seasonal_errors.groupby('Month')['Error'].mean()\n# plt.figure(figsize=(10, 6))\n# monthly_error.plot(kind='bar', color='coral', edgecolor='black')\n# plt.title('Average Error by Month')\n# plt.xlabel('Month')\n# plt.ylabel('Average Error')\n# plt.grid(True)\n# plt.show()\n\n# # Step 5: Backtesting\n# # Here, a rolling forecast is performed by retraining the model iteratively. This is a placeholder implementation.\n# # Replace this with your specific model training code.\n# backtest_steps = 12  # Example: 12 months\n# backtest_real = []\n# backtest_pred = []\n\n# for i in range(backtest_steps, len(real_values)):\n#     # Perform training using historical data up to the current point\n#     current_train_data = real_values[:i]\n#     # (Insert model training code here)\n#     # Predict the next step\n#     current_prediction = predicted_values[i]  # Replace with model's predicted output\n#     backtest_real.append(real_values[i])\n#     backtest_pred.append(current_prediction)\n\n# # Visualizing backtest results\n# plt.figure(figsize=(10, 6))\n# plt.plot(backtest_real, color='blue', label='Real Values')\n# plt.plot(backtest_pred, color='red', label='Backtest Predictions')\n# plt.title('Backtesting Real vs Predicted Values')\n# plt.xlabel('Time')\n# plt.ylabel('Temperature')\n# plt.legend()\n# plt.show()\n\n\nimport numpy as np\nimport matplotlib.pyplot as plt\nfrom sklearn.metrics import mean_squared_error, r2_score, mean_absolute_error\nimport joblib\n\n# Load predictions, actual values, and scaler\npredictions = np.load('/Users/vishesh/gw-workspace/9I3eI9y6wb9B/predictions.npy')\ndata = np.load('/Users/vishesh/gw-workspace/L6gDfkNJofh8/preprocessed_data.npz')\ny_test = data['y_test']\ndates = pd.to_datetime(data['dates'], format='%Y-%m-%d')  # Adjust format based on your date column\n\n# Load the scaler for inverse transformation\nscaler = joblib.load('/Users/vishesh/gw-workspace/f7bNu3SQ6blN/scaler.pkl')\n\n# Inverse scale the predictions and real values\npredicted_values = scaler.inverse_transform(predictions)\nreal_values = scaler.inverse_transform(y_test.reshape(-1, 1))\n\n# Extensive Model Evaluation\n\n# Calculate evaluation metrics\nmse = mean_squared_error(real_values, predicted_values)\nrmse = np.sqrt(mse)\nmae = mean_absolute_error(real_values, predicted_values)\nr2 = r2_score(real_values, predicted_values)\n\n# Print the evaluation metrics\nprint(f\"Mean Squared Error (MSE): {mse}\")\nprint(f\"Root Mean Squared Error (RMSE): {rmse}\")\nprint(f\"Mean Absolute Error (MAE): {mae}\")\nprint(f\"R-Squared (R²): {r2}\")\n\n# Backtesting: Plotting Real vs Predicted with Dates\nplt.figure(figsize=(14, 6))\nplt.plot(dates, real_values, label='Actual Temperature', color='blue')\nplt.plot(dates, predicted_values, label='Predicted Temperature', color='red')\nplt.title('Model Backtesting: Real vs Predicted Temperature')\nplt.xlabel('Date')\nplt.ylabel('Temperature (°F)')\nplt.legend()\nplt.grid(True)\nplt.show()\n\n# Seasonal Error Analysis\nmonths = dates.month  # Extract month information from dates\nseasonal_mae = {}\n\nfor month in range(1, 13):\n    indices = np.where(months == month)[0]\n    seasonal_mae[month] = mean_absolute_error(real_values[indices], predicted_values[indices])\n\n# Plot seasonal errors\nplt.figure(figsize=(10, 5))\nplt.bar(seasonal_mae.keys(), seasonal_mae.values(), color='skyblue')\nplt.title('Seasonal Mean Absolute Error (MAE)')\nplt.xlabel('Month')\nplt.ylabel('Mean Absolute Error')\nplt.grid(True)\nplt.show()\n\n# Save metrics to a file\nwith open('model_evaluation_metrics.txt', 'w') as f:\n    f.write(f\"Mean Squared Error (MSE): {mse}\\n\")\n    f.write(f\"Root Mean Squared Error (RMSE): {rmse}\\n\")\n    f.write(f\"Mean Absolute Error (MAE): {mae}\\n\")\n    f.write(f\"R-Squared (R²): {r2}\\n\")\n    f.write(f\"Seasonal MAE: {seasonal_mae}\\n\")\n",
  "history_output" : "Traceback (most recent call last):\n  File \"/Users/vishesh/gw-workspace/tapNBUvbvcti/model_eval.py\", line 91, in <module>\n    dates = pd.to_datetime(data['dates'], format='%Y-%m-%d')  # Adjust format based on your date column\n                           ~~~~^^^^^^^^^\n  File \"/opt/anaconda3/lib/python3.11/site-packages/numpy/lib/npyio.py\", line 263, in __getitem__\n    raise KeyError(f\"{key} is not a file in the archive\")\nKeyError: 'dates is not a file in the archive'\n",
  "history_begin_time" : 1727716202698,
  "history_end_time" : 1727716204054,
  "history_notes" : null,
  "history_process" : "7ev3w3",
  "host_id" : null,
  "indicator" : "Failed"
},{
  "history_id" : "czAGmvpCQMDq",
  "history_input" : "# import numpy as np\nimport pandas as pd\n# import matplotlib.pyplot as plt\n# from sklearn.metrics import mean_absolute_error, mean_squared_error, r2_score\n# import joblib\n\n# # Load predictions, actual values, and scaler\n# predictions = np.load('/Users/vishesh/gw-workspace/9I3eI9y6wb9B/predictions.npy')\n# data = np.load('/Users/vishesh/gw-workspace/L6gDfkNJofh8/preprocessed_data.npz')\n# y_test = data['y_test']\n\n# # Load the scaler for inverse transformation\n# scaler = joblib.load('/Users/vishesh/gw-workspace/f7bNu3SQ6blN/scaler.pkl')\n\n# # Step 1: Inverse scale the predictions and real values\n# predicted_values = scaler.inverse_transform(predictions)\n# real_values = scaler.inverse_transform(y_test.reshape(-1, 1))\n\n# # Step 2: Evaluation Metrics\n# mae = mean_absolute_error(real_values, predicted_values)\n# mse = mean_squared_error(real_values, predicted_values)\n# rmse = np.sqrt(mse)\n# r2 = r2_score(real_values, predicted_values)\n\n# print(f\"Mean Absolute Error (MAE): {mae}\")\n# print(f\"Mean Squared Error (MSE): {mse}\")\n# print(f\"Root Mean Squared Error (RMSE): {rmse}\")\n# print(f\"R-squared (R²): {r2}\")\n\n# # Step 3: Error Distribution Plot\n# errors = real_values - predicted_values\n# plt.figure(figsize=(10, 6))\n# plt.hist(errors, bins=50, color='skyblue', edgecolor='black')\n# plt.title('Error Distribution')\n# plt.xlabel('Error')\n# plt.ylabel('Frequency')\n# plt.grid(True)\n# plt.show()\n\n# # Step 4: Seasonal Error Analysis (if Date information is available)\n# date_series = pd.to_datetime(data['Date'], format='%Y%m')\n# seasonal_errors = pd.DataFrame({'Date': date_series, 'Error': errors.flatten()})\n# seasonal_errors['Month'] = seasonal_errors['Date'].dt.month\n\n# # Calculate average error for each month\n# monthly_error = seasonal_errors.groupby('Month')['Error'].mean()\n# plt.figure(figsize=(10, 6))\n# monthly_error.plot(kind='bar', color='coral', edgecolor='black')\n# plt.title('Average Error by Month')\n# plt.xlabel('Month')\n# plt.ylabel('Average Error')\n# plt.grid(True)\n# plt.show()\n\n# # Step 5: Backtesting\n# # Here, a rolling forecast is performed by retraining the model iteratively. This is a placeholder implementation.\n# # Replace this with your specific model training code.\n# backtest_steps = 12  # Example: 12 months\n# backtest_real = []\n# backtest_pred = []\n\n# for i in range(backtest_steps, len(real_values)):\n#     # Perform training using historical data up to the current point\n#     current_train_data = real_values[:i]\n#     # (Insert model training code here)\n#     # Predict the next step\n#     current_prediction = predicted_values[i]  # Replace with model's predicted output\n#     backtest_real.append(real_values[i])\n#     backtest_pred.append(current_prediction)\n\n# # Visualizing backtest results\n# plt.figure(figsize=(10, 6))\n# plt.plot(backtest_real, color='blue', label='Real Values')\n# plt.plot(backtest_pred, color='red', label='Backtest Predictions')\n# plt.title('Backtesting Real vs Predicted Values')\n# plt.xlabel('Time')\n# plt.ylabel('Temperature')\n# plt.legend()\n# plt.show()\n\n\nimport numpy as np\nimport matplotlib.pyplot as plt\nfrom sklearn.metrics import mean_squared_error, r2_score, mean_absolute_error\nimport joblib\n\n# Load predictions, actual values, and scaler\npredictions = np.load('/Users/vishesh/gw-workspace/9I3eI9y6wb9B/predictions.npy')\ndata = np.load('/Users/vishesh/gw-workspace/L6gDfkNJofh8/preprocessed_data.npz')\ny_test = data['y_test']\ndates = pd.to_datetime(data['dates'], format='%Y-%m-%d')  # Adjust format based on your date column\n\n# Load the scaler for inverse transformation\nscaler = joblib.load('/Users/vishesh/gw-workspace/f7bNu3SQ6blN/scaler.pkl')\n\n# Inverse scale the predictions and real values\npredicted_values = scaler.inverse_transform(predictions)\nreal_values = scaler.inverse_transform(y_test.reshape(-1, 1))\n\n# Extensive Model Evaluation\n\n# Calculate evaluation metrics\nmse = mean_squared_error(real_values, predicted_values)\nrmse = np.sqrt(mse)\nmae = mean_absolute_error(real_values, predicted_values)\nr2 = r2_score(real_values, predicted_values)\n\n# Print the evaluation metrics\nprint(f\"Mean Squared Error (MSE): {mse}\")\nprint(f\"Root Mean Squared Error (RMSE): {rmse}\")\nprint(f\"Mean Absolute Error (MAE): {mae}\")\nprint(f\"R-Squared (R²): {r2}\")\n\n# Backtesting: Plotting Real vs Predicted with Dates\nplt.figure(figsize=(14, 6))\nplt.plot(dates, real_values, label='Actual Temperature', color='blue')\nplt.plot(dates, predicted_values, label='Predicted Temperature', color='red')\nplt.title('Model Backtesting: Real vs Predicted Temperature')\nplt.xlabel('Date')\nplt.ylabel('Temperature (°F)')\nplt.legend()\nplt.grid(True)\nplt.show()\n\n# Seasonal Error Analysis\nmonths = dates.month  # Extract month information from dates\nseasonal_mae = {}\n\nfor month in range(1, 13):\n    indices = np.where(months == month)[0]\n    seasonal_mae[month] = mean_absolute_error(real_values[indices], predicted_values[indices])\n\n# Plot seasonal errors\nplt.figure(figsize=(10, 5))\nplt.bar(seasonal_mae.keys(), seasonal_mae.values(), color='skyblue')\nplt.title('Seasonal Mean Absolute Error (MAE)')\nplt.xlabel('Month')\nplt.ylabel('Mean Absolute Error')\nplt.grid(True)\nplt.show()\n\n# Save metrics to a file\nwith open('model_evaluation_metrics.txt', 'w') as f:\n    f.write(f\"Mean Squared Error (MSE): {mse}\\n\")\n    f.write(f\"Root Mean Squared Error (RMSE): {rmse}\\n\")\n    f.write(f\"Mean Absolute Error (MAE): {mae}\\n\")\n    f.write(f\"R-Squared (R²): {r2}\\n\")\n    f.write(f\"Seasonal MAE: {seasonal_mae}\\n\")\n",
  "history_output" : "Traceback (most recent call last):\n  File \"/Users/vishesh/gw-workspace/czAGmvpCQMDq/model_eval.py\", line 91, in <module>\n    dates = pd.to_datetime(data['dates'], format='%Y-%m-%d')  # Adjust format based on your date column\n                           ~~~~^^^^^^^^^\n  File \"/opt/anaconda3/lib/python3.11/site-packages/numpy/lib/npyio.py\", line 263, in __getitem__\n    raise KeyError(f\"{key} is not a file in the archive\")\nKeyError: 'dates is not a file in the archive'\n",
  "history_begin_time" : 1727715789380,
  "history_end_time" : 1727715790670,
  "history_notes" : null,
  "history_process" : "7ev3w3",
  "host_id" : null,
  "indicator" : "Failed"
},{
  "history_id" : "EJCqI5hcrBAE",
  "history_input" : "# import numpy as np\n# import pandas as pd\n# import matplotlib.pyplot as plt\n# from sklearn.metrics import mean_absolute_error, mean_squared_error, r2_score\n# import joblib\n\n# # Load predictions, actual values, and scaler\n# predictions = np.load('/Users/vishesh/gw-workspace/9I3eI9y6wb9B/predictions.npy')\n# data = np.load('/Users/vishesh/gw-workspace/L6gDfkNJofh8/preprocessed_data.npz')\n# y_test = data['y_test']\n\n# # Load the scaler for inverse transformation\n# scaler = joblib.load('/Users/vishesh/gw-workspace/f7bNu3SQ6blN/scaler.pkl')\n\n# # Step 1: Inverse scale the predictions and real values\n# predicted_values = scaler.inverse_transform(predictions)\n# real_values = scaler.inverse_transform(y_test.reshape(-1, 1))\n\n# # Step 2: Evaluation Metrics\n# mae = mean_absolute_error(real_values, predicted_values)\n# mse = mean_squared_error(real_values, predicted_values)\n# rmse = np.sqrt(mse)\n# r2 = r2_score(real_values, predicted_values)\n\n# print(f\"Mean Absolute Error (MAE): {mae}\")\n# print(f\"Mean Squared Error (MSE): {mse}\")\n# print(f\"Root Mean Squared Error (RMSE): {rmse}\")\n# print(f\"R-squared (R²): {r2}\")\n\n# # Step 3: Error Distribution Plot\n# errors = real_values - predicted_values\n# plt.figure(figsize=(10, 6))\n# plt.hist(errors, bins=50, color='skyblue', edgecolor='black')\n# plt.title('Error Distribution')\n# plt.xlabel('Error')\n# plt.ylabel('Frequency')\n# plt.grid(True)\n# plt.show()\n\n# # Step 4: Seasonal Error Analysis (if Date information is available)\n# date_series = pd.to_datetime(data['Date'], format='%Y%m')\n# seasonal_errors = pd.DataFrame({'Date': date_series, 'Error': errors.flatten()})\n# seasonal_errors['Month'] = seasonal_errors['Date'].dt.month\n\n# # Calculate average error for each month\n# monthly_error = seasonal_errors.groupby('Month')['Error'].mean()\n# plt.figure(figsize=(10, 6))\n# monthly_error.plot(kind='bar', color='coral', edgecolor='black')\n# plt.title('Average Error by Month')\n# plt.xlabel('Month')\n# plt.ylabel('Average Error')\n# plt.grid(True)\n# plt.show()\n\n# # Step 5: Backtesting\n# # Here, a rolling forecast is performed by retraining the model iteratively. This is a placeholder implementation.\n# # Replace this with your specific model training code.\n# backtest_steps = 12  # Example: 12 months\n# backtest_real = []\n# backtest_pred = []\n\n# for i in range(backtest_steps, len(real_values)):\n#     # Perform training using historical data up to the current point\n#     current_train_data = real_values[:i]\n#     # (Insert model training code here)\n#     # Predict the next step\n#     current_prediction = predicted_values[i]  # Replace with model's predicted output\n#     backtest_real.append(real_values[i])\n#     backtest_pred.append(current_prediction)\n\n# # Visualizing backtest results\n# plt.figure(figsize=(10, 6))\n# plt.plot(backtest_real, color='blue', label='Real Values')\n# plt.plot(backtest_pred, color='red', label='Backtest Predictions')\n# plt.title('Backtesting Real vs Predicted Values')\n# plt.xlabel('Time')\n# plt.ylabel('Temperature')\n# plt.legend()\n# plt.show()\n\n\nimport numpy as np\nimport matplotlib.pyplot as plt\nfrom sklearn.metrics import mean_squared_error, r2_score, mean_absolute_error\nimport joblib\n\n# Load predictions, actual values, and scaler\npredictions = np.load('/Users/vishesh/gw-workspace/9I3eI9y6wb9B/predictions.npy')\ndata = np.load('/Users/vishesh/gw-workspace/L6gDfkNJofh8/preprocessed_data.npz')\ny_test = data['y_test']\ndates = pd.to_datetime(data['dates'], format='%Y-%m-%d')  # Adjust format based on your date column\n\n# Load the scaler for inverse transformation\nscaler = joblib.load('/Users/vishesh/gw-workspace/f7bNu3SQ6blN/scaler.pkl')\n\n# Inverse scale the predictions and real values\npredicted_values = scaler.inverse_transform(predictions)\nreal_values = scaler.inverse_transform(y_test.reshape(-1, 1))\n\n# Extensive Model Evaluation\n\n# Calculate evaluation metrics\nmse = mean_squared_error(real_values, predicted_values)\nrmse = np.sqrt(mse)\nmae = mean_absolute_error(real_values, predicted_values)\nr2 = r2_score(real_values, predicted_values)\n\n# Print the evaluation metrics\nprint(f\"Mean Squared Error (MSE): {mse}\")\nprint(f\"Root Mean Squared Error (RMSE): {rmse}\")\nprint(f\"Mean Absolute Error (MAE): {mae}\")\nprint(f\"R-Squared (R²): {r2}\")\n\n# Backtesting: Plotting Real vs Predicted with Dates\nplt.figure(figsize=(14, 6))\nplt.plot(dates, real_values, label='Actual Temperature', color='blue')\nplt.plot(dates, predicted_values, label='Predicted Temperature', color='red')\nplt.title('Model Backtesting: Real vs Predicted Temperature')\nplt.xlabel('Date')\nplt.ylabel('Temperature (°F)')\nplt.legend()\nplt.grid(True)\nplt.show()\n\n# Seasonal Error Analysis\nmonths = dates.month  # Extract month information from dates\nseasonal_mae = {}\n\nfor month in range(1, 13):\n    indices = np.where(months == month)[0]\n    seasonal_mae[month] = mean_absolute_error(real_values[indices], predicted_values[indices])\n\n# Plot seasonal errors\nplt.figure(figsize=(10, 5))\nplt.bar(seasonal_mae.keys(), seasonal_mae.values(), color='skyblue')\nplt.title('Seasonal Mean Absolute Error (MAE)')\nplt.xlabel('Month')\nplt.ylabel('Mean Absolute Error')\nplt.grid(True)\nplt.show()\n\n# Save metrics to a file\nwith open('model_evaluation_metrics.txt', 'w') as f:\n    f.write(f\"Mean Squared Error (MSE): {mse}\\n\")\n    f.write(f\"Root Mean Squared Error (RMSE): {rmse}\\n\")\n    f.write(f\"Mean Absolute Error (MAE): {mae}\\n\")\n    f.write(f\"R-Squared (R²): {r2}\\n\")\n    f.write(f\"Seasonal MAE: {seasonal_mae}\\n\")\n",
  "history_output" : "Traceback (most recent call last):\n  File \"/Users/vishesh/gw-workspace/EJCqI5hcrBAE/model_eval.py\", line 91, in <module>\n    dates = pd.to_datetime(data['dates'], format='%Y-%m-%d')  # Adjust format based on your date column\n            ^^\nNameError: name 'pd' is not defined. Did you mean: 'id'?\n",
  "history_begin_time" : 1727715778237,
  "history_end_time" : 1727715779344,
  "history_notes" : null,
  "history_process" : "7ev3w3",
  "host_id" : null,
  "indicator" : "Failed"
},{
  "history_id" : "817VEZXyiDzG",
  "history_input" : "# import numpy as np\n# import pandas as pd\n# import matplotlib.pyplot as plt\n# from sklearn.metrics import mean_absolute_error, mean_squared_error, r2_score\n# import joblib\n\n# # Load predictions, actual values, and scaler\n# predictions = np.load('/Users/vishesh/gw-workspace/9I3eI9y6wb9B/predictions.npy')\n# data = np.load('/Users/vishesh/gw-workspace/L6gDfkNJofh8/preprocessed_data.npz')\n# y_test = data['y_test']\n\n# # Load the scaler for inverse transformation\n# scaler = joblib.load('/Users/vishesh/gw-workspace/f7bNu3SQ6blN/scaler.pkl')\n\n# # Step 1: Inverse scale the predictions and real values\n# predicted_values = scaler.inverse_transform(predictions)\n# real_values = scaler.inverse_transform(y_test.reshape(-1, 1))\n\n# # Step 2: Evaluation Metrics\n# mae = mean_absolute_error(real_values, predicted_values)\n# mse = mean_squared_error(real_values, predicted_values)\n# rmse = np.sqrt(mse)\n# r2 = r2_score(real_values, predicted_values)\n\n# print(f\"Mean Absolute Error (MAE): {mae}\")\n# print(f\"Mean Squared Error (MSE): {mse}\")\n# print(f\"Root Mean Squared Error (RMSE): {rmse}\")\n# print(f\"R-squared (R²): {r2}\")\n\n# # Step 3: Error Distribution Plot\n# errors = real_values - predicted_values\n# plt.figure(figsize=(10, 6))\n# plt.hist(errors, bins=50, color='skyblue', edgecolor='black')\n# plt.title('Error Distribution')\n# plt.xlabel('Error')\n# plt.ylabel('Frequency')\n# plt.grid(True)\n# plt.show()\n\n# # Step 4: Seasonal Error Analysis (if Date information is available)\n# date_series = pd.to_datetime(data['Date'], format='%Y%m')\n# seasonal_errors = pd.DataFrame({'Date': date_series, 'Error': errors.flatten()})\n# seasonal_errors['Month'] = seasonal_errors['Date'].dt.month\n\n# # Calculate average error for each month\n# monthly_error = seasonal_errors.groupby('Month')['Error'].mean()\n# plt.figure(figsize=(10, 6))\n# monthly_error.plot(kind='bar', color='coral', edgecolor='black')\n# plt.title('Average Error by Month')\n# plt.xlabel('Month')\n# plt.ylabel('Average Error')\n# plt.grid(True)\n# plt.show()\n\n# # Step 5: Backtesting\n# # Here, a rolling forecast is performed by retraining the model iteratively. This is a placeholder implementation.\n# # Replace this with your specific model training code.\n# backtest_steps = 12  # Example: 12 months\n# backtest_real = []\n# backtest_pred = []\n\n# for i in range(backtest_steps, len(real_values)):\n#     # Perform training using historical data up to the current point\n#     current_train_data = real_values[:i]\n#     # (Insert model training code here)\n#     # Predict the next step\n#     current_prediction = predicted_values[i]  # Replace with model's predicted output\n#     backtest_real.append(real_values[i])\n#     backtest_pred.append(current_prediction)\n\n# # Visualizing backtest results\n# plt.figure(figsize=(10, 6))\n# plt.plot(backtest_real, color='blue', label='Real Values')\n# plt.plot(backtest_pred, color='red', label='Backtest Predictions')\n# plt.title('Backtesting Real vs Predicted Values')\n# plt.xlabel('Time')\n# plt.ylabel('Temperature')\n# plt.legend()\n# plt.show()\n\n\nimport numpy as np\nimport matplotlib.pyplot as plt\nfrom sklearn.metrics import mean_squared_error, r2_score, mean_absolute_error\nimport joblib\n\n# Load predictions, actual values, and scaler\npredictions = np.load('/path/to/your/predictions.npy')\ndata = np.load('/path/to/your/preprocessed_data.npz')\ny_test = data['y_test']\ndates = pd.to_datetime(data['dates'], format='%Y-%m-%d')  # Adjust format based on your date column\n\n# Load the scaler for inverse transformation\nscaler = joblib.load('/path/to/your/scaler.pkl')\n\n# Inverse scale the predictions and real values\npredicted_values = scaler.inverse_transform(predictions)\nreal_values = scaler.inverse_transform(y_test.reshape(-1, 1))\n\n# Extensive Model Evaluation\n\n# Calculate evaluation metrics\nmse = mean_squared_error(real_values, predicted_values)\nrmse = np.sqrt(mse)\nmae = mean_absolute_error(real_values, predicted_values)\nr2 = r2_score(real_values, predicted_values)\n\n# Print the evaluation metrics\nprint(f\"Mean Squared Error (MSE): {mse}\")\nprint(f\"Root Mean Squared Error (RMSE): {rmse}\")\nprint(f\"Mean Absolute Error (MAE): {mae}\")\nprint(f\"R-Squared (R²): {r2}\")\n\n# Backtesting: Plotting Real vs Predicted with Dates\nplt.figure(figsize=(14, 6))\nplt.plot(dates, real_values, label='Actual Temperature', color='blue')\nplt.plot(dates, predicted_values, label='Predicted Temperature', color='red')\nplt.title('Model Backtesting: Real vs Predicted Temperature')\nplt.xlabel('Date')\nplt.ylabel('Temperature (°F)')\nplt.legend()\nplt.grid(True)\nplt.show()\n\n# Seasonal Error Analysis\nmonths = dates.month  # Extract month information from dates\nseasonal_mae = {}\n\nfor month in range(1, 13):\n    indices = np.where(months == month)[0]\n    seasonal_mae[month] = mean_absolute_error(real_values[indices], predicted_values[indices])\n\n# Plot seasonal errors\nplt.figure(figsize=(10, 5))\nplt.bar(seasonal_mae.keys(), seasonal_mae.values(), color='skyblue')\nplt.title('Seasonal Mean Absolute Error (MAE)')\nplt.xlabel('Month')\nplt.ylabel('Mean Absolute Error')\nplt.grid(True)\nplt.show()\n\n# Save metrics to a file\nwith open('model_evaluation_metrics.txt', 'w') as f:\n    f.write(f\"Mean Squared Error (MSE): {mse}\\n\")\n    f.write(f\"Root Mean Squared Error (RMSE): {rmse}\\n\")\n    f.write(f\"Mean Absolute Error (MAE): {mae}\\n\")\n    f.write(f\"R-Squared (R²): {r2}\\n\")\n    f.write(f\"Seasonal MAE: {seasonal_mae}\\n\")\n",
  "history_output" : "Traceback (most recent call last):\n  File \"/Users/vishesh/gw-workspace/817VEZXyiDzG/model_eval.py\", line 88, in <module>\n    predictions = np.load('/path/to/your/predictions.npy')\n                  ^^^^^^^^^^^^^^^^^^^^^^^^^^^^^^^^^^^^^^^^\n  File \"/opt/anaconda3/lib/python3.11/site-packages/numpy/lib/npyio.py\", line 427, in load\n    fid = stack.enter_context(open(os_fspath(file), \"rb\"))\n                              ^^^^^^^^^^^^^^^^^^^^^^^^^^^\nFileNotFoundError: [Errno 2] No such file or directory: '/path/to/your/predictions.npy'\n",
  "history_begin_time" : 1727715731327,
  "history_end_time" : 1727715732327,
  "history_notes" : null,
  "history_process" : "7ev3w3",
  "host_id" : null,
  "indicator" : "Failed"
},{
  "history_id" : "q384w540fc0",
  "history_input" : "import numpy as np\nimport pandas as pd\nimport matplotlib.pyplot as plt\nfrom sklearn.metrics import mean_absolute_error, mean_squared_error, r2_score\nimport joblib\n\n# Load predictions, actual values, and scaler\npredictions = np.load('/Users/vishesh/gw-workspace/9I3eI9y6wb9B/predictions.npy')\ndata = np.load('/Users/vishesh/gw-workspace/L6gDfkNJofh8/preprocessed_data.npz')\ny_test = data['y_test']\n\n# Load the scaler for inverse transformation\nscaler = joblib.load('/Users/vishesh/gw-workspace/f7bNu3SQ6blN/scaler.pkl')\n\n# Step 1: Inverse scale the predictions and real values\npredicted_values = scaler.inverse_transform(predictions)\nreal_values = scaler.inverse_transform(y_test.reshape(-1, 1))\n\n# Step 2: Evaluation Metrics\nmae = mean_absolute_error(real_values, predicted_values)\nmse = mean_squared_error(real_values, predicted_values)\nrmse = np.sqrt(mse)\nr2 = r2_score(real_values, predicted_values)\n\nprint(f\"Mean Absolute Error (MAE): {mae}\")\nprint(f\"Mean Squared Error (MSE): {mse}\")\nprint(f\"Root Mean Squared Error (RMSE): {rmse}\")\nprint(f\"R-squared (R²): {r2}\")\n\n# Step 3: Error Distribution Plot\nerrors = real_values - predicted_values\nplt.figure(figsize=(10, 6))\nplt.hist(errors, bins=50, color='skyblue', edgecolor='black')\nplt.title('Error Distribution')\nplt.xlabel('Error')\nplt.ylabel('Frequency')\nplt.grid(True)\nplt.show()\n\n# Step 4: Seasonal Error Analysis (if Date information is available)\ndate_series = pd.to_datetime(data['Date'], format='%Y%m')\nseasonal_errors = pd.DataFrame({'Date': date_series, 'Error': errors.flatten()})\nseasonal_errors['Month'] = seasonal_errors['Date'].dt.month\n\n# Calculate average error for each month\nmonthly_error = seasonal_errors.groupby('Month')['Error'].mean()\nplt.figure(figsize=(10, 6))\nmonthly_error.plot(kind='bar', color='coral', edgecolor='black')\nplt.title('Average Error by Month')\nplt.xlabel('Month')\nplt.ylabel('Average Error')\nplt.grid(True)\nplt.show()\n\n# Step 5: Backtesting\n# Here, a rolling forecast is performed by retraining the model iteratively. This is a placeholder implementation.\n# Replace this with your specific model training code.\nbacktest_steps = 12  # Example: 12 months\nbacktest_real = []\nbacktest_pred = []\n\nfor i in range(backtest_steps, len(real_values)):\n    # Perform training using historical data up to the current point\n    current_train_data = real_values[:i]\n    # (Insert model training code here)\n    # Predict the next step\n    current_prediction = predicted_values[i]  # Replace with model's predicted output\n    backtest_real.append(real_values[i])\n    backtest_pred.append(current_prediction)\n\n# Visualizing backtest results\nplt.figure(figsize=(10, 6))\nplt.plot(backtest_real, color='blue', label='Real Values')\nplt.plot(backtest_pred, color='red', label='Backtest Predictions')\nplt.title('Backtesting Real vs Predicted Values')\nplt.xlabel('Time')\nplt.ylabel('Temperature')\nplt.legend()\nplt.show()\n",
  "history_output" : "Mean Absolute Error (MAE): 0.26507065919969897\nMean Squared Error (MSE): 0.11343795708910351\nRoot Mean Squared Error (RMSE): 0.33680551819871285\nR-squared (R²): 0.8375067339665936\n2024-09-30 12:59:17.435 python[90245:7714037] +[IMKClient subclass]: chose IMKClient_Legacy\n2024-09-30 12:59:17.435 python[90245:7714037] +[IMKInputSession subclass]: chose IMKInputSession_Legacy\nTraceback (most recent call last):\n  File \"/Users/vishesh/gw-workspace/q384w540fc0/model_eval.py\", line 41, in <module>\n    date_series = pd.to_datetime(data['Date'], format='%Y%m')\n                                 ~~~~^^^^^^^^\n  File \"/opt/anaconda3/lib/python3.11/site-packages/numpy/lib/npyio.py\", line 263, in __getitem__\n    raise KeyError(f\"{key} is not a file in the archive\")\nKeyError: 'Date is not a file in the archive'\n",
  "history_begin_time" : 1727715555667,
  "history_end_time" : 1727715568209,
  "history_notes" : null,
  "history_process" : "7ev3w3",
  "host_id" : "100001",
  "indicator" : "Failed"
},{
  "history_id" : "9GKm6IiZNtJI",
  "history_input" : "import numpy as np\nimport pandas as pd\nimport matplotlib.pyplot as plt\nfrom sklearn.metrics import mean_absolute_error, mean_squared_error, r2_score\nimport joblib\n\n# Load predictions, actual values, and scaler\npredictions = np.load('/Users/vishesh/gw-workspace/9I3eI9y6wb9B/predictions.npy')\ndata = np.load('/Users/vishesh/gw-workspace/L6gDfkNJofh8/preprocessed_data.npz')\ny_test = data['y_test']\n\n# Load the scaler for inverse transformation\nscaler = joblib.load('/Users/vishesh/gw-workspace/f7bNu3SQ6blN/scaler.pkl')\n\n# Step 1: Inverse scale the predictions and real values\npredicted_values = scaler.inverse_transform(predictions)\nreal_values = scaler.inverse_transform(y_test.reshape(-1, 1))\n\n# Step 2: Evaluation Metrics\nmae = mean_absolute_error(real_values, predicted_values)\nmse = mean_squared_error(real_values, predicted_values)\nrmse = np.sqrt(mse)\nr2 = r2_score(real_values, predicted_values)\n\nprint(f\"Mean Absolute Error (MAE): {mae}\")\nprint(f\"Mean Squared Error (MSE): {mse}\")\nprint(f\"Root Mean Squared Error (RMSE): {rmse}\")\nprint(f\"R-squared (R²): {r2}\")\n\n# Step 3: Error Distribution Plot\nerrors = real_values - predicted_values\nplt.figure(figsize=(10, 6))\nplt.hist(errors, bins=50, color='skyblue', edgecolor='black')\nplt.title('Error Distribution')\nplt.xlabel('Error')\nplt.ylabel('Frequency')\nplt.grid(True)\nplt.show()\n\n# Step 4: Seasonal Error Analysis (if Date information is available)\ndate_series = pd.to_datetime(data['Date'], format='%Y%m')\nseasonal_errors = pd.DataFrame({'Date': date_series, 'Error': errors.flatten()})\nseasonal_errors['Month'] = seasonal_errors['Date'].dt.month\n\n# Calculate average error for each month\nmonthly_error = seasonal_errors.groupby('Month')['Error'].mean()\nplt.figure(figsize=(10, 6))\nmonthly_error.plot(kind='bar', color='coral', edgecolor='black')\nplt.title('Average Error by Month')\nplt.xlabel('Month')\nplt.ylabel('Average Error')\nplt.grid(True)\nplt.show()\n\n# Step 5: Backtesting\n# Here, a rolling forecast is performed by retraining the model iteratively. This is a placeholder implementation.\n# Replace this with your specific model training code.\nbacktest_steps = 12  # Example: 12 months\nbacktest_real = []\nbacktest_pred = []\n\nfor i in range(backtest_steps, len(real_values)):\n    # Perform training using historical data up to the current point\n    current_train_data = real_values[:i]\n    # (Insert model training code here)\n    # Predict the next step\n    current_prediction = predicted_values[i]  # Replace with model's predicted output\n    backtest_real.append(real_values[i])\n    backtest_pred.append(current_prediction)\n\n# Visualizing backtest results\nplt.figure(figsize=(10, 6))\nplt.plot(backtest_real, color='blue', label='Real Values')\nplt.plot(backtest_pred, color='red', label='Backtest Predictions')\nplt.title('Backtesting Real vs Predicted Values')\nplt.xlabel('Time')\nplt.ylabel('Temperature')\nplt.legend()\nplt.show()\n",
  "history_output" : "Mean Absolute Error (MAE): 0.26507065919969897\nMean Squared Error (MSE): 0.11343795708910351\nRoot Mean Squared Error (RMSE): 0.33680551819871285\nR-squared (R²): 0.8375067339665936\n2024-09-30 12:55:26.771 python[90035:7704204] +[IMKClient subclass]: chose IMKClient_Legacy\n2024-09-30 12:55:26.771 python[90035:7704204] +[IMKInputSession subclass]: chose IMKInputSession_Legacy\nTraceback (most recent call last):\n  File \"/Users/vishesh/gw-workspace/9GKm6IiZNtJI/model_eval.py\", line 41, in <module>\n    date_series = pd.to_datetime(data['Date'], format='%Y%m')\n                                 ~~~~^^^^^^^^\n  File \"/opt/anaconda3/lib/python3.11/site-packages/numpy/lib/npyio.py\", line 263, in __getitem__\n    raise KeyError(f\"{key} is not a file in the archive\")\nKeyError: 'Date is not a file in the archive'\n",
  "history_begin_time" : 1727715324945,
  "history_end_time" : 1727715330268,
  "history_notes" : null,
  "history_process" : "7ev3w3",
  "host_id" : null,
  "indicator" : "Failed"
},{
  "history_id" : "twxTsRToDGMo",
  "history_input" : "import numpy as np\nimport matplotlib.pyplot as plt\nfrom sklearn.metrics import mean_absolute_error, mean_squared_error, r2_score\nimport joblib\n\n# Load predictions, actual values, and scaler\npredictions = np.load('/Users/vishesh/gw-workspace/9I3eI9y6wb9B/predictions.npy')\ndata = np.load('/Users/vishesh/gw-workspace/L6gDfkNJofh8/preprocessed_data.npz')\ny_test = data['y_test']\n\n# Load the scaler for inverse transformation\nscaler = joblib.load('/Users/vishesh/gw-workspace/f7bNu3SQ6blN/scaler.pkl')\n\n# Step 1: Inverse scale the predictions and real values\npredicted_values = scaler.inverse_transform(predictions)\nreal_values = scaler.inverse_transform(y_test.reshape(-1, 1))\n\n# Step 2: Evaluation Metrics\nmae = mean_absolute_error(real_values, predicted_values)\nmse = mean_squared_error(real_values, predicted_values)\nrmse = np.sqrt(mse)\nr2 = r2_score(real_values, predicted_values)\n\nprint(f\"Mean Absolute Error (MAE): {mae}\")\nprint(f\"Mean Squared Error (MSE): {mse}\")\nprint(f\"Root Mean Squared Error (RMSE): {rmse}\")\nprint(f\"R-squared (R²): {r2}\")\n\n# Step 3: Error Distribution Plot\nerrors = real_values - predicted_values\nplt.figure(figsize=(10, 6))\nplt.hist(errors, bins=50, color='skyblue', edgecolor='black')\nplt.title('Error Distribution')\nplt.xlabel('Error')\nplt.ylabel('Frequency')\nplt.grid(True)\nplt.show()\n\n# Step 4: Seasonal Error Analysis (if Date information is available)\ndate_series = pd.to_datetime(data['Date'], format='%Y%m')\nseasonal_errors = pd.DataFrame({'Date': date_series, 'Error': errors.flatten()})\nseasonal_errors['Month'] = seasonal_errors['Date'].dt.month\n\n# Calculate average error for each month\nmonthly_error = seasonal_errors.groupby('Month')['Error'].mean()\nplt.figure(figsize=(10, 6))\nmonthly_error.plot(kind='bar', color='coral', edgecolor='black')\nplt.title('Average Error by Month')\nplt.xlabel('Month')\nplt.ylabel('Average Error')\nplt.grid(True)\nplt.show()\n\n# Step 5: Backtesting\n# Here, a rolling forecast is performed by retraining the model iteratively. This is a placeholder implementation.\n# Replace this with your specific model training code.\nbacktest_steps = 12  # Example: 12 months\nbacktest_real = []\nbacktest_pred = []\n\nfor i in range(backtest_steps, len(real_values)):\n    # Perform training using historical data up to the current point\n    current_train_data = real_values[:i]\n    # (Insert model training code here)\n    # Predict the next step\n    current_prediction = predicted_values[i]  # Replace with model's predicted output\n    backtest_real.append(real_values[i])\n    backtest_pred.append(current_prediction)\n\n# Visualizing backtest results\nplt.figure(figsize=(10, 6))\nplt.plot(backtest_real, color='blue', label='Real Values')\nplt.plot(backtest_pred, color='red', label='Backtest Predictions')\nplt.title('Backtesting Real vs Predicted Values')\nplt.xlabel('Time')\nplt.ylabel('Temperature')\nplt.legend()\nplt.show()\n",
  "history_output" : "Mean Absolute Error (MAE): 0.26507065919969897\nMean Squared Error (MSE): 0.11343795708910351\nRoot Mean Squared Error (RMSE): 0.33680551819871285\nR-squared (R²): 0.8375067339665936\n2024-09-30 12:54:44.364 python[90001:7702988] +[IMKClient subclass]: chose IMKClient_Legacy\n2024-09-30 12:54:44.364 python[90001:7702988] +[IMKInputSession subclass]: chose IMKInputSession_Legacy\nTraceback (most recent call last):\n  File \"/Users/vishesh/gw-workspace/twxTsRToDGMo/model_eval.py\", line 40, in <module>\n    date_series = pd.to_datetime(data['Date'], format='%Y%m')\n                  ^^\nNameError: name 'pd' is not defined. Did you mean: 'id'?\n",
  "history_begin_time" : 1727715282828,
  "history_end_time" : 1727715291019,
  "history_notes" : null,
  "history_process" : "7ev3w3",
  "host_id" : null,
  "indicator" : "Failed"
},{
  "history_id" : "C8oZPxFJp0wS",
  "history_input" : "import numpy as np\nimport matplotlib.pyplot as plt\nfrom sklearn.metrics import mean_absolute_error, mean_squared_error, r2_score\n\n# Load predictions, actual values, and scaler\npredictions = np.load('/Users/vishesh/gw-workspace/9I3eI9y6wb9B/predictions.npy')\ndata = np.load('/Users/vishesh/gw-workspace/L6gDfkNJofh8/preprocessed_data.npz')\ny_test = data['y_test']\n\n# Load the scaler for inverse transformation\nscaler = joblib.load('/Users/vishesh/gw-workspace/f7bNu3SQ6blN/scaler.pkl')\n\n# Step 1: Inverse scale the predictions and real values\npredicted_values = scaler.inverse_transform(predictions)\nreal_values = scaler.inverse_transform(y_test.reshape(-1, 1))\n\n# Step 2: Evaluation Metrics\nmae = mean_absolute_error(real_values, predicted_values)\nmse = mean_squared_error(real_values, predicted_values)\nrmse = np.sqrt(mse)\nr2 = r2_score(real_values, predicted_values)\n\nprint(f\"Mean Absolute Error (MAE): {mae}\")\nprint(f\"Mean Squared Error (MSE): {mse}\")\nprint(f\"Root Mean Squared Error (RMSE): {rmse}\")\nprint(f\"R-squared (R²): {r2}\")\n\n# Step 3: Error Distribution Plot\nerrors = real_values - predicted_values\nplt.figure(figsize=(10, 6))\nplt.hist(errors, bins=50, color='skyblue', edgecolor='black')\nplt.title('Error Distribution')\nplt.xlabel('Error')\nplt.ylabel('Frequency')\nplt.grid(True)\nplt.show()\n\n# Step 4: Seasonal Error Analysis (if Date information is available)\ndate_series = pd.to_datetime(data['Date'], format='%Y%m')\nseasonal_errors = pd.DataFrame({'Date': date_series, 'Error': errors.flatten()})\nseasonal_errors['Month'] = seasonal_errors['Date'].dt.month\n\n# Calculate average error for each month\nmonthly_error = seasonal_errors.groupby('Month')['Error'].mean()\nplt.figure(figsize=(10, 6))\nmonthly_error.plot(kind='bar', color='coral', edgecolor='black')\nplt.title('Average Error by Month')\nplt.xlabel('Month')\nplt.ylabel('Average Error')\nplt.grid(True)\nplt.show()\n\n# Step 5: Backtesting\n# Here, a rolling forecast is performed by retraining the model iteratively. This is a placeholder implementation.\n# Replace this with your specific model training code.\nbacktest_steps = 12  # Example: 12 months\nbacktest_real = []\nbacktest_pred = []\n\nfor i in range(backtest_steps, len(real_values)):\n    # Perform training using historical data up to the current point\n    current_train_data = real_values[:i]\n    # (Insert model training code here)\n    # Predict the next step\n    current_prediction = predicted_values[i]  # Replace with model's predicted output\n    backtest_real.append(real_values[i])\n    backtest_pred.append(current_prediction)\n\n# Visualizing backtest results\nplt.figure(figsize=(10, 6))\nplt.plot(backtest_real, color='blue', label='Real Values')\nplt.plot(backtest_pred, color='red', label='Backtest Predictions')\nplt.title('Backtesting Real vs Predicted Values')\nplt.xlabel('Time')\nplt.ylabel('Temperature')\nplt.legend()\nplt.show()\n",
  "history_output" : "Traceback (most recent call last):\n  File \"/Users/vishesh/gw-workspace/C8oZPxFJp0wS/model_eval.py\", line 11, in <module>\n    scaler = joblib.load('/Users/vishesh/gw-workspace/f7bNu3SQ6blN/scaler.pkl')\n             ^^^^^^\nNameError: name 'joblib' is not defined\n",
  "history_begin_time" : 1727715254624,
  "history_end_time" : 1727715255583,
  "history_notes" : null,
  "history_process" : "7ev3w3",
  "host_id" : null,
  "indicator" : "Failed"
},{
  "history_id" : "9B5eKFOvcqm3",
  "history_input" : "import numpy as np\nimport matplotlib.pyplot as plt\nfrom sklearn.metrics import mean_absolute_error, mean_squared_error, r2_score\n\n# Load predictions, actual values, and scaler\npredictions = np.load('/Users/vishesh/gw-workspace/9I3eI9y6wb9B/predictions.npy')\ndata = np.load('/Users/vishesh/gw-workspace/L6gDfkNJofh8/preprocessed_data.npz')\ny_test = data['y_test']\n\n# Load the scaler for inverse transformation\nscaler = joblib.load('/path/to/scaler.pkl')\n\n# Step 1: Inverse scale the predictions and real values\npredicted_values = scaler.inverse_transform(predictions)\nreal_values = scaler.inverse_transform(y_test.reshape(-1, 1))\n\n# Step 2: Evaluation Metrics\nmae = mean_absolute_error(real_values, predicted_values)\nmse = mean_squared_error(real_values, predicted_values)\nrmse = np.sqrt(mse)\nr2 = r2_score(real_values, predicted_values)\n\nprint(f\"Mean Absolute Error (MAE): {mae}\")\nprint(f\"Mean Squared Error (MSE): {mse}\")\nprint(f\"Root Mean Squared Error (RMSE): {rmse}\")\nprint(f\"R-squared (R²): {r2}\")\n\n# Step 3: Error Distribution Plot\nerrors = real_values - predicted_values\nplt.figure(figsize=(10, 6))\nplt.hist(errors, bins=50, color='skyblue', edgecolor='black')\nplt.title('Error Distribution')\nplt.xlabel('Error')\nplt.ylabel('Frequency')\nplt.grid(True)\nplt.show()\n\n# Step 4: Seasonal Error Analysis (if Date information is available)\ndate_series = pd.to_datetime(data['Date'], format='%Y%m')\nseasonal_errors = pd.DataFrame({'Date': date_series, 'Error': errors.flatten()})\nseasonal_errors['Month'] = seasonal_errors['Date'].dt.month\n\n# Calculate average error for each month\nmonthly_error = seasonal_errors.groupby('Month')['Error'].mean()\nplt.figure(figsize=(10, 6))\nmonthly_error.plot(kind='bar', color='coral', edgecolor='black')\nplt.title('Average Error by Month')\nplt.xlabel('Month')\nplt.ylabel('Average Error')\nplt.grid(True)\nplt.show()\n\n# Step 5: Backtesting\n# Here, a rolling forecast is performed by retraining the model iteratively. This is a placeholder implementation.\n# Replace this with your specific model training code.\nbacktest_steps = 12  # Example: 12 months\nbacktest_real = []\nbacktest_pred = []\n\nfor i in range(backtest_steps, len(real_values)):\n    # Perform training using historical data up to the current point\n    current_train_data = real_values[:i]\n    # (Insert model training code here)\n    # Predict the next step\n    current_prediction = predicted_values[i]  # Replace with model's predicted output\n    backtest_real.append(real_values[i])\n    backtest_pred.append(current_prediction)\n\n# Visualizing backtest results\nplt.figure(figsize=(10, 6))\nplt.plot(backtest_real, color='blue', label='Real Values')\nplt.plot(backtest_pred, color='red', label='Backtest Predictions')\nplt.title('Backtesting Real vs Predicted Values')\nplt.xlabel('Time')\nplt.ylabel('Temperature')\nplt.legend()\nplt.show()\n",
  "history_output" : "Traceback (most recent call last):\n  File \"/Users/vishesh/gw-workspace/9B5eKFOvcqm3/model_eval.py\", line 11, in <module>\n    scaler = joblib.load('/path/to/scaler.pkl')\n             ^^^^^^\nNameError: name 'joblib' is not defined\n",
  "history_begin_time" : 1727715209442,
  "history_end_time" : 1727715210564,
  "history_notes" : null,
  "history_process" : "7ev3w3",
  "host_id" : null,
  "indicator" : "Failed"
},]
