[{
  "history_id" : "buc2i5uinji",
  "history_input" : "No code saved",
  "history_output" : "Skipped",
  "history_begin_time" : 1728011527890,
  "history_end_time" : 1728011527890,
  "history_notes" : null,
  "history_process" : "tz54ub",
  "host_id" : "100001",
  "indicator" : "Skipped"
},{
  "history_id" : "rckkbzzgt2x",
  "history_input" : "No code saved",
  "history_output" : "Skipped",
  "history_begin_time" : 1728011268926,
  "history_end_time" : 1728011268926,
  "history_notes" : null,
  "history_process" : "tz54ub",
  "host_id" : "100001",
  "indicator" : "Skipped"
},{
  "history_id" : "pw702ssssia",
  "history_input" : "No code saved",
  "history_output" : "Skipped",
  "history_begin_time" : 1727715414209,
  "history_end_time" : 1727715414209,
  "history_notes" : null,
  "history_process" : "tz54ub",
  "host_id" : "100001",
  "indicator" : "Skipped"
},]
