[{
  "history_id" : "1CJ3BbM3VogJ5OIXHm",
  "history_input" : "9cqdos-aZHiR;iq85px-xJRLv;c8851t-jB1cH;s20a2d-WtLQT;xnk7n1-2pRyy;x4ch0z-sivBr;keghqi-dbz9X;fhhx69-hi0a5;rfwos9-eK2z3;vnrvoi-0acK0;0lsb3i-kbNdU;yqiqdt-MdcY5;y30gbw-1aGtt;7ev3w3-EnnFv;tz54ub-wDWUr;",
  "history_output" : "rtfypcp5ojl;1uwjalch3ji;zvotkqplwb0;pl6czxu6i5k;s5i1i3tari3;kbhohxvray0;b3lt4x3uvnz;7bxrh3y5hb1;nn3qc7n7q7t;9gbfvzcm683;2myy9ystw73;n87yw74ex0y;p3x27uornm1;7ymspoig3bz;buc2i5uinji;",
  "history_begin_time" : 1728011527877,
  "history_end_time" : 1728011554598,
  "history_notes" : null,
  "history_process" : "qvpq2cg8e2p48q5x8fz6",
  "host_id" : "100001;",
  "indicator" : "Done"
},{
  "history_id" : "WKxnWQHGmCRdcmMe9F",
  "history_input" : "9cqdos-aZHiR;iq85px-xJRLv;c8851t-jB1cH;s20a2d-WtLQT;xnk7n1-2pRyy;x4ch0z-sivBr;keghqi-dbz9X;fhhx69-hi0a5;rfwos9-eK2z3;vnrvoi-0acK0;0lsb3i-kbNdU;yqiqdt-MdcY5;y30gbw-1aGtt;7ev3w3-EnnFv;tz54ub-wDWUr;",
  "history_output" : "2nbtmdmapbh;0kp0b9oa6i8;qo8keh36vdg;mwjjd7jyfde;9sxfs5cq46k;3ybuz5w78yl;teddsmo4dp1;e5edl1e2uik;f0pqf1e7kjy;b8y8ueexjyl;3ck2urqzz42;hv2i8putwp6;r2d7mmflsv4;a0u7qt64izu;rckkbzzgt2x;",
  "history_begin_time" : 1728011268869,
  "history_end_time" : 1728011490483,
  "history_notes" : null,
  "history_process" : "qvpq2cg8e2p48q5x8fz6",
  "host_id" : "100001;",
  "indicator" : "Failed"
},{
  "history_id" : "LaRVn9rMGnKnf9pfmP",
  "history_input" : "9cqdos-aZHiR;iq85px-xJRLv;c8851t-jB1cH;s20a2d-WtLQT;xnk7n1-2pRyy;x4ch0z-sivBr;keghqi-dbz9X;fhhx69-hi0a5;rfwos9-eK2z3;vnrvoi-0acK0;0lsb3i-kbNdU;yqiqdt-MdcY5;y30gbw-1aGtt;7ev3w3-EnnFv;tz54ub-wDWUr;",
  "history_output" : "2leumb7iq4e;9nd2kiga6n4;hmjiol7bnut;7ki7e4srlgw;aifa3cqaqyo;yyk2as9w104;ejel6jtewc9;41zqhkuscyn;no7uv08n8dg;bpv7day5xpj;u8xm4dbfvp3;sv65v83nt5u;9eb6l92nevu;q384w540fc0;pw702ssssia;",
  "history_begin_time" : 1727715414194,
  "history_end_time" : 1727715555465,
  "history_notes" : null,
  "history_process" : "qvpq2cg8e2p48q5x8fz6",
  "host_id" : "100001;",
  "indicator" : "Failed"
},{
  "history_id" : "fRXxsYdrbTROHGPTTm",
  "history_input" : "9cqdos-aZHiR;iq85px-xJRLv;c8851t-jB1cH;s20a2d-WtLQT;xnk7n1-2pRyy;x4ch0z-sivBr;keghqi-dbz9X;fhhx69-hi0a5;rfwos9-eK2z3;vnrvoi-0acK0;",
  "history_output" : "82giopzuc9v;5abydctbhax;mb1mzx21lpk;331gv7h8vzz;yhusi3yr1fa;nxd0vf9p7fr;b1sns4l6h0z;5i757wrn7es;egvpxhf6zzj;a3a2dhg3i90;",
  "history_begin_time" : 1727470464355,
  "history_end_time" : 1727470492208,
  "history_notes" : null,
  "history_process" : "qvpq2cg8e2p48q5x8fz6",
  "host_id" : "100001;",
  "indicator" : "Done"
},{
  "history_id" : "5VXPThnGcsMEa9G3UI",
  "history_input" : "9cqdos-aZHiR;iq85px-xJRLv;c8851t-jB1cH;s20a2d-WtLQT;xnk7n1-2pRyy;x4ch0z-sivBr;keghqi-dbz9X;fhhx69-hi0a5;rfwos9-eK2z3;vnrvoi-0acK0;",
  "history_output" : "c2k9j4x494x;p2ikra9urxi;jxn9ejjc0ih;usiilbvg72t;ot6lro7jor1;x36cocy6xkp;9y9cuxd17p1;duylrcz9m6e;vconwd9sb5j;onlzbd3c1ey;",
  "history_begin_time" : 1727468697335,
  "history_end_time" : null,
  "history_notes" : null,
  "history_process" : "qvpq2cg8e2p48q5x8fz6",
  "host_id" : "100001;",
  "indicator" : "Failed"
},{
  "history_id" : "85w97wkt2y1wdq9tOh",
  "history_input" : "9cqdos-aZHiR;iq85px-xJRLv;c8851t-jB1cH;s20a2d-WtLQT;xnk7n1-2pRyy;x4ch0z-sivBr;keghqi-dbz9X;fhhx69-hi0a5;rfwos9-eK2z3;vnrvoi-0acK0;",
  "history_output" : "coilawhdoaq;5uxv0h3ekjw;k9q6lpaurrg;yulexoy0wlx;kyveto8k0vf;1v3rqrb8760;c7j77lwbpdn;23tppywy7sv;uxdxnten6uy;4blepflzv5h;",
  "history_begin_time" : 1727468653301,
  "history_end_time" : null,
  "history_notes" : null,
  "history_process" : "qvpq2cg8e2p48q5x8fz6",
  "host_id" : "100001;",
  "indicator" : "Failed"
},{
  "history_id" : "mgbrGWbQzfzZ4zghK7",
  "history_input" : "9cqdos-aZHiR;iq85px-xJRLv;c8851t-jB1cH;s20a2d-WtLQT;xnk7n1-2pRyy;x4ch0z-sivBr;keghqi-dbz9X;fhhx69-hi0a5;rfwos9-eK2z3;vnrvoi-0acK0;",
  "history_output" : "amwxvgd4juo;cpdkfnuc8vu;rr4wsbdhyj5;6zwuqe4l51x;zwpts2jcf7e;13z8kfv2j4c;m8jp81rl99e;ismc8zly7v5;ymp3doc2llw;76olr3www99;",
  "history_begin_time" : 1727468615927,
  "history_end_time" : null,
  "history_notes" : null,
  "history_process" : "qvpq2cg8e2p48q5x8fz6",
  "host_id" : "100001;",
  "indicator" : "Failed"
},{
  "history_id" : "v9OsOgJU1hkbvTtH3l",
  "history_input" : "9cqdos-aZHiR;iq85px-xJRLv;c8851t-jB1cH;s20a2d-WtLQT;xnk7n1-2pRyy;x4ch0z-sivBr;keghqi-dbz9X;fhhx69-hi0a5;rfwos9-eK2z3;vnrvoi-0acK0;",
  "history_output" : "wzw5jhg7xmw;7rcducrr9sh;qczz74kdruc;50knc5tpcfl;akwdexaht0m;ljqgrgnfz1u;nbdomp8x4nk;h5ngsbdc9u0;b4bjoq541mt;w4bbn3wt3s6;",
  "history_begin_time" : 1727468502533,
  "history_end_time" : null,
  "history_notes" : null,
  "history_process" : "qvpq2cg8e2p48q5x8fz6",
  "host_id" : "100001;",
  "indicator" : "Failed"
},{
  "history_id" : "L390uljvW7sGGik624",
  "history_input" : "9cqdos-aZHiR;iq85px-xJRLv;c8851t-jB1cH;s20a2d-WtLQT;xnk7n1-2pRyy;x4ch0z-sivBr;keghqi-dbz9X;fhhx69-hi0a5;rfwos9-eK2z3;vnrvoi-0acK0;",
  "history_output" : "d2bpqvphy2z;sxitsbxpcol;uzal58emtbn;4s163sg24s0;9kadxjtwpuc;amd4fb52375;hrnw1lmpmeg;lffm47ueniw;uzj6d5ar5np;s0eg04dpv2v;",
  "history_begin_time" : 1727468367393,
  "history_end_time" : null,
  "history_notes" : null,
  "history_process" : "qvpq2cg8e2p48q5x8fz6",
  "host_id" : "100001;",
  "indicator" : "Failed"
},{
  "history_id" : "t2ocdKIQt5evy5xW4L",
  "history_input" : "9cqdos-aZHiR;iq85px-xJRLv;c8851t-jB1cH;s20a2d-WtLQT;xnk7n1-2pRyy;x4ch0z-sivBr;keghqi-dbz9X;fhhx69-hi0a5;rfwos9-eK2z3;vnrvoi-0acK0;",
  "history_output" : "5a3dgc5x8is;8r8a1ikaish;wtn9u6ui4k2;kxmmx46vbfn;xnutsupbudc;8s32ng2oedu;rn6gf1p0svu;c6ebdhc54gd;6wg8d3jjq6h;k3vv45p5mqc;",
  "history_begin_time" : 1727468327004,
  "history_end_time" : null,
  "history_notes" : null,
  "history_process" : "qvpq2cg8e2p48q5x8fz6",
  "host_id" : "100001;",
  "indicator" : "Failed"
},{
  "history_id" : "TYs6RysyrmPMtol85w",
  "history_input" : "9cqdos-aZHiR;iq85px-xJRLv;c8851t-jB1cH;s20a2d-WtLQT;xnk7n1-2pRyy;x4ch0z-sivBr;keghqi-dbz9X;fhhx69-hi0a5;rfwos9-eK2z3;vnrvoi-0acK0;",
  "history_output" : "6l3pcib77f5;dnstzcq4uyn;jz8nvxwisu5;vuau7yg9x82;dfneu1r599s;4xt00ltpryt;1movovpdyfk;t2vvbjln8si;6hxboy7adbg;51ecty8pw5z;",
  "history_begin_time" : 1727468284956,
  "history_end_time" : 1727468313199,
  "history_notes" : null,
  "history_process" : "qvpq2cg8e2p48q5x8fz6",
  "host_id" : "100001;",
  "indicator" : "Done"
},{
  "history_id" : "3olBojaCn5kUdeU5qE",
  "history_input" : "9cqdos-aZHiR;iq85px-xJRLv;c8851t-jB1cH;s20a2d-WtLQT;xnk7n1-2pRyy;x4ch0z-sivBr;keghqi-dbz9X;fhhx69-hi0a5;rfwos9-eK2z3;vnrvoi-0acK0;",
  "history_output" : "bmxg7mg9uj6;ktrhblt09f0;yctrhi1969a;gy76le57n1c;0f6ijofvoej;x2q0yts3uxz;r2pozd51lri;qzqjbltkh39;5ossiyw04zz;2vlyjf0rio2;",
  "history_begin_time" : 1727468233375,
  "history_end_time" : null,
  "history_notes" : null,
  "history_process" : "qvpq2cg8e2p48q5x8fz6",
  "host_id" : "100001;",
  "indicator" : "Failed"
}]
