[{
  "history_id" : "5a3dgc5x8is",
  "history_input" : "No code saved",
  "history_output" : "Skipped",
  "history_begin_time" : 1727468327005,
  "history_end_time" : 1727468327005,
  "history_notes" : null,
  "history_process" : "9cqdos",
  "host_id" : "100001",
  "indicator" : "Skipped"
},{
  "history_id" : "8r8a1ikaish",
  "history_input" : "No code saved",
  "history_output" : "Skipped",
  "history_begin_time" : 1727468327006,
  "history_end_time" : 1727468327006,
  "history_notes" : null,
  "history_process" : "iq85px",
  "host_id" : "100001",
  "indicator" : "Skipped"
},{
  "history_id" : "wtn9u6ui4k2",
  "history_input" : "No code saved",
  "history_output" : "Skipped",
  "history_begin_time" : 1727468327007,
  "history_end_time" : 1727468327007,
  "history_notes" : null,
  "history_process" : "c8851t",
  "host_id" : "100001",
  "indicator" : "Skipped"
},{
  "history_id" : "kxmmx46vbfn",
  "history_input" : "# import pandas as pd\n# from sklearn.model_selection import train_test_split\n# from sklearn.linear_model import LinearRegression\n# from sklearn.preprocessing import PolynomialFeatures\n# from sklearn.metrics import mean_squared_error\n\n# def train_predict(file_name, degree=3):\n#     data = pd.read_csv(file_name)\n    \n#     # Use Year as input, Temp_Value and Precipitation as targets\n#     X = data[['Year']]\n#     y_temp = data['Temp_Value']\n#     y_precip = data['Precipitation']\n    \n#     # Save original X_test for use in the final output\n#     X_train_orig, X_test_orig, y_temp_train, y_temp_test, y_precip_train, y_precip_test = train_test_split(\n#         X, y_temp, y_precip, test_size=0.2, random_state=42)\n    \n#     # Polynomial Features Transformation\n#     poly = PolynomialFeatures(degree=degree)\n#     X_poly = poly.fit_transform(X)\n    \n#     # Perform the same train-test split on the transformed data\n#     X_train, X_test, y_temp_train, y_temp_test, y_precip_train, y_precip_test = train_test_split(\n#         X_poly, y_temp, y_precip, test_size=0.2, random_state=42)\n    \n#     # Train Polynomial Regression models for temperature and precipitation\n#     model_temp = LinearRegression().fit(X_train, y_temp_train)\n#     model_precip = LinearRegression().fit(X_train, y_precip_train)\n    \n#     # Make predictions\n#     temp_predictions = model_temp.predict(X_test)\n#     precip_predictions = model_precip.predict(X_test)\n    \n#     # Evaluate the models\n#     temp_mse = mean_squared_error(y_temp_test, temp_predictions)\n#     precip_mse = mean_squared_error(y_precip_test, precip_predictions)\n#     print(f\"Temperature Model MSE: {temp_mse}\")\n#     print(f\"Precipitation Model MSE: {precip_mse}\")\n    \n#     # Save predictions using the original Year from X_test_orig\n#     predictions = pd.DataFrame({'Year': X_test_orig['Year'], 'Temp_Prediction': temp_predictions, \n#                                 'Precip_Prediction': precip_predictions})\n#     predictions.to_csv('/Users/vishesh/Desktop/geo_project/predicted_climate_data.csv', index=False)\n#     print(\"Predictions saved as predicted_climate_data.csv\")\n\n# if __name__ == \"__main__\":\n#     train_predict('/Users/vishesh/Desktop/geo_project/analyzed_climate_data.csv', degree=3)\n##############################\n\n\n# import pandas as pd\n# import numpy as np\n# from sklearn.model_selection import train_test_split\n# from sklearn.preprocessing import MinMaxScaler\n# from tensorflow.keras.models import Sequential\n# from tensorflow.keras.layers import Dense, LSTM, Dropout\n# from tensorflow.keras.optimizers import Adam\n# from tensorflow.keras.callbacks import EarlyStopping\n# from sklearn.metrics import mean_squared_error\n\n# def prepare_lstm_data(X, y, time_steps=30):\n#     Xs, ys = [], []\n#     for i in range(len(X) - time_steps):\n#         Xs.append(X[i:(i + time_steps)])\n#         ys.append(y[i + time_steps])\n#     return np.array(Xs), np.array(ys)\n\n# def train_predict(file_name, time_steps=30, learning_rate=0.0001):\n#     data = pd.read_csv(file_name)\n    \n#     # Use Year as input, Temp_Value and Precipitation as targets\n#     X = data[['Year']]\n#     y_temp = data['Temp_Value'].values\n#     y_precip = data['Precipitation'].values\n    \n#     # Normalize the data using MinMaxScaler\n#     scaler = MinMaxScaler()\n#     X_scaled = scaler.fit_transform(X)\n    \n#     # Prepare data for LSTM (look back by time_steps)\n#     X_temp, y_temp = prepare_lstm_data(X_scaled, y_temp, time_steps)\n#     X_precip, y_precip = prepare_lstm_data(X_scaled, y_precip, time_steps)\n    \n#     # Split data into training and test sets\n#     X_temp_train, X_temp_test, y_temp_train, y_temp_test = train_test_split(\n#         X_temp, y_temp, test_size=0.2, random_state=42)\n    \n#     X_precip_train, X_precip_test, y_precip_train, y_precip_test = train_test_split(\n#         X_precip, y_precip, test_size=0.2, random_state=42)\n    \n#     # Define the LSTM model with more layers, dropout, and lower learning rate\n#     def build_lstm_model():\n#         model = Sequential()\n#         model.add(LSTM(100, return_sequences=True, input_shape=(time_steps, 1)))\n#         model.add(LSTM(100, return_sequences=False))\n#         model.add(Dropout(0.2))  # Adding dropout to prevent overfitting\n#         model.add(Dense(50))\n#         model.add(Dense(1))\n        \n#         # Compile model with a lower learning rate\n#         optimizer = Adam(learning_rate=learning_rate)\n#         model.compile(optimizer=optimizer, loss='mean_squared_error')\n#         return model\n    \n#     # Reshape the data for LSTM (LSTM expects 3D input: [samples, time_steps, features])\n#     X_temp_train = np.reshape(X_temp_train, (X_temp_train.shape[0], X_temp_train.shape[1], 1))\n#     X_temp_test = np.reshape(X_temp_test, (X_temp_test.shape[0], X_temp_test.shape[1], 1))\n    \n#     X_precip_train = np.reshape(X_precip_train, (X_precip_train.shape[0], X_precip_train.shape[1], 1))\n#     X_precip_test = np.reshape(X_precip_test, (X_precip_test.shape[0], X_precip_test.shape[1], 1))\n    \n#     # Early stopping to prevent overfitting\n#     early_stop = EarlyStopping(monitor='loss', patience=5, verbose=1)\n    \n#     # Train LSTM model for temperature prediction\n#     model_temp = build_lstm_model()\n#     model_temp.fit(X_temp_train, y_temp_train, batch_size=64, epochs=100, callbacks=[early_stop], verbose=1)\n    \n#     # Train LSTM model for precipitation prediction\n#     model_precip = build_lstm_model()\n#     model_precip.fit(X_precip_train, y_precip_train, batch_size=64, epochs=100, callbacks=[early_stop], verbose=1)\n    \n#     # Make predictions\n#     temp_predictions = model_temp.predict(X_temp_test)\n#     precip_predictions = model_precip.predict(X_precip_test)\n    \n#     # Evaluate the models\n#     temp_mse = mean_squared_error(y_temp_test, temp_predictions)\n#     precip_mse = mean_squared_error(y_precip_test, precip_predictions)\n#     print(f\"Temperature Model MSE: {temp_mse}\")\n#     print(f\"Precipitation Model MSE: {precip_mse}\")\n    \n#     # Save predictions using the original Year from X_temp_test\n#     predictions = pd.DataFrame({\n#         'Year': scaler.inverse_transform(X_temp_test.reshape(X_temp_test.shape[0], X_temp_test.shape[1]))[:, -1],\n#         'Temp_Prediction': temp_predictions.flatten(),\n#         'Precip_Prediction': precip_predictions.flatten()\n#     })\n    \n#     predictions.to_csv('/Users/vishesh/Desktop/geo_project/predicted_climate_data.csv', index=False)\n#     print(\"Predictions saved as predicted_climate_data.csv\")\n\n# if __name__ == \"__main__\":\n#     train_predict('/Users/vishesh/Desktop/geo_project/analyzed_climate_data.csv', time_steps=30, learning_rate=0.0001)\n\n\n\n########################\n\n# import numpy as np\n# import tensorflow as tf\n# from tensorflow.keras.models import Sequential\n# from tensorflow.keras.layers import LSTM, Dense, Dropout\n# import joblib\n\n# # Step 1: Load the preprocessed data\n# data = np.load('/Users/vishesh/gw-workspace/L6gDfkNJofh8/preprocessed_data.npz')\n# X_train, X_test, y_train, y_test = data['X_train'], data['X_test'], data['y_train'], data['y_test']\n\n# # Step 2: Build the LSTM model\n# model = Sequential()\n# model.add(LSTM(units=50, return_sequences=True, input_shape=(X_train.shape[1], 1)))\n# model.add(Dropout(0.2))\n# model.add(LSTM(units=50, return_sequences=False))\n# model.add(Dropout(0.2))\n# model.add(Dense(units=1))\n\n# # Step 3: Compile the model\n# model.compile(optimizer='adam', loss='mean_squared_error')\n\n# # Step 4: Train the model\n# history = model.fit(X_train, y_train, epochs=20, batch_size=32, validation_data=(X_test, y_test))\n\n# # Step 5: Save the model and the training history\n# model.save('lstm_model.h5')\n# np.save('training_history.npy', history.history)\n\n# # Step 6: Make predictions on the test data\n# predictions = model.predict(X_test)\n\n# # Save predictions for later use\n# np.save('predictions.npy', predictions)\n\n# print(\"Model training completed, predictions made and saved!\")\n\n\n\n\n\n#######################################\n\n\n\nimport numpy as np\nimport tensorflow as tf\nfrom tensorflow.keras.models import Sequential\nfrom tensorflow.keras.layers import LSTM, Dense, Dropout\nfrom tensorflow.keras.callbacks import EarlyStopping\nfrom tensorflow.keras.regularizers import l2\nimport joblib\n\n# Step 1: Load the preprocessed data\ndata = np.load('/Users/vishesh/gw-workspace/L6gDfkNJofh8/preprocessed_data.npz')\nX_train, X_test, y_train, y_test = data['X_train'], data['X_test'], data['y_train'], data['y_test']\n\n# Step 2: Build the LSTM model\nmodel = Sequential()\nmodel.add(LSTM(units=50, return_sequences=True, input_shape=(X_train.shape[1], 1), \n               kernel_regularizer=l2(0.001)))  # L2 regularization\nmodel.add(Dropout(0.2))  # Increased dropout rate\nmodel.add(LSTM(units=50, return_sequences=False, kernel_regularizer=l2(0.001)))\nmodel.add(Dropout(0.3))\nmodel.add(Dense(units=1))\n\n# Step 3: Compile the model with reduced learning rate\noptimizer = tf.keras.optimizers.Adam(learning_rate=0.0003)  # Reduced learning rate\nmodel.compile(optimizer=optimizer, loss='mean_squared_error')\n\n# Step 4: Train the model with early stopping\nearly_stopping = EarlyStopping(monitor='val_loss', patience=3, restore_best_weights=True)\n\nhistory = model.fit(X_train, y_train, epochs=50, batch_size=32, validation_data=(X_test, y_test), \n                    callbacks=[early_stopping])\n\n# Step 5: Save the model and the training history\nmodel.save('lstm_model.h5')\nnp.save('training_history.npy', history.history)\n\n# Step 6: Make predictions on the test data\npredictions = model.predict(X_test)\n\n# Save predictions for later use\nnp.save('predictions.npy', predictions)\n\nprint(\"Model training completed, predictions made and saved!\")\n\n",
  "history_output" : "/opt/anaconda3/lib/python3.11/site-packages/keras/src/layers/rnn/rnn.py:204: UserWarning: Do not pass an `input_shape`/`input_dim` argument to a layer. When using Sequential models, prefer using an `Input(shape)` object as the first layer in the model instead.\n  super().__init__(**kwargs)\nEpoch 1/50\n\u001B[1m 1/39\u001B[0m \u001B[37m━━━━━━━━━━━━━━━━━━━━\u001B[0m \u001B[1m31s\u001B[0m 823ms/step - loss: 0.2289\b\b\b\b\b\b\b\b\b\b\b\b\b\b\b\b\b\b\b\b\b\b\b\b\b\b\b\b\b\b\b\b\b\b\b\b\b\b\b\b\b\b\b\b\b\b\b\b\b\b\b\b\b\b\b\b\n\u001B[1m14/39\u001B[0m \u001B[32m━━━━━━━\u001B[0m\u001B[37m━━━━━━━━━━━━━\u001B[0m \u001B[1m0s\u001B[0m 4ms/step - loss: 0.2173   \b\b\b\b\b\b\b\b\b\b\b\b\b\b\b\b\b\b\b\b\b\b\b\b\b\b\b\b\b\b\b\b\b\b\b\b\b\b\b\b\b\b\b\b\b\b\b\b\b\b\b\b\b\n\u001B[1m31/39\u001B[0m \u001B[32m━━━━━━━━━━━━━━━\u001B[0m\u001B[37m━━━━━\u001B[0m \u001B[1m0s\u001B[0m 3ms/step - loss: 0.1858\b\b\b\b\b\b\b\b\b\b\b\b\b\b\b\b\b\b\b\b\b\b\b\b\b\b\b\b\b\b\b\b\b\b\b\b\b\b\b\b\b\b\b\b\b\b\b\b\b\b\b\b\b\n\u001B[1m39/39\u001B[0m \u001B[32m━━━━━━━━━━━━━━━━━━━━\u001B[0m\u001B[37m\u001B[0m \u001B[1m1s\u001B[0m 6ms/step - loss: 0.1740 - val_loss: 0.0840\nEpoch 2/50\n\u001B[1m 1/39\u001B[0m \u001B[37m━━━━━━━━━━━━━━━━━━━━\u001B[0m \u001B[1m0s\u001B[0m 9ms/step - loss: 0.0919\b\b\b\b\b\b\b\b\b\b\b\b\b\b\b\b\b\b\b\b\b\b\b\b\b\b\b\b\b\b\b\b\b\b\b\b\b\b\b\b\b\b\b\b\b\b\b\b\b\b\b\b\b\n\u001B[1m17/39\u001B[0m \u001B[32m━━━━━━━━\u001B[0m\u001B[37m━━━━━━━━━━━━\u001B[0m \u001B[1m0s\u001B[0m 3ms/step - loss: 0.0822\b\b\b\b\b\b\b\b\b\b\b\b\b\b\b\b\b\b\b\b\b\b\b\b\b\b\b\b\b\b\b\b\b\b\b\b\b\b\b\b\b\b\b\b\b\b\b\b\b\b\b\b\b\n\u001B[1m34/39\u001B[0m \u001B[32m━━━━━━━━━━━━━━━━━\u001B[0m\u001B[37m━━━\u001B[0m \u001B[1m0s\u001B[0m 3ms/step - loss: 0.0800\b\b\b\b\b\b\b\b\b\b\b\b\b\b\b\b\b\b\b\b\b\b\b\b\b\b\b\b\b\b\b\b\b\b\b\b\b\b\b\b\b\b\b\b\b\b\b\b\b\b\b\b\b\n\u001B[1m39/39\u001B[0m \u001B[32m━━━━━━━━━━━━━━━━━━━━\u001B[0m\u001B[37m\u001B[0m \u001B[1m0s\u001B[0m 3ms/step - loss: 0.0794 - val_loss: 0.0803\nEpoch 3/50\n\u001B[1m 1/39\u001B[0m \u001B[37m━━━━━━━━━━━━━━━━━━━━\u001B[0m \u001B[1m0s\u001B[0m 9ms/step - loss: 0.0775\b\b\b\b\b\b\b\b\b\b\b\b\b\b\b\b\b\b\b\b\b\b\b\b\b\b\b\b\b\b\b\b\b\b\b\b\b\b\b\b\b\b\b\b\b\b\b\b\b\b\b\b\b\n\u001B[1m17/39\u001B[0m \u001B[32m━━━━━━━━\u001B[0m\u001B[37m━━━━━━━━━━━━\u001B[0m \u001B[1m0s\u001B[0m 3ms/step - loss: 0.0709\b\b\b\b\b\b\b\b\b\b\b\b\b\b\b\b\b\b\b\b\b\b\b\b\b\b\b\b\b\b\b\b\b\b\b\b\b\b\b\b\b\b\b\b\b\b\b\b\b\b\b\b\b\n\u001B[1m33/39\u001B[0m \u001B[32m━━━━━━━━━━━━━━━━\u001B[0m\u001B[37m━━━━\u001B[0m \u001B[1m0s\u001B[0m 3ms/step - loss: 0.0690\b\b\b\b\b\b\b\b\b\b\b\b\b\b\b\b\b\b\b\b\b\b\b\b\b\b\b\b\b\b\b\b\b\b\b\b\b\b\b\b\b\b\b\b\b\b\b\b\b\b\b\b\b\n\u001B[1m39/39\u001B[0m \u001B[32m━━━━━━━━━━━━━━━━━━━━\u001B[0m\u001B[37m\u001B[0m \u001B[1m0s\u001B[0m 4ms/step - loss: 0.0684 - val_loss: 0.0732\nEpoch 4/50\n\u001B[1m 1/39\u001B[0m \u001B[37m━━━━━━━━━━━━━━━━━━━━\u001B[0m \u001B[1m0s\u001B[0m 9ms/step - loss: 0.0612\b\b\b\b\b\b\b\b\b\b\b\b\b\b\b\b\b\b\b\b\b\b\b\b\b\b\b\b\b\b\b\b\b\b\b\b\b\b\b\b\b\b\b\b\b\b\b\b\b\b\b\b\b\n\u001B[1m17/39\u001B[0m \u001B[32m━━━━━━━━\u001B[0m\u001B[37m━━━━━━━━━━━━\u001B[0m \u001B[1m0s\u001B[0m 3ms/step - loss: 0.0594\b\b\b\b\b\b\b\b\b\b\b\b\b\b\b\b\b\b\b\b\b\b\b\b\b\b\b\b\b\b\b\b\b\b\b\b\b\b\b\b\b\b\b\b\b\b\b\b\b\b\b\b\b\n\u001B[1m33/39\u001B[0m \u001B[32m━━━━━━━━━━━━━━━━\u001B[0m\u001B[37m━━━━\u001B[0m \u001B[1m0s\u001B[0m 3ms/step - loss: 0.0585\b\b\b\b\b\b\b\b\b\b\b\b\b\b\b\b\b\b\b\b\b\b\b\b\b\b\b\b\b\b\b\b\b\b\b\b\b\b\b\b\b\b\b\b\b\b\b\b\b\b\b\b\b\n\u001B[1m39/39\u001B[0m \u001B[32m━━━━━━━━━━━━━━━━━━━━\u001B[0m\u001B[37m\u001B[0m \u001B[1m0s\u001B[0m 4ms/step - loss: 0.0581 - val_loss: 0.0653\nEpoch 5/50\n\u001B[1m 1/39\u001B[0m \u001B[37m━━━━━━━━━━━━━━━━━━━━\u001B[0m \u001B[1m0s\u001B[0m 9ms/step - loss: 0.0605\b\b\b\b\b\b\b\b\b\b\b\b\b\b\b\b\b\b\b\b\b\b\b\b\b\b\b\b\b\b\b\b\b\b\b\b\b\b\b\b\b\b\b\b\b\b\b\b\b\b\b\b\b\n\u001B[1m17/39\u001B[0m \u001B[32m━━━━━━━━\u001B[0m\u001B[37m━━━━━━━━━━━━\u001B[0m \u001B[1m0s\u001B[0m 3ms/step - loss: 0.0522\b\b\b\b\b\b\b\b\b\b\b\b\b\b\b\b\b\b\b\b\b\b\b\b\b\b\b\b\b\b\b\b\b\b\b\b\b\b\b\b\b\b\b\b\b\b\b\b\b\b\b\b\b\n\u001B[1m33/39\u001B[0m \u001B[32m━━━━━━━━━━━━━━━━\u001B[0m\u001B[37m━━━━\u001B[0m \u001B[1m0s\u001B[0m 3ms/step - loss: 0.0513\b\b\b\b\b\b\b\b\b\b\b\b\b\b\b\b\b\b\b\b\b\b\b\b\b\b\b\b\b\b\b\b\b\b\b\b\b\b\b\b\b\b\b\b\b\b\b\b\b\b\b\b\b\n\u001B[1m39/39\u001B[0m \u001B[32m━━━━━━━━━━━━━━━━━━━━\u001B[0m\u001B[37m\u001B[0m \u001B[1m0s\u001B[0m 4ms/step - loss: 0.0510 - val_loss: 0.0588\nEpoch 6/50\n\u001B[1m 1/39\u001B[0m \u001B[37m━━━━━━━━━━━━━━━━━━━━\u001B[0m \u001B[1m0s\u001B[0m 9ms/step - loss: 0.0446\b\b\b\b\b\b\b\b\b\b\b\b\b\b\b\b\b\b\b\b\b\b\b\b\b\b\b\b\b\b\b\b\b\b\b\b\b\b\b\b\b\b\b\b\b\b\b\b\b\b\b\b\b\n\u001B[1m17/39\u001B[0m \u001B[32m━━━━━━━━\u001B[0m\u001B[37m━━━━━━━━━━━━\u001B[0m \u001B[1m0s\u001B[0m 3ms/step - loss: 0.0455\b\b\b\b\b\b\b\b\b\b\b\b\b\b\b\b\b\b\b\b\b\b\b\b\b\b\b\b\b\b\b\b\b\b\b\b\b\b\b\b\b\b\b\b\b\b\b\b\b\b\b\b\b\n\u001B[1m33/39\u001B[0m \u001B[32m━━━━━━━━━━━━━━━━\u001B[0m\u001B[37m━━━━\u001B[0m \u001B[1m0s\u001B[0m 3ms/step - loss: 0.0454\b\b\b\b\b\b\b\b\b\b\b\b\b\b\b\b\b\b\b\b\b\b\b\b\b\b\b\b\b\b\b\b\b\b\b\b\b\b\b\b\b\b\b\b\b\b\b\b\b\b\b\b\b\n\u001B[1m39/39\u001B[0m \u001B[32m━━━━━━━━━━━━━━━━━━━━\u001B[0m\u001B[37m\u001B[0m \u001B[1m0s\u001B[0m 4ms/step - loss: 0.0451 - val_loss: 0.0557\nEpoch 7/50\n\u001B[1m 1/39\u001B[0m \u001B[37m━━━━━━━━━━━━━━━━━━━━\u001B[0m \u001B[1m0s\u001B[0m 9ms/step - loss: 0.0486\b\b\b\b\b\b\b\b\b\b\b\b\b\b\b\b\b\b\b\b\b\b\b\b\b\b\b\b\b\b\b\b\b\b\b\b\b\b\b\b\b\b\b\b\b\b\b\b\b\b\b\b\b\n\u001B[1m17/39\u001B[0m \u001B[32m━━━━━━━━\u001B[0m\u001B[37m━━━━━━━━━━━━\u001B[0m \u001B[1m0s\u001B[0m 3ms/step - loss: 0.0414\b\b\b\b\b\b\b\b\b\b\b\b\b\b\b\b\b\b\b\b\b\b\b\b\b\b\b\b\b\b\b\b\b\b\b\b\b\b\b\b\b\b\b\b\b\b\b\b\b\b\b\b\b\n\u001B[1m32/39\u001B[0m \u001B[32m━━━━━━━━━━━━━━━━\u001B[0m\u001B[37m━━━━\u001B[0m \u001B[1m0s\u001B[0m 3ms/step - loss: 0.0404\b\b\b\b\b\b\b\b\b\b\b\b\b\b\b\b\b\b\b\b\b\b\b\b\b\b\b\b\b\b\b\b\b\b\b\b\b\b\b\b\b\b\b\b\b\b\b\b\b\b\b\b\b\n\u001B[1m39/39\u001B[0m \u001B[32m━━━━━━━━━━━━━━━━━━━━\u001B[0m\u001B[37m\u001B[0m \u001B[1m0s\u001B[0m 4ms/step - loss: 0.0401 - val_loss: 0.0463\nEpoch 8/50\n\u001B[1m 1/39\u001B[0m \u001B[37m━━━━━━━━━━━━━━━━━━━━\u001B[0m \u001B[1m0s\u001B[0m 9ms/step - loss: 0.0326\b\b\b\b\b\b\b\b\b\b\b\b\b\b\b\b\b\b\b\b\b\b\b\b\b\b\b\b\b\b\b\b\b\b\b\b\b\b\b\b\b\b\b\b\b\b\b\b\b\b\b\b\b\n\u001B[1m17/39\u001B[0m \u001B[32m━━━━━━━━\u001B[0m\u001B[37m━━━━━━━━━━━━\u001B[0m \u001B[1m0s\u001B[0m 3ms/step - loss: 0.0348\b\b\b\b\b\b\b\b\b\b\b\b\b\b\b\b\b\b\b\b\b\b\b\b\b\b\b\b\b\b\b\b\b\b\b\b\b\b\b\b\b\b\b\b\b\b\b\b\b\b\b\b\b\n\u001B[1m33/39\u001B[0m \u001B[32m━━━━━━━━━━━━━━━━\u001B[0m\u001B[37m━━━━\u001B[0m \u001B[1m0s\u001B[0m 3ms/step - loss: 0.0347\b\b\b\b\b\b\b\b\b\b\b\b\b\b\b\b\b\b\b\b\b\b\b\b\b\b\b\b\b\b\b\b\b\b\b\b\b\b\b\b\b\b\b\b\b\b\b\b\b\b\b\b\b\n\u001B[1m39/39\u001B[0m \u001B[32m━━━━━━━━━━━━━━━━━━━━\u001B[0m\u001B[37m\u001B[0m \u001B[1m0s\u001B[0m 4ms/step - loss: 0.0346 - val_loss: 0.0411\nEpoch 9/50\n\u001B[1m 1/39\u001B[0m \u001B[37m━━━━━━━━━━━━━━━━━━━━\u001B[0m \u001B[1m0s\u001B[0m 9ms/step - loss: 0.0395\b\b\b\b\b\b\b\b\b\b\b\b\b\b\b\b\b\b\b\b\b\b\b\b\b\b\b\b\b\b\b\b\b\b\b\b\b\b\b\b\b\b\b\b\b\b\b\b\b\b\b\b\b\n\u001B[1m17/39\u001B[0m \u001B[32m━━━━━━━━\u001B[0m\u001B[37m━━━━━━━━━━━━\u001B[0m \u001B[1m0s\u001B[0m 3ms/step - loss: 0.0324\b\b\b\b\b\b\b\b\b\b\b\b\b\b\b\b\b\b\b\b\b\b\b\b\b\b\b\b\b\b\b\b\b\b\b\b\b\b\b\b\b\b\b\b\b\b\b\b\b\b\b\b\b\n\u001B[1m27/39\u001B[0m \u001B[32m━━━━━━━━━━━━━\u001B[0m\u001B[37m━━━━━━━\u001B[0m \u001B[1m0s\u001B[0m 4ms/step - loss: 0.0321\b\b\b\b\b\b\b\b\b\b\b\b\b\b\b\b\b\b\b\b\b\b\b\b\b\b\b\b\b\b\b\b\b\b\b\b\b\b\b\b\b\b\b\b\b\b\b\b\b\b\b\b\b\n\u001B[1m39/39\u001B[0m \u001B[32m━━━━━━━━━━━━━━━━━━━━\u001B[0m\u001B[37m\u001B[0m \u001B[1m0s\u001B[0m 4ms/step - loss: 0.0318 - val_loss: 0.0389\nEpoch 10/50\n\u001B[1m 1/39\u001B[0m \u001B[37m━━━━━━━━━━━━━━━━━━━━\u001B[0m \u001B[1m0s\u001B[0m 10ms/step - loss: 0.0283\b\b\b\b\b\b\b\b\b\b\b\b\b\b\b\b\b\b\b\b\b\b\b\b\b\b\b\b\b\b\b\b\b\b\b\b\b\b\b\b\b\b\b\b\b\b\b\b\b\b\b\b\b\b\n\u001B[1m16/39\u001B[0m \u001B[32m━━━━━━━━\u001B[0m\u001B[37m━━━━━━━━━━━━\u001B[0m \u001B[1m0s\u001B[0m 3ms/step - loss: 0.0292 \b\b\b\b\b\b\b\b\b\b\b\b\b\b\b\b\b\b\b\b\b\b\b\b\b\b\b\b\b\b\b\b\b\b\b\b\b\b\b\b\b\b\b\b\b\b\b\b\b\b\b\b\b\n\u001B[1m32/39\u001B[0m \u001B[32m━━━━━━━━━━━━━━━━\u001B[0m\u001B[37m━━━━\u001B[0m \u001B[1m0s\u001B[0m 3ms/step - loss: 0.0291\b\b\b\b\b\b\b\b\b\b\b\b\b\b\b\b\b\b\b\b\b\b\b\b\b\b\b\b\b\b\b\b\b\b\b\b\b\b\b\b\b\b\b\b\b\b\b\b\b\b\b\b\b\n\u001B[1m39/39\u001B[0m \u001B[32m━━━━━━━━━━━━━━━━━━━━\u001B[0m\u001B[37m\u001B[0m \u001B[1m0s\u001B[0m 4ms/step - loss: 0.0290 - val_loss: 0.0359\nEpoch 11/50\n\u001B[1m 1/39\u001B[0m \u001B[37m━━━━━━━━━━━━━━━━━━━━\u001B[0m \u001B[1m0s\u001B[0m 9ms/step - loss: 0.0250\b\b\b\b\b\b\b\b\b\b\b\b\b\b\b\b\b\b\b\b\b\b\b\b\b\b\b\b\b\b\b\b\b\b\b\b\b\b\b\b\b\b\b\b\b\b\b\b\b\b\b\b\b\n\u001B[1m17/39\u001B[0m \u001B[32m━━━━━━━━\u001B[0m\u001B[37m━━━━━━━━━━━━\u001B[0m \u001B[1m0s\u001B[0m 3ms/step - loss: 0.0281\b\b\b\b\b\b\b\b\b\b\b\b\b\b\b\b\b\b\b\b\b\b\b\b\b\b\b\b\b\b\b\b\b\b\b\b\b\b\b\b\b\b\b\b\b\b\b\b\b\b\b\b\b\n\u001B[1m33/39\u001B[0m \u001B[32m━━━━━━━━━━━━━━━━\u001B[0m\u001B[37m━━━━\u001B[0m \u001B[1m0s\u001B[0m 3ms/step - loss: 0.0275\b\b\b\b\b\b\b\b\b\b\b\b\b\b\b\b\b\b\b\b\b\b\b\b\b\b\b\b\b\b\b\b\b\b\b\b\b\b\b\b\b\b\b\b\b\b\b\b\b\b\b\b\b\n\u001B[1m39/39\u001B[0m \u001B[32m━━━━━━━━━━━━━━━━━━━━\u001B[0m\u001B[37m\u001B[0m \u001B[1m0s\u001B[0m 4ms/step - loss: 0.0274 - val_loss: 0.0372\nEpoch 12/50\n\u001B[1m 1/39\u001B[0m \u001B[37m━━━━━━━━━━━━━━━━━━━━\u001B[0m \u001B[1m0s\u001B[0m 9ms/step - loss: 0.0268\b\b\b\b\b\b\b\b\b\b\b\b\b\b\b\b\b\b\b\b\b\b\b\b\b\b\b\b\b\b\b\b\b\b\b\b\b\b\b\b\b\b\b\b\b\b\b\b\b\b\b\b\b\n\u001B[1m16/39\u001B[0m \u001B[32m━━━━━━━━\u001B[0m\u001B[37m━━━━━━━━━━━━\u001B[0m \u001B[1m0s\u001B[0m 3ms/step - loss: 0.0244\b\b\b\b\b\b\b\b\b\b\b\b\b\b\b\b\b\b\b\b\b\b\b\b\b\b\b\b\b\b\b\b\b\b\b\b\b\b\b\b\b\b\b\b\b\b\b\b\b\b\b\b\b\n\u001B[1m31/39\u001B[0m \u001B[32m━━━━━━━━━━━━━━━\u001B[0m\u001B[37m━━━━━\u001B[0m \u001B[1m0s\u001B[0m 3ms/step - loss: 0.0242\b\b\b\b\b\b\b\b\b\b\b\b\b\b\b\b\b\b\b\b\b\b\b\b\b\b\b\b\b\b\b\b\b\b\b\b\b\b\b\b\b\b\b\b\b\b\b\b\b\b\b\b\b\n\u001B[1m39/39\u001B[0m \u001B[32m━━━━━━━━━━━━━━━━━━━━\u001B[0m\u001B[37m\u001B[0m \u001B[1m0s\u001B[0m 4ms/step - loss: 0.0242 - val_loss: 0.0365\nEpoch 13/50\n\u001B[1m 1/39\u001B[0m \u001B[37m━━━━━━━━━━━━━━━━━━━━\u001B[0m \u001B[1m0s\u001B[0m 9ms/step - loss: 0.0190\b\b\b\b\b\b\b\b\b\b\b\b\b\b\b\b\b\b\b\b\b\b\b\b\b\b\b\b\b\b\b\b\b\b\b\b\b\b\b\b\b\b\b\b\b\b\b\b\b\b\b\b\b\n\u001B[1m16/39\u001B[0m \u001B[32m━━━━━━━━\u001B[0m\u001B[37m━━━━━━━━━━━━\u001B[0m \u001B[1m0s\u001B[0m 3ms/step - loss: 0.0219\b\b\b\b\b\b\b\b\b\b\b\b\b\b\b\b\b\b\b\b\b\b\b\b\b\b\b\b\b\b\b\b\b\b\b\b\b\b\b\b\b\b\b\b\b\b\b\b\b\b\b\b\b\n\u001B[1m32/39\u001B[0m \u001B[32m━━━━━━━━━━━━━━━━\u001B[0m\u001B[37m━━━━\u001B[0m \u001B[1m0s\u001B[0m 3ms/step - loss: 0.0221\b\b\b\b\b\b\b\b\b\b\b\b\b\b\b\b\b\b\b\b\b\b\b\b\b\b\b\b\b\b\b\b\b\b\b\b\b\b\b\b\b\b\b\b\b\b\b\b\b\b\b\b\b\n\u001B[1m39/39\u001B[0m \u001B[32m━━━━━━━━━━━━━━━━━━━━\u001B[0m\u001B[37m\u001B[0m \u001B[1m0s\u001B[0m 4ms/step - loss: 0.0221 - val_loss: 0.0295\nEpoch 14/50\n\u001B[1m 1/39\u001B[0m \u001B[37m━━━━━━━━━━━━━━━━━━━━\u001B[0m \u001B[1m0s\u001B[0m 9ms/step - loss: 0.0251\b\b\b\b\b\b\b\b\b\b\b\b\b\b\b\b\b\b\b\b\b\b\b\b\b\b\b\b\b\b\b\b\b\b\b\b\b\b\b\b\b\b\b\b\b\b\b\b\b\b\b\b\b\n\u001B[1m17/39\u001B[0m \u001B[32m━━━━━━━━\u001B[0m\u001B[37m━━━━━━━━━━━━\u001B[0m \u001B[1m0s\u001B[0m 3ms/step - loss: 0.0214\b\b\b\b\b\b\b\b\b\b\b\b\b\b\b\b\b\b\b\b\b\b\b\b\b\b\b\b\b\b\b\b\b\b\b\b\b\b\b\b\b\b\b\b\b\b\b\b\b\b\b\b\b\n\u001B[1m33/39\u001B[0m \u001B[32m━━━━━━━━━━━━━━━━\u001B[0m\u001B[37m━━━━\u001B[0m \u001B[1m0s\u001B[0m 3ms/step - loss: 0.0213\b\b\b\b\b\b\b\b\b\b\b\b\b\b\b\b\b\b\b\b\b\b\b\b\b\b\b\b\b\b\b\b\b\b\b\b\b\b\b\b\b\b\b\b\b\b\b\b\b\b\b\b\b\n\u001B[1m39/39\u001B[0m \u001B[32m━━━━━━━━━━━━━━━━━━━━\u001B[0m\u001B[37m\u001B[0m \u001B[1m0s\u001B[0m 4ms/step - loss: 0.0212 - val_loss: 0.0302\nEpoch 15/50\n\u001B[1m 1/39\u001B[0m \u001B[37m━━━━━━━━━━━━━━━━━━━━\u001B[0m \u001B[1m0s\u001B[0m 9ms/step - loss: 0.0156\b\b\b\b\b\b\b\b\b\b\b\b\b\b\b\b\b\b\b\b\b\b\b\b\b\b\b\b\b\b\b\b\b\b\b\b\b\b\b\b\b\b\b\b\b\b\b\b\b\b\b\b\b\n\u001B[1m16/39\u001B[0m \u001B[32m━━━━━━━━\u001B[0m\u001B[37m━━━━━━━━━━━━\u001B[0m \u001B[1m0s\u001B[0m 3ms/step - loss: 0.0190\b\b\b\b\b\b\b\b\b\b\b\b\b\b\b\b\b\b\b\b\b\b\b\b\b\b\b\b\b\b\b\b\b\b\b\b\b\b\b\b\b\b\b\b\b\b\b\b\b\b\b\b\b\n\u001B[1m32/39\u001B[0m \u001B[32m━━━━━━━━━━━━━━━━\u001B[0m\u001B[37m━━━━\u001B[0m \u001B[1m0s\u001B[0m 3ms/step - loss: 0.0191\b\b\b\b\b\b\b\b\b\b\b\b\b\b\b\b\b\b\b\b\b\b\b\b\b\b\b\b\b\b\b\b\b\b\b\b\b\b\b\b\b\b\b\b\b\b\b\b\b\b\b\b\b\n\u001B[1m39/39\u001B[0m \u001B[32m━━━━━━━━━━━━━━━━━━━━\u001B[0m\u001B[37m\u001B[0m \u001B[1m0s\u001B[0m 4ms/step - loss: 0.0192 - val_loss: 0.0279\nEpoch 16/50\n\u001B[1m 1/39\u001B[0m \u001B[37m━━━━━━━━━━━━━━━━━━━━\u001B[0m \u001B[1m0s\u001B[0m 9ms/step - loss: 0.0190\b\b\b\b\b\b\b\b\b\b\b\b\b\b\b\b\b\b\b\b\b\b\b\b\b\b\b\b\b\b\b\b\b\b\b\b\b\b\b\b\b\b\b\b\b\b\b\b\b\b\b\b\b\n\u001B[1m17/39\u001B[0m \u001B[32m━━━━━━━━\u001B[0m\u001B[37m━━━━━━━━━━━━\u001B[0m \u001B[1m0s\u001B[0m 3ms/step - loss: 0.0181\b\b\b\b\b\b\b\b\b\b\b\b\b\b\b\b\b\b\b\b\b\b\b\b\b\b\b\b\b\b\b\b\b\b\b\b\b\b\b\b\b\b\b\b\b\b\b\b\b\b\b\b\b\n\u001B[1m33/39\u001B[0m \u001B[32m━━━━━━━━━━━━━━━━\u001B[0m\u001B[37m━━━━\u001B[0m \u001B[1m0s\u001B[0m 3ms/step - loss: 0.0181\b\b\b\b\b\b\b\b\b\b\b\b\b\b\b\b\b\b\b\b\b\b\b\b\b\b\b\b\b\b\b\b\b\b\b\b\b\b\b\b\b\b\b\b\b\b\b\b\b\b\b\b\b\n\u001B[1m39/39\u001B[0m \u001B[32m━━━━━━━━━━━━━━━━━━━━\u001B[0m\u001B[37m\u001B[0m \u001B[1m0s\u001B[0m 4ms/step - loss: 0.0182 - val_loss: 0.0249\nEpoch 17/50\n\u001B[1m 1/39\u001B[0m \u001B[37m━━━━━━━━━━━━━━━━━━━━\u001B[0m \u001B[1m0s\u001B[0m 9ms/step - loss: 0.0198\b\b\b\b\b\b\b\b\b\b\b\b\b\b\b\b\b\b\b\b\b\b\b\b\b\b\b\b\b\b\b\b\b\b\b\b\b\b\b\b\b\b\b\b\b\b\b\b\b\b\b\b\b\n\u001B[1m17/39\u001B[0m \u001B[32m━━━━━━━━\u001B[0m\u001B[37m━━━━━━━━━━━━\u001B[0m \u001B[1m0s\u001B[0m 3ms/step - loss: 0.0182\b\b\b\b\b\b\b\b\b\b\b\b\b\b\b\b\b\b\b\b\b\b\b\b\b\b\b\b\b\b\b\b\b\b\b\b\b\b\b\b\b\b\b\b\b\b\b\b\b\b\b\b\b\n\u001B[1m31/39\u001B[0m \u001B[32m━━━━━━━━━━━━━━━\u001B[0m\u001B[37m━━━━━\u001B[0m \u001B[1m0s\u001B[0m 3ms/step - loss: 0.0180\b\b\b\b\b\b\b\b\b\b\b\b\b\b\b\b\b\b\b\b\b\b\b\b\b\b\b\b\b\b\b\b\b\b\b\b\b\b\b\b\b\b\b\b\b\b\b\b\b\b\b\b\b\n\u001B[1m39/39\u001B[0m \u001B[32m━━━━━━━━━━━━━━━━━━━━\u001B[0m\u001B[37m\u001B[0m \u001B[1m0s\u001B[0m 4ms/step - loss: 0.0179 - val_loss: 0.0326\nEpoch 18/50\n\u001B[1m 1/39\u001B[0m \u001B[37m━━━━━━━━━━━━━━━━━━━━\u001B[0m \u001B[1m0s\u001B[0m 9ms/step - loss: 0.0170\b\b\b\b\b\b\b\b\b\b\b\b\b\b\b\b\b\b\b\b\b\b\b\b\b\b\b\b\b\b\b\b\b\b\b\b\b\b\b\b\b\b\b\b\b\b\b\b\b\b\b\b\b\n\u001B[1m17/39\u001B[0m \u001B[32m━━━━━━━━\u001B[0m\u001B[37m━━━━━━━━━━━━\u001B[0m \u001B[1m0s\u001B[0m 3ms/step - loss: 0.0164\b\b\b\b\b\b\b\b\b\b\b\b\b\b\b\b\b\b\b\b\b\b\b\b\b\b\b\b\b\b\b\b\b\b\b\b\b\b\b\b\b\b\b\b\b\b\b\b\b\b\b\b\b\n\u001B[1m30/39\u001B[0m \u001B[32m━━━━━━━━━━━━━━━\u001B[0m\u001B[37m━━━━━\u001B[0m \u001B[1m0s\u001B[0m 4ms/step - loss: 0.0166\b\b\b\b\b\b\b\b\b\b\b\b\b\b\b\b\b\b\b\b\b\b\b\b\b\b\b\b\b\b\b\b\b\b\b\b\b\b\b\b\b\b\b\b\b\b\b\b\b\b\b\b\b\n\u001B[1m39/39\u001B[0m \u001B[32m━━━━━━━━━━━━━━━━━━━━\u001B[0m\u001B[37m\u001B[0m \u001B[1m0s\u001B[0m 4ms/step - loss: 0.0165 - val_loss: 0.0194\nEpoch 19/50\n\u001B[1m 1/39\u001B[0m \u001B[37m━━━━━━━━━━━━━━━━━━━━\u001B[0m \u001B[1m0s\u001B[0m 9ms/step - loss: 0.0157\b\b\b\b\b\b\b\b\b\b\b\b\b\b\b\b\b\b\b\b\b\b\b\b\b\b\b\b\b\b\b\b\b\b\b\b\b\b\b\b\b\b\b\b\b\b\b\b\b\b\b\b\b\n\u001B[1m11/39\u001B[0m \u001B[32m━━━━━\u001B[0m\u001B[37m━━━━━━━━━━━━━━━\u001B[0m \u001B[1m0s\u001B[0m 5ms/step - loss: 0.0158\b\b\b\b\b\b\b\b\b\b\b\b\b\b\b\b\b\b\b\b\b\b\b\b\b\b\b\b\b\b\b\b\b\b\b\b\b\b\b\b\b\b\b\b\b\b\b\b\b\b\b\b\b\n\u001B[1m26/39\u001B[0m \u001B[32m━━━━━━━━━━━━━\u001B[0m\u001B[37m━━━━━━━\u001B[0m \u001B[1m0s\u001B[0m 4ms/step - loss: 0.0156\b\b\b\b\b\b\b\b\b\b\b\b\b\b\b\b\b\b\b\b\b\b\b\b\b\b\b\b\b\b\b\b\b\b\b\b\b\b\b\b\b\b\b\b\b\b\b\b\b\b\b\b\b\n\u001B[1m39/39\u001B[0m \u001B[32m━━━━━━━━━━━━━━━━━━━━\u001B[0m\u001B[37m\u001B[0m \u001B[1m0s\u001B[0m 4ms/step - loss: 0.0156 - val_loss: 0.0235\nEpoch 20/50\n\u001B[1m 1/39\u001B[0m \u001B[37m━━━━━━━━━━━━━━━━━━━━\u001B[0m \u001B[1m0s\u001B[0m 10ms/step - loss: 0.0185\b\b\b\b\b\b\b\b\b\b\b\b\b\b\b\b\b\b\b\b\b\b\b\b\b\b\b\b\b\b\b\b\b\b\b\b\b\b\b\b\b\b\b\b\b\b\b\b\b\b\b\b\b\b\n\u001B[1m16/39\u001B[0m \u001B[32m━━━━━━━━\u001B[0m\u001B[37m━━━━━━━━━━━━\u001B[0m \u001B[1m0s\u001B[0m 4ms/step - loss: 0.0154 \b\b\b\b\b\b\b\b\b\b\b\b\b\b\b\b\b\b\b\b\b\b\b\b\b\b\b\b\b\b\b\b\b\b\b\b\b\b\b\b\b\b\b\b\b\b\b\b\b\b\b\b\b\n\u001B[1m31/39\u001B[0m \u001B[32m━━━━━━━━━━━━━━━\u001B[0m\u001B[37m━━━━━\u001B[0m \u001B[1m0s\u001B[0m 3ms/step - loss: 0.0151\b\b\b\b\b\b\b\b\b\b\b\b\b\b\b\b\b\b\b\b\b\b\b\b\b\b\b\b\b\b\b\b\b\b\b\b\b\b\b\b\b\b\b\b\b\b\b\b\b\b\b\b\b\n\u001B[1m39/39\u001B[0m \u001B[32m━━━━━━━━━━━━━━━━━━━━\u001B[0m\u001B[37m\u001B[0m \u001B[1m0s\u001B[0m 4ms/step - loss: 0.0151 - val_loss: 0.0202\nEpoch 21/50\n\u001B[1m 1/39\u001B[0m \u001B[37m━━━━━━━━━━━━━━━━━━━━\u001B[0m \u001B[1m0s\u001B[0m 9ms/step - loss: 0.0136\b\b\b\b\b\b\b\b\b\b\b\b\b\b\b\b\b\b\b\b\b\b\b\b\b\b\b\b\b\b\b\b\b\b\b\b\b\b\b\b\b\b\b\b\b\b\b\b\b\b\b\b\b\n\u001B[1m17/39\u001B[0m \u001B[32m━━━━━━━━\u001B[0m\u001B[37m━━━━━━━━━━━━\u001B[0m \u001B[1m0s\u001B[0m 3ms/step - loss: 0.0147\b\b\b\b\b\b\b\b\b\b\b\b\b\b\b\b\b\b\b\b\b\b\b\b\b\b\b\b\b\b\b\b\b\b\b\b\b\b\b\b\b\b\b\b\b\b\b\b\b\b\b\b\b\n\u001B[1m33/39\u001B[0m \u001B[32m━━━━━━━━━━━━━━━━\u001B[0m\u001B[37m━━━━\u001B[0m \u001B[1m0s\u001B[0m 3ms/step - loss: 0.0146\b\b\b\b\b\b\b\b\b\b\b\b\b\b\b\b\b\b\b\b\b\b\b\b\b\b\b\b\b\b\b\b\b\b\b\b\b\b\b\b\b\b\b\b\b\b\b\b\b\b\b\b\b\n\u001B[1m39/39\u001B[0m \u001B[32m━━━━━━━━━━━━━━━━━━━━\u001B[0m\u001B[37m\u001B[0m \u001B[1m0s\u001B[0m 4ms/step - loss: 0.0144 - val_loss: 0.0310\nWARNING:absl:You are saving your model as an HDF5 file via `model.save()` or `keras.saving.save_model(model)`. This file format is considered legacy. We recommend using instead the native Keras format, e.g. `model.save('my_model.keras')` or `keras.saving.save_model(model, 'my_model.keras')`. \n\u001B[1m 1/10\u001B[0m \u001B[32m━━\u001B[0m\u001B[37m━━━━━━━━━━━━━━━━━━\u001B[0m \u001B[1m0s\u001B[0m 73ms/step\b\b\b\b\b\b\b\b\b\b\b\b\b\b\b\b\b\b\b\b\b\b\b\b\b\b\b\b\b\b\b\b\b\b\b\b\b\b\b\n\u001B[1m10/10\u001B[0m \u001B[32m━━━━━━━━━━━━━━━━━━━━\u001B[0m\u001B[37m\u001B[0m \u001B[1m0s\u001B[0m 15ms/step\b\b\b\b\b\b\b\b\b\b\b\b\b\b\b\b\b\b\b\b\b\b\b\b\b\b\b\b\b\b\b\b\b\b\b\b\b\b\b\n\u001B[1m10/10\u001B[0m \u001B[32m━━━━━━━━━━━━━━━━━━━━\u001B[0m\u001B[37m\u001B[0m \u001B[1m0s\u001B[0m 15ms/step\nModel training completed, predictions made and saved!\n",
  "history_begin_time" : 1727468333207,
  "history_end_time" : 1727468341276,
  "history_notes" : null,
  "history_process" : "s20a2d",
  "host_id" : "100001",
  "indicator" : "Done"
},{
  "history_id" : "xnutsupbudc",
  "history_input" : "No code saved",
  "history_output" : "Skipped",
  "history_begin_time" : 1727468327009,
  "history_end_time" : 1727468327009,
  "history_notes" : null,
  "history_process" : "xnk7n1",
  "host_id" : "100001",
  "indicator" : "Skipped"
},{
  "history_id" : "8s32ng2oedu",
  "history_input" : null,
  "history_output" : null,
  "history_begin_time" : null,
  "history_end_time" : 1727468349712,
  "history_notes" : null,
  "history_process" : "x4ch0z",
  "host_id" : "100001",
  "indicator" : "Stopped"
},{
  "history_id" : "rn6gf1p0svu",
  "history_input" : "import numpy as np\nimport pandas as pd\nfrom sklearn.preprocessing import MinMaxScaler\nfrom sklearn.model_selection import train_test_split\nimport joblib\nimport matplotlib.pyplot as plt\n\n# Step 1: Load the dataset\nfile_path = '/Users/vishesh/Desktop/geo_project/data.csv'\ndata = pd.read_csv(file_path, skiprows=3)\n\n# Step 2: Preprocess the data\ndata['Date'] = pd.to_datetime(data['Date'], format='%Y%m')\nvalues = data['Value'].values\n\n# Step 3: Normalize the data for LSTM\nscaler = MinMaxScaler(feature_range=(0, 1))\nscaled_data = scaler.fit_transform(values.reshape(-1, 1))\n\n# Save the scaler for inverse transformation later\njoblib.dump(scaler, 'scaler.pkl')\n\n# Step 4: Create sequences for LSTM\ndef create_sequences(data, sequence_length):\n    sequences = []\n    targets = []\n    for i in range(len(data) - sequence_length):\n        seq = data[i:i + sequence_length]\n        target = data[i + sequence_length]\n        sequences.append(seq)\n        targets.append(target)\n    return np.array(sequences), np.array(targets)\n\nsequence_length = 12  # 12 months\nX, y = create_sequences(scaled_data, sequence_length)\n\n# Step 5: Split into training and test sets\nX_train, X_test, y_train, y_test = train_test_split(X, y, test_size=0.2, shuffle=False)\n\n# Reshape the data for LSTM\nX_train = np.reshape(X_train, (X_train.shape[0], X_train.shape[1], 1))\nX_test = np.reshape(X_test, (X_test.shape[0], X_test.shape[1], 1))\n\n# Step 6: Save preprocessed data for later use\nnp.savez('preprocessed_data.npz', X_train=X_train, X_test=X_test, y_train=y_train, y_test=y_test)\n\nprint(\"Data preprocessing completed and saved!\")\n\n\n\nplt.figure(figsize=(10,6))\nplt.plot(data['Date'], data['Value'], label='Temperature Values')\nplt.title('Temperature Values Over Time')\nplt.xlabel('Date')\nplt.ylabel('Temperature (Degrees Fahrenheit)')\nplt.grid(True)\nplt.legend()\nplt.show()\n",
  "history_output" : "Data preprocessing completed and saved!\n2024-09-27 16:18:49.876 python[35599:5739903] +[IMKClient subclass]: chose IMKClient_Legacy\n",
  "history_begin_time" : 1727468328263,
  "history_end_time" : 1727468331884,
  "history_notes" : null,
  "history_process" : "keghqi",
  "host_id" : "100001",
  "indicator" : "Done"
},{
  "history_id" : "c6ebdhc54gd",
  "history_input" : "No code saved",
  "history_output" : "Skipped",
  "history_begin_time" : 1727468327011,
  "history_end_time" : 1727468327011,
  "history_notes" : null,
  "history_process" : "fhhx69",
  "host_id" : "100001",
  "indicator" : "Skipped"
},{
  "history_id" : "6wg8d3jjq6h",
  "history_input" : "No code saved",
  "history_output" : "Skipped",
  "history_begin_time" : 1727468327012,
  "history_end_time" : 1727468327012,
  "history_notes" : null,
  "history_process" : "rfwos9",
  "host_id" : "100001",
  "indicator" : "Skipped"
},{
  "history_id" : "k3vv45p5mqc",
  "history_input" : "import numpy as np\nimport optuna\nimport matplotlib.pyplot as plt\nfrom sklearn.metrics import mean_absolute_error\nfrom sklearn.model_selection import train_test_split\nfrom tensorflow.keras.models import Sequential, Model\nfrom tensorflow.keras.layers import Dense, Dropout, Conv1D, MaxPooling1D, Flatten, LSTM, Input, MultiHeadAttention, LayerNormalization, Add\nfrom tensorflow.keras.optimizers import Adam\nfrom pytorch_tabnet.tab_model import TabNetRegressor\n\n# Load preprocessed data\ndata_path = '/Users/vishesh/gw-workspace/L6gDfkNJofh8/preprocessed_data.npz'\ndata = np.load(data_path)\n\n# List all variable names in the .npz file to identify contents\nprint(\"Variables in the .npz file:\", data.files)\n\n# Load data based on contents of the .npz file\nX_train = data['X_train']\ny_train = data['y_train']\n\n# Check if 'X_val' and 'y_val' exist; if not, create validation split\nif 'X_val' in data.files and 'y_val' in data.files:\n    X_val = data['X_val']\n    y_val = data['y_val']\nelse:\n    # Split the data into training and validation sets\n    X_train, X_val, y_train, y_val = train_test_split(X_train, y_train, test_size=0.2, random_state=42)\n\n# Initialize a dictionary to store model performance\nmodel_performance = {}\n\n# Define the function to create various models\ndef create_model(trial):\n    input_shape = X_train.shape[1]\n    model_type = trial.suggest_categorical('model_type', ['dense', 'cnn', 'lstm', 'transformer', 'tabnet'])\n\n    if model_type == 'dense':\n        model = Sequential()\n        model.add(Input(shape=(input_shape,)))  # Use Input layer to specify input shape\n        num_layers = trial.suggest_int('num_layers', 1, 5)\n        for i in range(num_layers):\n            num_units = trial.suggest_int(f'num_units_l{i}', 16, 128, log=True)\n            model.add(Dense(num_units, activation='relu'))\n            dropout_rate = trial.suggest_float(f'dropout_rate_l{i}', 0.1, 0.5)\n            model.add(Dropout(dropout_rate))\n        model.add(Dense(1, activation='linear'))\n    \n    elif model_type == 'cnn':\n        model = Sequential()\n        model.add(Input(shape=(input_shape, 1)))  # Use Input layer for CNN input shape\n        model.add(Conv1D(filters=trial.suggest_int('filters', 16, 64, log=True),\n                         kernel_size=trial.suggest_int('kernel_size', 3, 5),\n                         activation='relu'))\n        model.add(MaxPooling1D(pool_size=2))\n        model.add(Flatten())\n        model.add(Dense(1, activation='linear'))\n    \n    elif model_type == 'lstm':\n        model = Sequential()\n        model.add(Input(shape=(input_shape, 1)))  # Use Input layer for LSTM input shape\n        model.add(LSTM(units=trial.suggest_int('lstm_units', 16, 64, log=True)))\n        model.add(Dense(1, activation='linear'))\n    \n    elif model_type == 'transformer':\n        inputs = Input(shape=(input_shape, 1))\n        attention = MultiHeadAttention(num_heads=trial.suggest_int('num_heads', 2, 8), key_dim=trial.suggest_int('key_dim', 16, 64))(inputs, inputs)\n        attention = Add()([inputs, attention])\n        attention = LayerNormalization(epsilon=1e-6)(attention)\n        outputs = Flatten()(attention)\n        outputs = Dense(1, activation='linear')(outputs)\n        model = Model(inputs=inputs, outputs=outputs)\n    \n    elif model_type == 'tabnet':\n        tabnet_model = TabNetRegressor(\n            n_d=trial.suggest_int('n_d', 8, 64),\n            n_a=trial.suggest_int('n_a', 8, 64),\n            n_steps=trial.suggest_int('n_steps', 3, 10),\n            gamma=trial.suggest_float('gamma', 1.0, 2.0),\n            lambda_sparse=trial.suggest_float('lambda_sparse', 1e-6, 1e-3)\n        )\n        tabnet_model.fit(\n            X_train, y_train,\n            eval_set=[(X_val, y_val)],\n            eval_metric=['mae'],\n            max_epochs=100,\n            patience=10,\n            batch_size=256,\n            virtual_batch_size=128\n        )\n        return tabnet_model\n\n    learning_rate = trial.suggest_float('learning_rate', 1e-5, 1e-2, log=True)\n    model.compile(optimizer=Adam(learning_rate=learning_rate), loss='mean_squared_error', metrics=['mean_absolute_error'])\n\n    return model\n\n# Define the objective function for Optuna\ndef objective(trial):\n    model = create_model(trial)\n\n    if isinstance(model, TabNetRegressor):\n        model.fit(\n            X_train, y_train,\n            eval_set=[(X_val, y_val)],\n            eval_metric=['mae'],\n            max_epochs=100,\n            patience=10,\n            batch_size=256,\n            virtual_batch_size=128\n        )\n        y_pred = model.predict(X_val)\n        mae = mean_absolute_error(y_val, y_pred)\n    else:\n        model.fit(X_train, y_train, validation_data=(X_val, y_val), epochs=10, batch_size=32, verbose=0)\n        _, mae = model.evaluate(X_val, y_val, verbose=0)\n\n    model_type = trial.params['model_type']\n    model_performance[model_type] = mae\n    return mae\n\n# Run the Bayesian optimization\nstudy = optuna.create_study(direction='minimize')\nstudy.optimize(objective, n_trials=10)  # Set n_trials as needed\n\n# Get the best hyperparameters\nbest_params = study.best_params\nprint(f\"Best hyperparameters: {best_params}\")\n\n# Display performance of each model\nprint(\"Model performance (MAE):\")\nfor model_type, mae in model_performance.items():\n    print(f\"{model_type}: {mae}\")\n\n# Plot the model performance\nplt.figure(figsize=(10, 5))\nplt.bar(model_performance.keys(), model_performance.values(), color='skyblue')\nplt.xlabel('Model Type')\nplt.ylabel('Mean Absolute Error')\nplt.title('Model Performance Comparison')\nplt.show()\n",
  "history_output" : "Variables in the .npz file: ['X_train', 'X_test', 'y_train', 'y_test']\n[I 2024-09-27 16:19:06,229] A new study created in memory with name: no-name-3c39d225-174b-4dcc-8959-573f8da007a9\n[I 2024-09-27 16:19:07,494] Trial 0 finished with value: 0.09967934340238571 and parameters: {'model_type': 'transformer', 'num_heads': 5, 'key_dim': 56, 'learning_rate': 0.0007773963988492908}. Best is trial 0 with value: 0.09967934340238571.\n[I 2024-09-27 16:19:08,007] Trial 1 finished with value: 0.06007281318306923 and parameters: {'model_type': 'cnn', 'filters': 60, 'kernel_size': 3, 'learning_rate': 0.0004531814588984687}. Best is trial 1 with value: 0.06007281318306923.\n[I 2024-09-27 16:19:09,142] Trial 2 finished with value: 0.03789413347840309 and parameters: {'model_type': 'lstm', 'lstm_units': 40, 'learning_rate': 0.0038624270842853954}. Best is trial 2 with value: 0.03789413347840309.\n/opt/anaconda3/lib/python3.11/site-packages/pytorch_tabnet/abstract_model.py:82: UserWarning: Device used : cpu\n  warnings.warn(f\"Device used : {self.device}\")\n[W 2024-09-27 16:19:09,146] Trial 3 failed with parameters: {'model_type': 'tabnet', 'n_d': 33, 'n_a': 16, 'n_steps': 10, 'gamma': 1.3949642217263565, 'lambda_sparse': 0.00016546756763627434} because of the following error: ValueError('Found array with dim 3. None expected <= 2.').\nTraceback (most recent call last):\n  File \"/opt/anaconda3/lib/python3.11/site-packages/optuna/study/_optimize.py\", line 197, in _run_trial\n    value_or_values = func(trial)\n                      ^^^^^^^^^^^\n  File \"/Users/vishesh/gw-workspace/k3vv45p5mqc/auto_ml.py\", line 100, in objective\n    model = create_model(trial)\n            ^^^^^^^^^^^^^^^^^^^\n  File \"/Users/vishesh/gw-workspace/k3vv45p5mqc/auto_ml.py\", line 82, in create_model\n    tabnet_model.fit(\n  File \"/opt/anaconda3/lib/python3.11/site-packages/pytorch_tabnet/abstract_model.py\", line 217, in fit\n    check_input(X_train)\n  File \"/opt/anaconda3/lib/python3.11/site-packages/pytorch_tabnet/utils.py\", line 507, in check_input\n    check_array(X, accept_sparse=True)\n  File \"/opt/anaconda3/lib/python3.11/site-packages/sklearn/utils/validation.py\", line 915, in check_array\n    raise ValueError(\nValueError: Found array with dim 3. None expected <= 2.\n[W 2024-09-27 16:19:09,148] Trial 3 failed with value None.\nTraceback (most recent call last):\n  File \"/Users/vishesh/gw-workspace/k3vv45p5mqc/auto_ml.py\", line 124, in <module>\n    study.optimize(objective, n_trials=10)  # Set n_trials as needed\n    ^^^^^^^^^^^^^^^^^^^^^^^^^^^^^^^^^^^^^^\n  File \"/opt/anaconda3/lib/python3.11/site-packages/optuna/study/study.py\", line 475, in optimize\n    _optimize(\n  File \"/opt/anaconda3/lib/python3.11/site-packages/optuna/study/_optimize.py\", line 63, in _optimize\n    _optimize_sequential(\n  File \"/opt/anaconda3/lib/python3.11/site-packages/optuna/study/_optimize.py\", line 160, in _optimize_sequential\n    frozen_trial = _run_trial(study, func, catch)\n                   ^^^^^^^^^^^^^^^^^^^^^^^^^^^^^^\n  File \"/opt/anaconda3/lib/python3.11/site-packages/optuna/study/_optimize.py\", line 248, in _run_trial\n    raise func_err\n  File \"/opt/anaconda3/lib/python3.11/site-packages/optuna/study/_optimize.py\", line 197, in _run_trial\n    value_or_values = func(trial)\n                      ^^^^^^^^^^^\n  File \"/Users/vishesh/gw-workspace/k3vv45p5mqc/auto_ml.py\", line 100, in objective\n    model = create_model(trial)\n            ^^^^^^^^^^^^^^^^^^^\n  File \"/Users/vishesh/gw-workspace/k3vv45p5mqc/auto_ml.py\", line 82, in create_model\n    tabnet_model.fit(\n  File \"/opt/anaconda3/lib/python3.11/site-packages/pytorch_tabnet/abstract_model.py\", line 217, in fit\n    check_input(X_train)\n  File \"/opt/anaconda3/lib/python3.11/site-packages/pytorch_tabnet/utils.py\", line 507, in check_input\n    check_array(X, accept_sparse=True)\n  File \"/opt/anaconda3/lib/python3.11/site-packages/sklearn/utils/validation.py\", line 915, in check_array\n    raise ValueError(\nValueError: Found array with dim 3. None expected <= 2.\n",
  "history_begin_time" : 1727468342416,
  "history_end_time" : 1727468349711,
  "history_notes" : null,
  "history_process" : "vnrvoi",
  "host_id" : "100001",
  "indicator" : "Failed"
}]
