[{
  "history_id" : "2nbtmdmapbh",
  "history_input" : "No code saved",
  "history_output" : "Skipped",
  "history_begin_time" : 1728011268874,
  "history_end_time" : 1728011268874,
  "history_notes" : null,
  "history_process" : "9cqdos",
  "host_id" : "100001",
  "indicator" : "Skipped"
},{
  "history_id" : "0kp0b9oa6i8",
  "history_input" : "No code saved",
  "history_output" : "Skipped",
  "history_begin_time" : 1728011268883,
  "history_end_time" : 1728011268883,
  "history_notes" : null,
  "history_process" : "iq85px",
  "host_id" : "100001",
  "indicator" : "Skipped"
},{
  "history_id" : "qo8keh36vdg",
  "history_input" : "No code saved",
  "history_output" : "Skipped",
  "history_begin_time" : 1728011268884,
  "history_end_time" : 1728011268884,
  "history_notes" : null,
  "history_process" : "c8851t",
  "host_id" : "100001",
  "indicator" : "Skipped"
},{
  "history_id" : "mwjjd7jyfde",
  "history_input" : "\n\nimport numpy as np\nimport tensorflow as tf\nfrom tensorflow.keras.models import Sequential\nfrom tensorflow.keras.layers import LSTM, Dense, Dropout\nfrom tensorflow.keras.callbacks import EarlyStopping\nfrom tensorflow.keras.regularizers import l2\nimport joblib\n\n# Step 1: Load the preprocessed data\ndata = np.load('/Users/vishesh/gw-workspace/L6gDfkNJofh8/preprocessed_data.npz')\nX_train, X_test, y_train, y_test = data['X_train'], data['X_test'], data['y_train'], data['y_test']\n\n# Step 2: Build the LSTM model\nmodel = Sequential()\nmodel.add(LSTM(units=50, return_sequences=True, input_shape=(X_train.shape[1], 1), \n               kernel_regularizer=l2(0.001)))  # L2 regularization\nmodel.add(Dropout(0.2))  # Increased dropout rate\nmodel.add(LSTM(units=50, return_sequences=False, kernel_regularizer=l2(0.001)))\nmodel.add(Dropout(0.3))\nmodel.add(Dense(units=1))\n\n# Step 3: Compile the model with reduced learning rate\noptimizer = tf.keras.optimizers.Adam(learning_rate=0.0003)  # Reduced learning rate\nmodel.compile(optimizer=optimizer, loss='mean_squared_error')\n\n# Step 4: Train the model with early stopping\nearly_stopping = EarlyStopping(monitor='val_loss', patience=3, restore_best_weights=True)\n\nhistory = model.fit(X_train, y_train, epochs=50, batch_size=32, validation_data=(X_test, y_test), \n                    callbacks=[early_stopping])\n\n# Step 5: Save the model and the training history\nmodel.save('lstm_model.h5')\nnp.save('training_history.npy', history.history)\n\n# Step 6: Make predictions on the test data\npredictions = model.predict(X_test)\n\n# Save predictions for later use\nnp.save('predictions.npy', predictions)\n\nprint(\"Model training completed, predictions made and saved!\")\n\n",
  "history_output" : "/opt/anaconda3/lib/python3.11/site-packages/keras/src/layers/rnn/rnn.py:204: UserWarning: Do not pass an `input_shape`/`input_dim` argument to a layer. When using Sequential models, prefer using an `Input(shape)` object as the first layer in the model instead.\n  super().__init__(**kwargs)\nEpoch 1/50\n\u001B[1m 1/39\u001B[0m \u001B[37m━━━━━━━━━━━━━━━━━━━━\u001B[0m \u001B[1m33s\u001B[0m 888ms/step - loss: 0.2374\b\b\b\b\b\b\b\b\b\b\b\b\b\b\b\b\b\b\b\b\b\b\b\b\b\b\b\b\b\b\b\b\b\b\b\b\b\b\b\b\b\b\b\b\b\b\b\b\b\b\b\b\b\b\b\b\n\u001B[1m12/39\u001B[0m \u001B[32m━━━━━━\u001B[0m\u001B[37m━━━━━━━━━━━━━━\u001B[0m \u001B[1m0s\u001B[0m 5ms/step - loss: 0.2208   \b\b\b\b\b\b\b\b\b\b\b\b\b\b\b\b\b\b\b\b\b\b\b\b\b\b\b\b\b\b\b\b\b\b\b\b\b\b\b\b\b\b\b\b\b\b\b\b\b\b\b\b\b\n\u001B[1m26/39\u001B[0m \u001B[32m━━━━━━━━━━━━━\u001B[0m\u001B[37m━━━━━━━\u001B[0m \u001B[1m0s\u001B[0m 4ms/step - loss: 0.1958\b\b\b\b\b\b\b\b\b\b\b\b\b\b\b\b\b\b\b\b\b\b\b\b\b\b\b\b\b\b\b\b\b\b\b\b\b\b\b\b\b\b\b\b\b\b\b\b\b\b\b\b\b\n\u001B[1m39/39\u001B[0m \u001B[32m━━━━━━━━━━━━━━━━━━━━\u001B[0m\u001B[37m\u001B[0m \u001B[1m1s\u001B[0m 8ms/step - loss: 0.1763 - val_loss: 0.0860\nEpoch 2/50\n\u001B[1m 1/39\u001B[0m \u001B[37m━━━━━━━━━━━━━━━━━━━━\u001B[0m \u001B[1m0s\u001B[0m 12ms/step - loss: 0.0933\b\b\b\b\b\b\b\b\b\b\b\b\b\b\b\b\b\b\b\b\b\b\b\b\b\b\b\b\b\b\b\b\b\b\b\b\b\b\b\b\b\b\b\b\b\b\b\b\b\b\b\b\b\b\n\u001B[1m15/39\u001B[0m \u001B[32m━━━━━━━\u001B[0m\u001B[37m━━━━━━━━━━━━━\u001B[0m \u001B[1m0s\u001B[0m 4ms/step - loss: 0.0836 \b\b\b\b\b\b\b\b\b\b\b\b\b\b\b\b\b\b\b\b\b\b\b\b\b\b\b\b\b\b\b\b\b\b\b\b\b\b\b\b\b\b\b\b\b\b\b\b\b\b\b\b\b\n\u001B[1m29/39\u001B[0m \u001B[32m━━━━━━━━━━━━━━\u001B[0m\u001B[37m━━━━━━\u001B[0m \u001B[1m0s\u001B[0m 4ms/step - loss: 0.0821\b\b\b\b\b\b\b\b\b\b\b\b\b\b\b\b\b\b\b\b\b\b\b\b\b\b\b\b\b\b\b\b\b\b\b\b\b\b\b\b\b\b\b\b\b\b\b\b\b\b\b\b\b\n\u001B[1m39/39\u001B[0m \u001B[32m━━━━━━━━━━━━━━━━━━━━\u001B[0m\u001B[37m\u001B[0m \u001B[1m0s\u001B[0m 4ms/step - loss: 0.0812 - val_loss: 0.0854\nEpoch 3/50\n\u001B[1m 1/39\u001B[0m \u001B[37m━━━━━━━━━━━━━━━━━━━━\u001B[0m \u001B[1m0s\u001B[0m 13ms/step - loss: 0.0681\b\b\b\b\b\b\b\b\b\b\b\b\b\b\b\b\b\b\b\b\b\b\b\b\b\b\b\b\b\b\b\b\b\b\b\b\b\b\b\b\b\b\b\b\b\b\b\b\b\b\b\b\b\b\n\u001B[1m15/39\u001B[0m \u001B[32m━━━━━━━\u001B[0m\u001B[37m━━━━━━━━━━━━━\u001B[0m \u001B[1m0s\u001B[0m 4ms/step - loss: 0.0715 \b\b\b\b\b\b\b\b\b\b\b\b\b\b\b\b\b\b\b\b\b\b\b\b\b\b\b\b\b\b\b\b\b\b\b\b\b\b\b\b\b\b\b\b\b\b\b\b\b\b\b\b\b\n\u001B[1m29/39\u001B[0m \u001B[32m━━━━━━━━━━━━━━\u001B[0m\u001B[37m━━━━━━\u001B[0m \u001B[1m0s\u001B[0m 4ms/step - loss: 0.0705\b\b\b\b\b\b\b\b\b\b\b\b\b\b\b\b\b\b\b\b\b\b\b\b\b\b\b\b\b\b\b\b\b\b\b\b\b\b\b\b\b\b\b\b\b\b\b\b\b\b\b\b\b\n\u001B[1m39/39\u001B[0m \u001B[32m━━━━━━━━━━━━━━━━━━━━\u001B[0m\u001B[37m\u001B[0m \u001B[1m0s\u001B[0m 4ms/step - loss: 0.0698 - val_loss: 0.0797\nEpoch 4/50\n\u001B[1m 1/39\u001B[0m \u001B[37m━━━━━━━━━━━━━━━━━━━━\u001B[0m \u001B[1m0s\u001B[0m 11ms/step - loss: 0.0652\b\b\b\b\b\b\b\b\b\b\b\b\b\b\b\b\b\b\b\b\b\b\b\b\b\b\b\b\b\b\b\b\b\b\b\b\b\b\b\b\b\b\b\b\b\b\b\b\b\b\b\b\b\b\n\u001B[1m16/39\u001B[0m \u001B[32m━━━━━━━━\u001B[0m\u001B[37m━━━━━━━━━━━━\u001B[0m \u001B[1m0s\u001B[0m 4ms/step - loss: 0.0615 \b\b\b\b\b\b\b\b\b\b\b\b\b\b\b\b\b\b\b\b\b\b\b\b\b\b\b\b\b\b\b\b\b\b\b\b\b\b\b\b\b\b\b\b\b\b\b\b\b\b\b\b\b\n\u001B[1m31/39\u001B[0m \u001B[32m━━━━━━━━━━━━━━━\u001B[0m\u001B[37m━━━━━\u001B[0m \u001B[1m0s\u001B[0m 4ms/step - loss: 0.0605\b\b\b\b\b\b\b\b\b\b\b\b\b\b\b\b\b\b\b\b\b\b\b\b\b\b\b\b\b\b\b\b\b\b\b\b\b\b\b\b\b\b\b\b\b\b\b\b\b\b\b\b\b\n\u001B[1m39/39\u001B[0m \u001B[32m━━━━━━━━━━━━━━━━━━━━\u001B[0m\u001B[37m\u001B[0m \u001B[1m0s\u001B[0m 4ms/step - loss: 0.0601 - val_loss: 0.0655\nEpoch 5/50\n\u001B[1m 1/39\u001B[0m \u001B[37m━━━━━━━━━━━━━━━━━━━━\u001B[0m \u001B[1m0s\u001B[0m 12ms/step - loss: 0.0531\b\b\b\b\b\b\b\b\b\b\b\b\b\b\b\b\b\b\b\b\b\b\b\b\b\b\b\b\b\b\b\b\b\b\b\b\b\b\b\b\b\b\b\b\b\b\b\b\b\b\b\b\b\b\n\u001B[1m15/39\u001B[0m \u001B[32m━━━━━━━\u001B[0m\u001B[37m━━━━━━━━━━━━━\u001B[0m \u001B[1m0s\u001B[0m 4ms/step - loss: 0.0540 \b\b\b\b\b\b\b\b\b\b\b\b\b\b\b\b\b\b\b\b\b\b\b\b\b\b\b\b\b\b\b\b\b\b\b\b\b\b\b\b\b\b\b\b\b\b\b\b\b\b\b\b\b\n\u001B[1m30/39\u001B[0m \u001B[32m━━━━━━━━━━━━━━━\u001B[0m\u001B[37m━━━━━\u001B[0m \u001B[1m0s\u001B[0m 4ms/step - loss: 0.0531\b\b\b\b\b\b\b\b\b\b\b\b\b\b\b\b\b\b\b\b\b\b\b\b\b\b\b\b\b\b\b\b\b\b\b\b\b\b\b\b\b\b\b\b\b\b\b\b\b\b\b\b\b\n\u001B[1m39/39\u001B[0m \u001B[32m━━━━━━━━━━━━━━━━━━━━\u001B[0m\u001B[37m\u001B[0m \u001B[1m0s\u001B[0m 4ms/step - loss: 0.0526 - val_loss: 0.0603\nEpoch 6/50\n\u001B[1m 1/39\u001B[0m \u001B[37m━━━━━━━━━━━━━━━━━━━━\u001B[0m \u001B[1m0s\u001B[0m 12ms/step - loss: 0.0482\b\b\b\b\b\b\b\b\b\b\b\b\b\b\b\b\b\b\b\b\b\b\b\b\b\b\b\b\b\b\b\b\b\b\b\b\b\b\b\b\b\b\b\b\b\b\b\b\b\b\b\b\b\b\n\u001B[1m15/39\u001B[0m \u001B[32m━━━━━━━\u001B[0m\u001B[37m━━━━━━━━━━━━━\u001B[0m \u001B[1m0s\u001B[0m 4ms/step - loss: 0.0477 \b\b\b\b\b\b\b\b\b\b\b\b\b\b\b\b\b\b\b\b\b\b\b\b\b\b\b\b\b\b\b\b\b\b\b\b\b\b\b\b\b\b\b\b\b\b\b\b\b\b\b\b\b\n\u001B[1m30/39\u001B[0m \u001B[32m━━━━━━━━━━━━━━━\u001B[0m\u001B[37m━━━━━\u001B[0m \u001B[1m0s\u001B[0m 4ms/step - loss: 0.0470\b\b\b\b\b\b\b\b\b\b\b\b\b\b\b\b\b\b\b\b\b\b\b\b\b\b\b\b\b\b\b\b\b\b\b\b\b\b\b\b\b\b\b\b\b\b\b\b\b\b\b\b\b\n\u001B[1m39/39\u001B[0m \u001B[32m━━━━━━━━━━━━━━━━━━━━\u001B[0m\u001B[37m\u001B[0m \u001B[1m0s\u001B[0m 4ms/step - loss: 0.0466 - val_loss: 0.0567\nEpoch 7/50\n\u001B[1m 1/39\u001B[0m \u001B[37m━━━━━━━━━━━━━━━━━━━━\u001B[0m \u001B[1m0s\u001B[0m 11ms/step - loss: 0.0491\b\b\b\b\b\b\b\b\b\b\b\b\b\b\b\b\b\b\b\b\b\b\b\b\b\b\b\b\b\b\b\b\b\b\b\b\b\b\b\b\b\b\b\b\b\b\b\b\b\b\b\b\b\b\n\u001B[1m15/39\u001B[0m \u001B[32m━━━━━━━\u001B[0m\u001B[37m━━━━━━━━━━━━━\u001B[0m \u001B[1m0s\u001B[0m 4ms/step - loss: 0.0424 \b\b\b\b\b\b\b\b\b\b\b\b\b\b\b\b\b\b\b\b\b\b\b\b\b\b\b\b\b\b\b\b\b\b\b\b\b\b\b\b\b\b\b\b\b\b\b\b\b\b\b\b\b\n\u001B[1m30/39\u001B[0m \u001B[32m━━━━━━━━━━━━━━━\u001B[0m\u001B[37m━━━━━\u001B[0m \u001B[1m0s\u001B[0m 4ms/step - loss: 0.0416\b\b\b\b\b\b\b\b\b\b\b\b\b\b\b\b\b\b\b\b\b\b\b\b\b\b\b\b\b\b\b\b\b\b\b\b\b\b\b\b\b\b\b\b\b\b\b\b\b\b\b\b\b\n\u001B[1m39/39\u001B[0m \u001B[32m━━━━━━━━━━━━━━━━━━━━\u001B[0m\u001B[37m\u001B[0m \u001B[1m0s\u001B[0m 4ms/step - loss: 0.0412 - val_loss: 0.0447\nEpoch 8/50\n\u001B[1m 1/39\u001B[0m \u001B[37m━━━━━━━━━━━━━━━━━━━━\u001B[0m \u001B[1m0s\u001B[0m 11ms/step - loss: 0.0384\b\b\b\b\b\b\b\b\b\b\b\b\b\b\b\b\b\b\b\b\b\b\b\b\b\b\b\b\b\b\b\b\b\b\b\b\b\b\b\b\b\b\b\b\b\b\b\b\b\b\b\b\b\b\n\u001B[1m16/39\u001B[0m \u001B[32m━━━━━━━━\u001B[0m\u001B[37m━━━━━━━━━━━━\u001B[0m \u001B[1m0s\u001B[0m 4ms/step - loss: 0.0370 \b\b\b\b\b\b\b\b\b\b\b\b\b\b\b\b\b\b\b\b\b\b\b\b\b\b\b\b\b\b\b\b\b\b\b\b\b\b\b\b\b\b\b\b\b\b\b\b\b\b\b\b\b\n\u001B[1m30/39\u001B[0m \u001B[32m━━━━━━━━━━━━━━━\u001B[0m\u001B[37m━━━━━\u001B[0m \u001B[1m0s\u001B[0m 4ms/step - loss: 0.0368\b\b\b\b\b\b\b\b\b\b\b\b\b\b\b\b\b\b\b\b\b\b\b\b\b\b\b\b\b\b\b\b\b\b\b\b\b\b\b\b\b\b\b\b\b\b\b\b\b\b\b\b\b\n\u001B[1m39/39\u001B[0m \u001B[32m━━━━━━━━━━━━━━━━━━━━\u001B[0m\u001B[37m\u001B[0m \u001B[1m0s\u001B[0m 4ms/step - loss: 0.0365 - val_loss: 0.0416\nEpoch 9/50\n\u001B[1m 1/39\u001B[0m \u001B[37m━━━━━━━━━━━━━━━━━━━━\u001B[0m \u001B[1m0s\u001B[0m 13ms/step - loss: 0.0348\b\b\b\b\b\b\b\b\b\b\b\b\b\b\b\b\b\b\b\b\b\b\b\b\b\b\b\b\b\b\b\b\b\b\b\b\b\b\b\b\b\b\b\b\b\b\b\b\b\b\b\b\b\b\n\u001B[1m15/39\u001B[0m \u001B[32m━━━━━━━\u001B[0m\u001B[37m━━━━━━━━━━━━━\u001B[0m \u001B[1m0s\u001B[0m 4ms/step - loss: 0.0329 \b\b\b\b\b\b\b\b\b\b\b\b\b\b\b\b\b\b\b\b\b\b\b\b\b\b\b\b\b\b\b\b\b\b\b\b\b\b\b\b\b\b\b\b\b\b\b\b\b\b\b\b\b\n\u001B[1m29/39\u001B[0m \u001B[32m━━━━━━━━━━━━━━\u001B[0m\u001B[37m━━━━━━\u001B[0m \u001B[1m0s\u001B[0m 4ms/step - loss: 0.0328\b\b\b\b\b\b\b\b\b\b\b\b\b\b\b\b\b\b\b\b\b\b\b\b\b\b\b\b\b\b\b\b\b\b\b\b\b\b\b\b\b\b\b\b\b\b\b\b\b\b\b\b\b\n\u001B[1m39/39\u001B[0m \u001B[32m━━━━━━━━━━━━━━━━━━━━\u001B[0m\u001B[37m\u001B[0m \u001B[1m0s\u001B[0m 4ms/step - loss: 0.0325 - val_loss: 0.0368\nEpoch 10/50\n\u001B[1m 1/39\u001B[0m \u001B[37m━━━━━━━━━━━━━━━━━━━━\u001B[0m \u001B[1m0s\u001B[0m 12ms/step - loss: 0.0299\b\b\b\b\b\b\b\b\b\b\b\b\b\b\b\b\b\b\b\b\b\b\b\b\b\b\b\b\b\b\b\b\b\b\b\b\b\b\b\b\b\b\b\b\b\b\b\b\b\b\b\b\b\b\n\u001B[1m15/39\u001B[0m \u001B[32m━━━━━━━\u001B[0m\u001B[37m━━━━━━━━━━━━━\u001B[0m \u001B[1m0s\u001B[0m 4ms/step - loss: 0.0304 \b\b\b\b\b\b\b\b\b\b\b\b\b\b\b\b\b\b\b\b\b\b\b\b\b\b\b\b\b\b\b\b\b\b\b\b\b\b\b\b\b\b\b\b\b\b\b\b\b\b\b\b\b\n\u001B[1m29/39\u001B[0m \u001B[32m━━━━━━━━━━━━━━\u001B[0m\u001B[37m━━━━━━\u001B[0m \u001B[1m0s\u001B[0m 4ms/step - loss: 0.0298\b\b\b\b\b\b\b\b\b\b\b\b\b\b\b\b\b\b\b\b\b\b\b\b\b\b\b\b\b\b\b\b\b\b\b\b\b\b\b\b\b\b\b\b\b\b\b\b\b\b\b\b\b\n\u001B[1m39/39\u001B[0m \u001B[32m━━━━━━━━━━━━━━━━━━━━\u001B[0m\u001B[37m\u001B[0m \u001B[1m0s\u001B[0m 4ms/step - loss: 0.0296 - val_loss: 0.0384\nEpoch 11/50\n\u001B[1m 1/39\u001B[0m \u001B[37m━━━━━━━━━━━━━━━━━━━━\u001B[0m \u001B[1m0s\u001B[0m 11ms/step - loss: 0.0233\b\b\b\b\b\b\b\b\b\b\b\b\b\b\b\b\b\b\b\b\b\b\b\b\b\b\b\b\b\b\b\b\b\b\b\b\b\b\b\b\b\b\b\b\b\b\b\b\b\b\b\b\b\b\n\u001B[1m15/39\u001B[0m \u001B[32m━━━━━━━\u001B[0m\u001B[37m━━━━━━━━━━━━━\u001B[0m \u001B[1m0s\u001B[0m 4ms/step - loss: 0.0259 \b\b\b\b\b\b\b\b\b\b\b\b\b\b\b\b\b\b\b\b\b\b\b\b\b\b\b\b\b\b\b\b\b\b\b\b\b\b\b\b\b\b\b\b\b\b\b\b\b\b\b\b\b\n\u001B[1m30/39\u001B[0m \u001B[32m━━━━━━━━━━━━━━━\u001B[0m\u001B[37m━━━━━\u001B[0m \u001B[1m0s\u001B[0m 4ms/step - loss: 0.0263\b\b\b\b\b\b\b\b\b\b\b\b\b\b\b\b\b\b\b\b\b\b\b\b\b\b\b\b\b\b\b\b\b\b\b\b\b\b\b\b\b\b\b\b\b\b\b\b\b\b\b\b\b\n\u001B[1m39/39\u001B[0m \u001B[32m━━━━━━━━━━━━━━━━━━━━\u001B[0m\u001B[37m\u001B[0m \u001B[1m0s\u001B[0m 4ms/step - loss: 0.0263 - val_loss: 0.0340\nEpoch 12/50\n\u001B[1m 1/39\u001B[0m \u001B[37m━━━━━━━━━━━━━━━━━━━━\u001B[0m \u001B[1m0s\u001B[0m 11ms/step - loss: 0.0259\b\b\b\b\b\b\b\b\b\b\b\b\b\b\b\b\b\b\b\b\b\b\b\b\b\b\b\b\b\b\b\b\b\b\b\b\b\b\b\b\b\b\b\b\b\b\b\b\b\b\b\b\b\b\n\u001B[1m15/39\u001B[0m \u001B[32m━━━━━━━\u001B[0m\u001B[37m━━━━━━━━━━━━━\u001B[0m \u001B[1m0s\u001B[0m 4ms/step - loss: 0.0249 \b\b\b\b\b\b\b\b\b\b\b\b\b\b\b\b\b\b\b\b\b\b\b\b\b\b\b\b\b\b\b\b\b\b\b\b\b\b\b\b\b\b\b\b\b\b\b\b\b\b\b\b\b\n\u001B[1m30/39\u001B[0m \u001B[32m━━━━━━━━━━━━━━━\u001B[0m\u001B[37m━━━━━\u001B[0m \u001B[1m0s\u001B[0m 4ms/step - loss: 0.0249\b\b\b\b\b\b\b\b\b\b\b\b\b\b\b\b\b\b\b\b\b\b\b\b\b\b\b\b\b\b\b\b\b\b\b\b\b\b\b\b\b\b\b\b\b\b\b\b\b\b\b\b\b\n\u001B[1m39/39\u001B[0m \u001B[32m━━━━━━━━━━━━━━━━━━━━\u001B[0m\u001B[37m\u001B[0m \u001B[1m0s\u001B[0m 4ms/step - loss: 0.0248 - val_loss: 0.0336\nEpoch 13/50\n\u001B[1m 1/39\u001B[0m \u001B[37m━━━━━━━━━━━━━━━━━━━━\u001B[0m \u001B[1m0s\u001B[0m 12ms/step - loss: 0.0253\b\b\b\b\b\b\b\b\b\b\b\b\b\b\b\b\b\b\b\b\b\b\b\b\b\b\b\b\b\b\b\b\b\b\b\b\b\b\b\b\b\b\b\b\b\b\b\b\b\b\b\b\b\b\n\u001B[1m16/39\u001B[0m \u001B[32m━━━━━━━━\u001B[0m\u001B[37m━━━━━━━━━━━━\u001B[0m \u001B[1m0s\u001B[0m 4ms/step - loss: 0.0245 \b\b\b\b\b\b\b\b\b\b\b\b\b\b\b\b\b\b\b\b\b\b\b\b\b\b\b\b\b\b\b\b\b\b\b\b\b\b\b\b\b\b\b\b\b\b\b\b\b\b\b\b\b\n\u001B[1m30/39\u001B[0m \u001B[32m━━━━━━━━━━━━━━━\u001B[0m\u001B[37m━━━━━\u001B[0m \u001B[1m0s\u001B[0m 4ms/step - loss: 0.0238\b\b\b\b\b\b\b\b\b\b\b\b\b\b\b\b\b\b\b\b\b\b\b\b\b\b\b\b\b\b\b\b\b\b\b\b\b\b\b\b\b\b\b\b\b\b\b\b\b\b\b\b\b\n\u001B[1m39/39\u001B[0m \u001B[32m━━━━━━━━━━━━━━━━━━━━\u001B[0m\u001B[37m\u001B[0m \u001B[1m0s\u001B[0m 4ms/step - loss: 0.0235 - val_loss: 0.0314\nEpoch 14/50\n\u001B[1m 1/39\u001B[0m \u001B[37m━━━━━━━━━━━━━━━━━━━━\u001B[0m \u001B[1m0s\u001B[0m 12ms/step - loss: 0.0246\b\b\b\b\b\b\b\b\b\b\b\b\b\b\b\b\b\b\b\b\b\b\b\b\b\b\b\b\b\b\b\b\b\b\b\b\b\b\b\b\b\b\b\b\b\b\b\b\b\b\b\b\b\b\n\u001B[1m14/39\u001B[0m \u001B[32m━━━━━━━\u001B[0m\u001B[37m━━━━━━━━━━━━━\u001B[0m \u001B[1m0s\u001B[0m 4ms/step - loss: 0.0223 \b\b\b\b\b\b\b\b\b\b\b\b\b\b\b\b\b\b\b\b\b\b\b\b\b\b\b\b\b\b\b\b\b\b\b\b\b\b\b\b\b\b\b\b\b\b\b\b\b\b\b\b\b\n\u001B[1m25/39\u001B[0m \u001B[32m━━━━━━━━━━━━\u001B[0m\u001B[37m━━━━━━━━\u001B[0m \u001B[1m0s\u001B[0m 4ms/step - loss: 0.0218\b\b\b\b\b\b\b\b\b\b\b\b\b\b\b\b\b\b\b\b\b\b\b\b\b\b\b\b\b\b\b\b\b\b\b\b\b\b\b\b\b\b\b\b\b\b\b\b\b\b\b\b\b\n\u001B[1m39/39\u001B[0m \u001B[32m━━━━━━━━━━━━━━━━━━━━\u001B[0m\u001B[37m\u001B[0m \u001B[1m0s\u001B[0m 4ms/step - loss: 0.0214 - val_loss: 0.0301\nEpoch 15/50\n\u001B[1m 1/39\u001B[0m \u001B[37m━━━━━━━━━━━━━━━━━━━━\u001B[0m \u001B[1m0s\u001B[0m 11ms/step - loss: 0.0213\b\b\b\b\b\b\b\b\b\b\b\b\b\b\b\b\b\b\b\b\b\b\b\b\b\b\b\b\b\b\b\b\b\b\b\b\b\b\b\b\b\b\b\b\b\b\b\b\b\b\b\b\b\b\n\u001B[1m13/39\u001B[0m \u001B[32m━━━━━━\u001B[0m\u001B[37m━━━━━━━━━━━━━━\u001B[0m \u001B[1m0s\u001B[0m 4ms/step - loss: 0.0200 \b\b\b\b\b\b\b\b\b\b\b\b\b\b\b\b\b\b\b\b\b\b\b\b\b\b\b\b\b\b\b\b\b\b\b\b\b\b\b\b\b\b\b\b\b\b\b\b\b\b\b\b\b\n\u001B[1m24/39\u001B[0m \u001B[32m━━━━━━━━━━━━\u001B[0m\u001B[37m━━━━━━━━\u001B[0m \u001B[1m0s\u001B[0m 5ms/step - loss: 0.0198\b\b\b\b\b\b\b\b\b\b\b\b\b\b\b\b\b\b\b\b\b\b\b\b\b\b\b\b\b\b\b\b\b\b\b\b\b\b\b\b\b\b\b\b\b\b\b\b\b\b\b\b\b\n\u001B[1m39/39\u001B[0m \u001B[32m━━━━━━━━━━━━━━━━━━━━\u001B[0m\u001B[37m\u001B[0m \u001B[1m0s\u001B[0m 4ms/step - loss: 0.0196\b\b\b\b\b\b\b\b\b\b\b\b\b\b\b\b\b\b\b\b\b\b\b\b\b\b\b\b\b\b\b\b\b\b\b\b\b\b\b\b\b\b\b\b\b\b\b\b\b\b\b\b\b\n\u001B[1m39/39\u001B[0m \u001B[32m━━━━━━━━━━━━━━━━━━━━\u001B[0m\u001B[37m\u001B[0m \u001B[1m0s\u001B[0m 5ms/step - loss: 0.0196 - val_loss: 0.0333\nEpoch 16/50\n\u001B[1m 1/39\u001B[0m \u001B[37m━━━━━━━━━━━━━━━━━━━━\u001B[0m \u001B[1m0s\u001B[0m 12ms/step - loss: 0.0199\b\b\b\b\b\b\b\b\b\b\b\b\b\b\b\b\b\b\b\b\b\b\b\b\b\b\b\b\b\b\b\b\b\b\b\b\b\b\b\b\b\b\b\b\b\b\b\b\b\b\b\b\b\b\n\u001B[1m14/39\u001B[0m \u001B[32m━━━━━━━\u001B[0m\u001B[37m━━━━━━━━━━━━━\u001B[0m \u001B[1m0s\u001B[0m 4ms/step - loss: 0.0191 \b\b\b\b\b\b\b\b\b\b\b\b\b\b\b\b\b\b\b\b\b\b\b\b\b\b\b\b\b\b\b\b\b\b\b\b\b\b\b\b\b\b\b\b\b\b\b\b\b\b\b\b\b\n\u001B[1m28/39\u001B[0m \u001B[32m━━━━━━━━━━━━━━\u001B[0m\u001B[37m━━━━━━\u001B[0m \u001B[1m0s\u001B[0m 4ms/step - loss: 0.0190\b\b\b\b\b\b\b\b\b\b\b\b\b\b\b\b\b\b\b\b\b\b\b\b\b\b\b\b\b\b\b\b\b\b\b\b\b\b\b\b\b\b\b\b\b\b\b\b\b\b\b\b\b\n\u001B[1m39/39\u001B[0m \u001B[32m━━━━━━━━━━━━━━━━━━━━\u001B[0m\u001B[37m\u001B[0m \u001B[1m0s\u001B[0m 4ms/step - loss: 0.0189 - val_loss: 0.0307\nEpoch 17/50\n\u001B[1m 1/39\u001B[0m \u001B[37m━━━━━━━━━━━━━━━━━━━━\u001B[0m \u001B[1m0s\u001B[0m 12ms/step - loss: 0.0190\b\b\b\b\b\b\b\b\b\b\b\b\b\b\b\b\b\b\b\b\b\b\b\b\b\b\b\b\b\b\b\b\b\b\b\b\b\b\b\b\b\b\b\b\b\b\b\b\b\b\b\b\b\b\n\u001B[1m15/39\u001B[0m \u001B[32m━━━━━━━\u001B[0m\u001B[37m━━━━━━━━━━━━━\u001B[0m \u001B[1m0s\u001B[0m 4ms/step - loss: 0.0182 \b\b\b\b\b\b\b\b\b\b\b\b\b\b\b\b\b\b\b\b\b\b\b\b\b\b\b\b\b\b\b\b\b\b\b\b\b\b\b\b\b\b\b\b\b\b\b\b\b\b\b\b\b\n\u001B[1m29/39\u001B[0m \u001B[32m━━━━━━━━━━━━━━\u001B[0m\u001B[37m━━━━━━\u001B[0m \u001B[1m0s\u001B[0m 4ms/step - loss: 0.0179\b\b\b\b\b\b\b\b\b\b\b\b\b\b\b\b\b\b\b\b\b\b\b\b\b\b\b\b\b\b\b\b\b\b\b\b\b\b\b\b\b\b\b\b\b\b\b\b\b\b\b\b\b\n\u001B[1m39/39\u001B[0m \u001B[32m━━━━━━━━━━━━━━━━━━━━\u001B[0m\u001B[37m\u001B[0m \u001B[1m0s\u001B[0m 4ms/step - loss: 0.0179 - val_loss: 0.0278\nEpoch 18/50\n\u001B[1m 1/39\u001B[0m \u001B[37m━━━━━━━━━━━━━━━━━━━━\u001B[0m \u001B[1m0s\u001B[0m 12ms/step - loss: 0.0154\b\b\b\b\b\b\b\b\b\b\b\b\b\b\b\b\b\b\b\b\b\b\b\b\b\b\b\b\b\b\b\b\b\b\b\b\b\b\b\b\b\b\b\b\b\b\b\b\b\b\b\b\b\b\n\u001B[1m16/39\u001B[0m \u001B[32m━━━━━━━━\u001B[0m\u001B[37m━━━━━━━━━━━━\u001B[0m \u001B[1m0s\u001B[0m 4ms/step - loss: 0.0163 \b\b\b\b\b\b\b\b\b\b\b\b\b\b\b\b\b\b\b\b\b\b\b\b\b\b\b\b\b\b\b\b\b\b\b\b\b\b\b\b\b\b\b\b\b\b\b\b\b\b\b\b\b\n\u001B[1m31/39\u001B[0m \u001B[32m━━━━━━━━━━━━━━━\u001B[0m\u001B[37m━━━━━\u001B[0m \u001B[1m0s\u001B[0m 4ms/step - loss: 0.0164\b\b\b\b\b\b\b\b\b\b\b\b\b\b\b\b\b\b\b\b\b\b\b\b\b\b\b\b\b\b\b\b\b\b\b\b\b\b\b\b\b\b\b\b\b\b\b\b\b\b\b\b\b\n\u001B[1m39/39\u001B[0m \u001B[32m━━━━━━━━━━━━━━━━━━━━\u001B[0m\u001B[37m\u001B[0m \u001B[1m0s\u001B[0m 4ms/step - loss: 0.0165 - val_loss: 0.0305\nEpoch 19/50\n\u001B[1m 1/39\u001B[0m \u001B[37m━━━━━━━━━━━━━━━━━━━━\u001B[0m \u001B[1m0s\u001B[0m 22ms/step - loss: 0.0151\b\b\b\b\b\b\b\b\b\b\b\b\b\b\b\b\b\b\b\b\b\b\b\b\b\b\b\b\b\b\b\b\b\b\b\b\b\b\b\b\b\b\b\b\b\b\b\b\b\b\b\b\b\b\n\u001B[1m13/39\u001B[0m \u001B[32m━━━━━━\u001B[0m\u001B[37m━━━━━━━━━━━━━━\u001B[0m \u001B[1m0s\u001B[0m 4ms/step - loss: 0.0160 \b\b\b\b\b\b\b\b\b\b\b\b\b\b\b\b\b\b\b\b\b\b\b\b\b\b\b\b\b\b\b\b\b\b\b\b\b\b\b\b\b\b\b\b\b\b\b\b\b\b\b\b\b\n\u001B[1m28/39\u001B[0m \u001B[32m━━━━━━━━━━━━━━\u001B[0m\u001B[37m━━━━━━\u001B[0m \u001B[1m0s\u001B[0m 4ms/step - loss: 0.0162\b\b\b\b\b\b\b\b\b\b\b\b\b\b\b\b\b\b\b\b\b\b\b\b\b\b\b\b\b\b\b\b\b\b\b\b\b\b\b\b\b\b\b\b\b\b\b\b\b\b\b\b\b\n\u001B[1m39/39\u001B[0m \u001B[32m━━━━━━━━━━━━━━━━━━━━\u001B[0m\u001B[37m\u001B[0m \u001B[1m0s\u001B[0m 4ms/step - loss: 0.0161 - val_loss: 0.0272\nEpoch 20/50\n\u001B[1m 1/39\u001B[0m \u001B[37m━━━━━━━━━━━━━━━━━━━━\u001B[0m \u001B[1m0s\u001B[0m 12ms/step - loss: 0.0138\b\b\b\b\b\b\b\b\b\b\b\b\b\b\b\b\b\b\b\b\b\b\b\b\b\b\b\b\b\b\b\b\b\b\b\b\b\b\b\b\b\b\b\b\b\b\b\b\b\b\b\b\b\b\n\u001B[1m15/39\u001B[0m \u001B[32m━━━━━━━\u001B[0m\u001B[37m━━━━━━━━━━━━━\u001B[0m \u001B[1m0s\u001B[0m 4ms/step - loss: 0.0149 \b\b\b\b\b\b\b\b\b\b\b\b\b\b\b\b\b\b\b\b\b\b\b\b\b\b\b\b\b\b\b\b\b\b\b\b\b\b\b\b\b\b\b\b\b\b\b\b\b\b\b\b\b\n\u001B[1m29/39\u001B[0m \u001B[32m━━━━━━━━━━━━━━\u001B[0m\u001B[37m━━━━━━\u001B[0m \u001B[1m0s\u001B[0m 4ms/step - loss: 0.0151\b\b\b\b\b\b\b\b\b\b\b\b\b\b\b\b\b\b\b\b\b\b\b\b\b\b\b\b\b\b\b\b\b\b\b\b\b\b\b\b\b\b\b\b\b\b\b\b\b\b\b\b\b\n\u001B[1m39/39\u001B[0m \u001B[32m━━━━━━━━━━━━━━━━━━━━\u001B[0m\u001B[37m\u001B[0m \u001B[1m0s\u001B[0m 4ms/step - loss: 0.0150 - val_loss: 0.0262\nEpoch 21/50\n\u001B[1m 1/39\u001B[0m \u001B[37m━━━━━━━━━━━━━━━━━━━━\u001B[0m \u001B[1m0s\u001B[0m 12ms/step - loss: 0.0161\b\b\b\b\b\b\b\b\b\b\b\b\b\b\b\b\b\b\b\b\b\b\b\b\b\b\b\b\b\b\b\b\b\b\b\b\b\b\b\b\b\b\b\b\b\b\b\b\b\b\b\b\b\b\n\u001B[1m15/39\u001B[0m \u001B[32m━━━━━━━\u001B[0m\u001B[37m━━━━━━━━━━━━━\u001B[0m \u001B[1m0s\u001B[0m 4ms/step - loss: 0.0154 \b\b\b\b\b\b\b\b\b\b\b\b\b\b\b\b\b\b\b\b\b\b\b\b\b\b\b\b\b\b\b\b\b\b\b\b\b\b\b\b\b\b\b\b\b\b\b\b\b\b\b\b\b\n\u001B[1m29/39\u001B[0m \u001B[32m━━━━━━━━━━━━━━\u001B[0m\u001B[37m━━━━━━\u001B[0m \u001B[1m0s\u001B[0m 4ms/step - loss: 0.0151\b\b\b\b\b\b\b\b\b\b\b\b\b\b\b\b\b\b\b\b\b\b\b\b\b\b\b\b\b\b\b\b\b\b\b\b\b\b\b\b\b\b\b\b\b\b\b\b\b\b\b\b\b\n\u001B[1m39/39\u001B[0m \u001B[32m━━━━━━━━━━━━━━━━━━━━\u001B[0m\u001B[37m\u001B[0m \u001B[1m0s\u001B[0m 4ms/step - loss: 0.0150 - val_loss: 0.0262\nEpoch 22/50\n\u001B[1m 1/39\u001B[0m \u001B[37m━━━━━━━━━━━━━━━━━━━━\u001B[0m \u001B[1m0s\u001B[0m 11ms/step - loss: 0.0122\b\b\b\b\b\b\b\b\b\b\b\b\b\b\b\b\b\b\b\b\b\b\b\b\b\b\b\b\b\b\b\b\b\b\b\b\b\b\b\b\b\b\b\b\b\b\b\b\b\b\b\b\b\b\n\u001B[1m16/39\u001B[0m \u001B[32m━━━━━━━━\u001B[0m\u001B[37m━━━━━━━━━━━━\u001B[0m \u001B[1m0s\u001B[0m 4ms/step - loss: 0.0142 \b\b\b\b\b\b\b\b\b\b\b\b\b\b\b\b\b\b\b\b\b\b\b\b\b\b\b\b\b\b\b\b\b\b\b\b\b\b\b\b\b\b\b\b\b\b\b\b\b\b\b\b\b\n\u001B[1m30/39\u001B[0m \u001B[32m━━━━━━━━━━━━━━━\u001B[0m\u001B[37m━━━━━\u001B[0m \u001B[1m0s\u001B[0m 4ms/step - loss: 0.0142\b\b\b\b\b\b\b\b\b\b\b\b\b\b\b\b\b\b\b\b\b\b\b\b\b\b\b\b\b\b\b\b\b\b\b\b\b\b\b\b\b\b\b\b\b\b\b\b\b\b\b\b\b\n\u001B[1m39/39\u001B[0m \u001B[32m━━━━━━━━━━━━━━━━━━━━\u001B[0m\u001B[37m\u001B[0m \u001B[1m0s\u001B[0m 4ms/step - loss: 0.0141 - val_loss: 0.0221\nEpoch 23/50\n\u001B[1m 1/39\u001B[0m \u001B[37m━━━━━━━━━━━━━━━━━━━━\u001B[0m \u001B[1m0s\u001B[0m 11ms/step - loss: 0.0131\b\b\b\b\b\b\b\b\b\b\b\b\b\b\b\b\b\b\b\b\b\b\b\b\b\b\b\b\b\b\b\b\b\b\b\b\b\b\b\b\b\b\b\b\b\b\b\b\b\b\b\b\b\b\n\u001B[1m15/39\u001B[0m \u001B[32m━━━━━━━\u001B[0m\u001B[37m━━━━━━━━━━━━━\u001B[0m \u001B[1m0s\u001B[0m 4ms/step - loss: 0.0132 \b\b\b\b\b\b\b\b\b\b\b\b\b\b\b\b\b\b\b\b\b\b\b\b\b\b\b\b\b\b\b\b\b\b\b\b\b\b\b\b\b\b\b\b\b\b\b\b\b\b\b\b\b\n\u001B[1m29/39\u001B[0m \u001B[32m━━━━━━━━━━━━━━\u001B[0m\u001B[37m━━━━━━\u001B[0m \u001B[1m0s\u001B[0m 4ms/step - loss: 0.0133\b\b\b\b\b\b\b\b\b\b\b\b\b\b\b\b\b\b\b\b\b\b\b\b\b\b\b\b\b\b\b\b\b\b\b\b\b\b\b\b\b\b\b\b\b\b\b\b\b\b\b\b\b\n\u001B[1m39/39\u001B[0m \u001B[32m━━━━━━━━━━━━━━━━━━━━\u001B[0m\u001B[37m\u001B[0m \u001B[1m0s\u001B[0m 4ms/step - loss: 0.0133 - val_loss: 0.0240\nEpoch 24/50\n\u001B[1m 1/39\u001B[0m \u001B[37m━━━━━━━━━━━━━━━━━━━━\u001B[0m \u001B[1m0s\u001B[0m 12ms/step - loss: 0.0155\b\b\b\b\b\b\b\b\b\b\b\b\b\b\b\b\b\b\b\b\b\b\b\b\b\b\b\b\b\b\b\b\b\b\b\b\b\b\b\b\b\b\b\b\b\b\b\b\b\b\b\b\b\b\n\u001B[1m15/39\u001B[0m \u001B[32m━━━━━━━\u001B[0m\u001B[37m━━━━━━━━━━━━━\u001B[0m \u001B[1m0s\u001B[0m 4ms/step - loss: 0.0138 \b\b\b\b\b\b\b\b\b\b\b\b\b\b\b\b\b\b\b\b\b\b\b\b\b\b\b\b\b\b\b\b\b\b\b\b\b\b\b\b\b\b\b\b\b\b\b\b\b\b\b\b\b\n\u001B[1m29/39\u001B[0m \u001B[32m━━━━━━━━━━━━━━\u001B[0m\u001B[37m━━━━━━\u001B[0m \u001B[1m0s\u001B[0m 4ms/step - loss: 0.0135\b\b\b\b\b\b\b\b\b\b\b\b\b\b\b\b\b\b\b\b\b\b\b\b\b\b\b\b\b\b\b\b\b\b\b\b\b\b\b\b\b\b\b\b\b\b\b\b\b\b\b\b\b\n\u001B[1m39/39\u001B[0m \u001B[32m━━━━━━━━━━━━━━━━━━━━\u001B[0m\u001B[37m\u001B[0m \u001B[1m0s\u001B[0m 4ms/step - loss: 0.0133 - val_loss: 0.0173\nEpoch 25/50\n\u001B[1m 1/39\u001B[0m \u001B[37m━━━━━━━━━━━━━━━━━━━━\u001B[0m \u001B[1m0s\u001B[0m 12ms/step - loss: 0.0131\b\b\b\b\b\b\b\b\b\b\b\b\b\b\b\b\b\b\b\b\b\b\b\b\b\b\b\b\b\b\b\b\b\b\b\b\b\b\b\b\b\b\b\b\b\b\b\b\b\b\b\b\b\b\n\u001B[1m15/39\u001B[0m \u001B[32m━━━━━━━\u001B[0m\u001B[37m━━━━━━━━━━━━━\u001B[0m \u001B[1m0s\u001B[0m 4ms/step - loss: 0.0130 \b\b\b\b\b\b\b\b\b\b\b\b\b\b\b\b\b\b\b\b\b\b\b\b\b\b\b\b\b\b\b\b\b\b\b\b\b\b\b\b\b\b\b\b\b\b\b\b\b\b\b\b\b\n\u001B[1m29/39\u001B[0m \u001B[32m━━━━━━━━━━━━━━\u001B[0m\u001B[37m━━━━━━\u001B[0m \u001B[1m0s\u001B[0m 4ms/step - loss: 0.0130\b\b\b\b\b\b\b\b\b\b\b\b\b\b\b\b\b\b\b\b\b\b\b\b\b\b\b\b\b\b\b\b\b\b\b\b\b\b\b\b\b\b\b\b\b\b\b\b\b\b\b\b\b\n\u001B[1m39/39\u001B[0m \u001B[32m━━━━━━━━━━━━━━━━━━━━\u001B[0m\u001B[37m\u001B[0m \u001B[1m0s\u001B[0m 4ms/step - loss: 0.0129 - val_loss: 0.0196\nEpoch 26/50\n\u001B[1m 1/39\u001B[0m \u001B[37m━━━━━━━━━━━━━━━━━━━━\u001B[0m \u001B[1m0s\u001B[0m 11ms/step - loss: 0.0126\b\b\b\b\b\b\b\b\b\b\b\b\b\b\b\b\b\b\b\b\b\b\b\b\b\b\b\b\b\b\b\b\b\b\b\b\b\b\b\b\b\b\b\b\b\b\b\b\b\b\b\b\b\b\n\u001B[1m15/39\u001B[0m \u001B[32m━━━━━━━\u001B[0m\u001B[37m━━━━━━━━━━━━━\u001B[0m \u001B[1m0s\u001B[0m 4ms/step - loss: 0.0126 \b\b\b\b\b\b\b\b\b\b\b\b\b\b\b\b\b\b\b\b\b\b\b\b\b\b\b\b\b\b\b\b\b\b\b\b\b\b\b\b\b\b\b\b\b\b\b\b\b\b\b\b\b\n\u001B[1m30/39\u001B[0m \u001B[32m━━━━━━━━━━━━━━━\u001B[0m\u001B[37m━━━━━\u001B[0m \u001B[1m0s\u001B[0m 4ms/step - loss: 0.0125\b\b\b\b\b\b\b\b\b\b\b\b\b\b\b\b\b\b\b\b\b\b\b\b\b\b\b\b\b\b\b\b\b\b\b\b\b\b\b\b\b\b\b\b\b\b\b\b\b\b\b\b\b\n\u001B[1m39/39\u001B[0m \u001B[32m━━━━━━━━━━━━━━━━━━━━\u001B[0m\u001B[37m\u001B[0m \u001B[1m0s\u001B[0m 4ms/step - loss: 0.0125 - val_loss: 0.0229\nEpoch 27/50\n\u001B[1m 1/39\u001B[0m \u001B[37m━━━━━━━━━━━━━━━━━━━━\u001B[0m \u001B[1m0s\u001B[0m 11ms/step - loss: 0.0105\b\b\b\b\b\b\b\b\b\b\b\b\b\b\b\b\b\b\b\b\b\b\b\b\b\b\b\b\b\b\b\b\b\b\b\b\b\b\b\b\b\b\b\b\b\b\b\b\b\b\b\b\b\b\n\u001B[1m15/39\u001B[0m \u001B[32m━━━━━━━\u001B[0m\u001B[37m━━━━━━━━━━━━━\u001B[0m \u001B[1m0s\u001B[0m 4ms/step - loss: 0.0123 \b\b\b\b\b\b\b\b\b\b\b\b\b\b\b\b\b\b\b\b\b\b\b\b\b\b\b\b\b\b\b\b\b\b\b\b\b\b\b\b\b\b\b\b\b\b\b\b\b\b\b\b\b\n\u001B[1m30/39\u001B[0m \u001B[32m━━━━━━━━━━━━━━━\u001B[0m\u001B[37m━━━━━\u001B[0m \u001B[1m0s\u001B[0m 4ms/step - loss: 0.0122\b\b\b\b\b\b\b\b\b\b\b\b\b\b\b\b\b\b\b\b\b\b\b\b\b\b\b\b\b\b\b\b\b\b\b\b\b\b\b\b\b\b\b\b\b\b\b\b\b\b\b\b\b\n\u001B[1m39/39\u001B[0m \u001B[32m━━━━━━━━━━━━━━━━━━━━\u001B[0m\u001B[37m\u001B[0m \u001B[1m0s\u001B[0m 4ms/step - loss: 0.0121 - val_loss: 0.0267\nWARNING:absl:You are saving your model as an HDF5 file via `model.save()` or `keras.saving.save_model(model)`. This file format is considered legacy. We recommend using instead the native Keras format, e.g. `model.save('my_model.keras')` or `keras.saving.save_model(model, 'my_model.keras')`. \n\u001B[1m 1/10\u001B[0m \u001B[32m━━\u001B[0m\u001B[37m━━━━━━━━━━━━━━━━━━\u001B[0m \u001B[1m0s\u001B[0m 93ms/step\b\b\b\b\b\b\b\b\b\b\b\b\b\b\b\b\b\b\b\b\b\b\b\b\b\b\b\b\b\b\b\b\b\b\b\b\b\b\b\n\u001B[1m10/10\u001B[0m \u001B[32m━━━━━━━━━━━━━━━━━━━━\u001B[0m\u001B[37m\u001B[0m \u001B[1m0s\u001B[0m 18ms/step\b\b\b\b\b\b\b\b\b\b\b\b\b\b\b\b\b\b\b\b\b\b\b\b\b\b\b\b\b\b\b\b\b\b\b\b\b\b\b\n\u001B[1m10/10\u001B[0m \u001B[32m━━━━━━━━━━━━━━━━━━━━\u001B[0m\u001B[37m\u001B[0m \u001B[1m0s\u001B[0m 18ms/step\nModel training completed, predictions made and saved!\n",
  "history_begin_time" : 1728011439823,
  "history_end_time" : 1728011458931,
  "history_notes" : null,
  "history_process" : "s20a2d",
  "host_id" : "100001",
  "indicator" : "Done"
},{
  "history_id" : "9sxfs5cq46k",
  "history_input" : "No code saved",
  "history_output" : "Skipped",
  "history_begin_time" : 1728011268903,
  "history_end_time" : 1728011268903,
  "history_notes" : null,
  "history_process" : "xnk7n1",
  "host_id" : "100001",
  "indicator" : "Skipped"
},{
  "history_id" : "3ybuz5w78yl",
  "history_input" : "# import pandas as pd\n# import matplotlib.pyplot as plt\n# import seaborn as sns\n\n# def visualize(file_name, predictions_file, anomalies_file):\n#     data = pd.read_csv(file_name)\n#     predictions = pd.read_csv(predictions_file)\n#     anomalies = pd.read_csv(anomalies_file)\n    \n#     plt.figure(figsize=(12, 8))\n    \n#     # Plotting temperature trends with predictions\n#     plt.subplot(2, 1, 1)\n#     plt.plot(data['Year'], data['Temp_Value'], label='Observed Temperature')\n#     plt.plot(predictions['Year'], predictions['Temp_Prediction'], label='Predicted Temperature', linestyle='--')\n#     plt.title('Temperature Trends and Predictions')\n#     plt.xlabel('Year')\n#     plt.ylabel('Temperature (°C)')\n#     plt.legend()\n    \n#     # Plotting precipitation trends with predictions\n#     plt.subplot(2, 1, 2)\n#     plt.plot(data['Year'], data['Precipitation'], label='Observed Precipitation')\n#     plt.plot(predictions['Year'], predictions['Precip_Prediction'], label='Predicted Precipitation', linestyle='--')\n#     plt.title('Precipitation Trends and Predictions')\n#     plt.xlabel('Year')\n#     plt.ylabel('Precipitation (mm)')\n#     plt.legend()\n    \n#     # Highlighting anomalies\n#     sns.scatterplot(data=anomalies, x='Year', y='Temp_Value', hue='Cluster', palette='deep', legend='full', s=100)\n    \n#     plt.tight_layout()\n#     plt.savefig('climate_trends_and_anomalies.png')\n#     plt.show()\n\n# if __name__ == \"__main__\":\n#     visualize('/Users/vishesh/Desktop/geo_project/analyzed_climate_data.csv', '/Users/vishesh/Desktop/geo_project/predicted_climate_data.csv', '/Users/vishesh/Desktop/geo_project/anomaly_detected_data.csv')\n\n\n\n\n\nimport numpy as np\nimport matplotlib.pyplot as plt\nimport joblib\n\n# Step 1: Load predictions, actual values, and scaler\npredictions = np.load('/Users/vishesh/gw-workspace/9I3eI9y6wb9B/predictions.npy')\ndata = np.load('/Users/vishesh/gw-workspace/L6gDfkNJofh8/preprocessed_data.npz')\ny_test = data['y_test']\n\n# Load the scaler for inverse transformation\nscaler = joblib.load('/Users/vishesh/gw-workspace/f7bNu3SQ6blN/scaler.pkl')\n\n# Step 2: Inverse scale the predictions and real values\npredicted_values = scaler.inverse_transform(predictions)\nreal_values = scaler.inverse_transform(y_test.reshape(-1, 1))\n\n# Step 3: Visualize the loss over epochs and print loss values\nhistory = np.load('/Users/vishesh/gw-workspace/9I3eI9y6wb9B/training_history.npy', allow_pickle=True).item()\n\n# Print the loss values after each epoch\ntrain_loss = history['loss']\nval_loss = history['val_loss']\n\nprint(\"Epoch-wise Losses:\")\nfor i in range(len(train_loss)):\n    print(f\"Epoch {i+1}: Train Loss = {train_loss[i]}, Validation Loss = {val_loss[i]}\")\n\n# Plot the loss curves\nplt.plot(train_loss, label='Train Loss')\nplt.plot(val_loss, label='Validation Loss')\nplt.title('Model Loss over Epochs')\nplt.xlabel('Epochs')\nplt.ylabel('Loss')\nplt.legend()\nplt.show()\n\n# Step 4: Visualize the predicted vs actual values\nplt.plot(real_values, color='blue', label='Real Temperature Values')\nplt.plot(predicted_values, color='red', label='Predicted Temperature Values')\nplt.title('Real vs Predicted Temperature Values')\nplt.xlabel('Time')\nplt.ylabel('Temperature')\nplt.legend()\nplt.show()\n",
  "history_output" : "Epoch-wise Losses:\nEpoch 1: Train Loss = 0.03072919137775898, Validation Loss = 0.01742088980972767\nEpoch 2: Train Loss = 0.011098137125372887, Validation Loss = 0.02268320694565773\nEpoch 3: Train Loss = 0.010209755040705204, Validation Loss = 0.01720193214714527\nEpoch 4: Train Loss = 0.00854005292057991, Validation Loss = 0.012641695328056812\nEpoch 5: Train Loss = 0.007384682539850473, Validation Loss = 0.017973309382796288\nEpoch 6: Train Loss = 0.006740374490618706, Validation Loss = 0.009798855520784855\nEpoch 7: Train Loss = 0.005943419877439737, Validation Loss = 0.010053860954940319\nEpoch 8: Train Loss = 0.00539526529610157, Validation Loss = 0.01057480089366436\nEpoch 9: Train Loss = 0.005453225690871477, Validation Loss = 0.00832605641335249\nEpoch 10: Train Loss = 0.005200219806283712, Validation Loss = 0.006214628461748362\nEpoch 11: Train Loss = 0.005218852777034044, Validation Loss = 0.006327028851956129\nEpoch 12: Train Loss = 0.005223800893872976, Validation Loss = 0.011008824221789837\nEpoch 13: Train Loss = 0.0046732318587601185, Validation Loss = 0.0043561640195548534\nEpoch 14: Train Loss = 0.004665676970034838, Validation Loss = 0.005817031487822533\nEpoch 15: Train Loss = 0.004796288441866636, Validation Loss = 0.009089156053960323\nEpoch 16: Train Loss = 0.004646167159080505, Validation Loss = 0.013137206435203552\nEpoch 17: Train Loss = 0.005103453528136015, Validation Loss = 0.003600385505706072\nEpoch 18: Train Loss = 0.0041281539015471935, Validation Loss = 0.005638223607093096\nEpoch 19: Train Loss = 0.004267961252480745, Validation Loss = 0.006245030555874109\nEpoch 20: Train Loss = 0.004086713772267103, Validation Loss = 0.0034914754796773195\n2024-10-03 23:11:31.707 python[92464:11208715] +[IMKClient subclass]: chose IMKClient_Legacy\n2024-10-03 23:11:31.707 python[92464:11208715] +[IMKInputSession subclass]: chose IMKInputSession_Legacy\n",
  "history_begin_time" : 1728011490483,
  "history_end_time" : 1728011499859,
  "history_notes" : null,
  "history_process" : "x4ch0z",
  "host_id" : "100001",
  "indicator" : "Done"
},{
  "history_id" : "teddsmo4dp1",
  "history_input" : "# import numpy as np\n# import pandas as pd\n# from sklearn.preprocessing import MinMaxScaler\n# from sklearn.model_selection import train_test_split\n# import joblib\n# import matplotlib.pyplot as plt\n\n# # Step 1: Load the dataset\n# file_path = '/Users/vishesh/Desktop/geo_project/data.csv'\n# data = pd.read_csv(file_path, skiprows=3)\n\n# # Step 2: Preprocess the data\n# data['Date'] = pd.to_datetime(data['Date'], format='%Y%m')\n# values = data['Value'].values\n\n# # Step 3: Normalize the data for LSTM\n# scaler = MinMaxScaler(feature_range=(0, 1))\n# scaled_data = scaler.fit_transform(values.reshape(-1, 1))\n\n# # Save the scaler for inverse transformation later\n# joblib.dump(scaler, 'scaler.pkl')\n\n# # Step 4: Create sequences for LSTM\n# def create_sequences(data, sequence_length):\n#     sequences = []\n#     targets = []\n#     for i in range(len(data) - sequence_length):\n#         seq = data[i:i + sequence_length]\n#         target = data[i + sequence_length]\n#         sequences.append(seq)\n#         targets.append(target)\n#     return np.array(sequences), np.array(targets)\n\n# sequence_length = 12  # 12 months\n# X, y = create_sequences(scaled_data, sequence_length)\n\n# # Step 5: Split into training and test sets\n# X_train, X_test, y_train, y_test = train_test_split(X, y, test_size=0.2, shuffle=False)\n\n# # Reshape the data for LSTM\n# X_train = np.reshape(X_train, (X_train.shape[0], X_train.shape[1], 1))\n# X_test = np.reshape(X_test, (X_test.shape[0], X_test.shape[1], 1))\n\n# # Step 6: Save preprocessed data for later use\n# np.savez('preprocessed_data.npz', X_train=X_train, X_test=X_test, y_train=y_train, y_test=y_test)\n\n# print(\"Data preprocessing completed and saved!\")\n\n\n\n# plt.figure(figsize=(10,6))\n# plt.plot(data['Date'], data['Value'], label='Temperature Values')\n# plt.title('Temperature Values Over Time')\n# plt.xlabel('Date')\n# plt.ylabel('Temperature (Degrees Fahrenheit)')\n# plt.grid(True)\n# plt.legend()\n# plt.show()\n\n\n\n\nimport numpy as np\nimport pandas as pd\nfrom sklearn.preprocessing import MinMaxScaler\nfrom sklearn.model_selection import train_test_split\nimport joblib\nimport matplotlib.pyplot as plt\n\n# Step 1: Load the dataset\nfile_path = '/Users/vishesh/Desktop/geo_project/data.csv'\ndata = pd.read_csv(file_path, skiprows=3)\n\n# Step 2: Preprocess the data\ndata['Date'] = pd.to_datetime(data['Date'], format='%Y%m')\nvalues = data['Value'].values\n\n# Step 3: Normalize the data for LSTM\nscaler = MinMaxScaler(feature_range=(0, 1))\nscaled_data = scaler.fit_transform(values.reshape(-1, 1))\n\n# Save the scaler for inverse transformation later\njoblib.dump(scaler, 'scaler.pkl')\n\n# Step 4: Create sequences for LSTM\ndef create_sequences(data, sequence_length):\n    sequences = []\n    targets = []\n    for i in range(len(data) - sequence_length):\n        seq = data[i:i + sequence_length]\n        target = data[i + sequence_length]\n        sequences.append(seq)\n        targets.append(target)\n    return np.array(sequences), np.array(targets)\n\nsequence_length = 12  # 12 months\nX, y = create_sequences(scaled_data, sequence_length)\n\n# Step 5: Split into training and test sets\nX_train, X_test, y_train, y_test = train_test_split(X, y, test_size=0.2, shuffle=False)\n\n# Reshape the data for LSTM\nX_train = np.reshape(X_train, (X_train.shape[0], X_train.shape[1], 1))\nX_test = np.reshape(X_test, (X_test.shape[0], X_test.shape[1], 1))\n\n# Step 6: Save preprocessed data for later use, including dates\nnp.savez('preprocessed_data.npz', \n         X_train=X_train, \n         X_test=X_test, \n         y_train=y_train, \n         y_test=y_test, \n         dates=data['Date'].values[sequence_length:])  # Ensure dates align with the created sequences\n\nprint(\"Data preprocessing completed and saved!\")\n\n# Plotting the original data\nplt.figure(figsize=(10, 6))\nplt.plot(data['Date'], data['Value'], label='Temperature Values')\nplt.title('Temperature Values Over Time')\nplt.xlabel('Date')\nplt.ylabel('Temperature (Degrees Fahrenheit)')\nplt.grid(True)\nplt.legend()\nplt.show()\n",
  "history_output" : "Data preprocessing completed and saved!\n2024-10-03 23:07:57.877 python[92324:11200257] +[IMKClient subclass]: chose IMKClient_Legacy\n2024-10-03 23:07:57.877 python[92324:11200257] +[IMKInputSession subclass]: chose IMKInputSession_Legacy\n",
  "history_begin_time" : 1728011270141,
  "history_end_time" : 1728011438791,
  "history_notes" : null,
  "history_process" : "keghqi",
  "host_id" : "100001",
  "indicator" : "Done"
},{
  "history_id" : "e5edl1e2uik",
  "history_input" : "No code saved",
  "history_output" : "Skipped",
  "history_begin_time" : 1728011268912,
  "history_end_time" : 1728011268912,
  "history_notes" : null,
  "history_process" : "fhhx69",
  "host_id" : "100001",
  "indicator" : "Skipped"
},{
  "history_id" : "f0pqf1e7kjy",
  "history_input" : "No code saved",
  "history_output" : "Skipped",
  "history_begin_time" : 1728011268914,
  "history_end_time" : 1728011268914,
  "history_notes" : null,
  "history_process" : "rfwos9",
  "host_id" : "100001",
  "indicator" : "Skipped"
},{
  "history_id" : "b8y8ueexjyl",
  "history_input" : "import numpy as np\nimport optuna\nimport matplotlib.pyplot as plt\nfrom sklearn.metrics import mean_absolute_error\nfrom sklearn.model_selection import train_test_split\nfrom tensorflow.keras.models import Sequential, Model\nfrom tensorflow.keras.layers import Dense, Dropout, Conv1D, MaxPooling1D, Flatten, LSTM, Input, MultiHeadAttention, LayerNormalization, Add\nfrom tensorflow.keras.optimizers import Adam\nfrom pytorch_tabnet.tab_model import TabNetRegressor\n\n# Load preprocessed data\ndata_path = '/Users/vishesh/gw-workspace/L6gDfkNJofh8/preprocessed_data.npz'\ndata = np.load(data_path)\n\n# List all variable names in the .npz file to identify contents\nprint(\"Variables in the .npz file:\", data.files)\n\n# Load data based on contents of the .npz file\nX_train = data['X_train']\ny_train = data['y_train']\n\n# Check if 'X_val' and 'y_val' exist; if not, create validation split\nif 'X_val' in data.files and 'y_val' in data.files:\n    X_val = data['X_val']\n    y_val = data['y_val']\nelse:\n    # Split the data into training and validation sets\n    X_train, X_val, y_train, y_val = train_test_split(X_train, y_train, test_size=0.2, random_state=42)\n\n# Initialize a dictionary to store model performance\nmodel_performance = {}\n\n# Define the function to create various models\ndef create_model(trial):\n    input_shape = X_train.shape[1]\n    model_type = trial.suggest_categorical('model_type', ['dense', 'cnn', 'lstm', 'transformer'])\n    # model_type = trial.suggest_categorical('model_type', ['dense', 'cnn', 'lstm', 'transformer', 'tabnet'])\n\n    if model_type == 'dense':\n        model = Sequential()\n        model.add(Input(shape=(input_shape,)))  # Use Input layer to specify input shape\n        num_layers = trial.suggest_int('num_layers', 1, 5)\n        for i in range(num_layers):\n            num_units = trial.suggest_int(f'num_units_l{i}', 16, 128, log=True)\n            model.add(Dense(num_units, activation='relu'))\n            dropout_rate = trial.suggest_float(f'dropout_rate_l{i}', 0.1, 0.5)\n            model.add(Dropout(dropout_rate))\n        model.add(Dense(1, activation='linear'))\n    \n    elif model_type == 'cnn':\n        model = Sequential()\n        model.add(Input(shape=(input_shape, 1)))  # Use Input layer for CNN input shape\n        model.add(Conv1D(filters=trial.suggest_int('filters', 16, 64, log=True),\n                         kernel_size=trial.suggest_int('kernel_size', 3, 5),\n                         activation='relu'))\n        model.add(MaxPooling1D(pool_size=2))\n        model.add(Flatten())\n        model.add(Dense(1, activation='linear'))\n    \n    elif model_type == 'lstm':\n        model = Sequential()\n        model.add(Input(shape=(input_shape, 1)))  # Use Input layer for LSTM input shape\n        model.add(LSTM(units=trial.suggest_int('lstm_units', 16, 64, log=True)))\n        model.add(Dense(1, activation='linear'))\n    \n    elif model_type == 'transformer':\n        inputs = Input(shape=(input_shape, 1))\n        attention = MultiHeadAttention(num_heads=trial.suggest_int('num_heads', 2, 8), key_dim=trial.suggest_int('key_dim', 16, 64))(inputs, inputs)\n        attention = Add()([inputs, attention])\n        attention = LayerNormalization(epsilon=1e-6)(attention)\n        outputs = Flatten()(attention)\n        outputs = Dense(1, activation='linear')(outputs)\n        model = Model(inputs=inputs, outputs=outputs)\n    \n    # elif model_type == 'tabnet':\n    #     tabnet_model = TabNetRegressor(\n    #         n_d=trial.suggest_int('n_d', 8, 64),\n    #         n_a=trial.suggest_int('n_a', 8, 64),\n    #         n_steps=trial.suggest_int('n_steps', 3, 10),\n    #         gamma=trial.suggest_float('gamma', 1.0, 2.0),\n    #         lambda_sparse=trial.suggest_float('lambda_sparse', 1e-6, 1e-3)\n    #     )\n    #     tabnet_model.fit(\n    #         X_train, y_train,\n    #         eval_set=[(X_val, y_val)],\n    #         eval_metric=['mae'],\n    #         max_epochs=100,\n    #         patience=10,\n    #         batch_size=256,\n    #         virtual_batch_size=128\n    #     )\n    #     return tabnet_model\n\n    learning_rate = trial.suggest_float('learning_rate', 1e-5, 1e-2, log=True)\n    model.compile(optimizer=Adam(learning_rate=learning_rate), loss='mean_squared_error', metrics=['mean_absolute_error'])\n\n    return model\n\n# Define the objective function for Optuna\ndef objective(trial):\n    model = create_model(trial)\n\n    if isinstance(model, TabNetRegressor):\n        model.fit(\n            X_train, y_train,\n            eval_set=[(X_val, y_val)],\n            eval_metric=['mae'],\n            max_epochs=100,\n            patience=10,\n            batch_size=256,\n            virtual_batch_size=128\n        )\n        y_pred = model.predict(X_val)\n        mae = mean_absolute_error(y_val, y_pred)\n    else:\n        model.fit(X_train, y_train, validation_data=(X_val, y_val), epochs=10, batch_size=32, verbose=0)\n        _, mae = model.evaluate(X_val, y_val, verbose=0)\n\n    model_type = trial.params['model_type']\n    model_performance[model_type] = mae\n    return mae\n\n# Run the Bayesian optimization\nstudy = optuna.create_study(direction='minimize')\nstudy.optimize(objective, n_trials=10)  # Set n_trials as needed\n\n# Get the best hyperparameters\nbest_params = study.best_params\nprint(f\"Best hyperparameters: {best_params}\")\n\n# Display performance of each model\nprint(\"Model performance (MAE):\")\nfor model_type, mae in model_performance.items():\n    print(f\"{model_type}: {mae}\")\n\n# Plot the model performance\nplt.figure(figsize=(10, 5))\nplt.bar(model_performance.keys(), model_performance.values(), color='skyblue')\nplt.xlabel('Model Type')\nplt.ylabel('Mean Absolute Error')\nplt.title('Model Performance Comparison')\nplt.show()\n",
  "history_output" : "Variables in the .npz file: ['X_train', 'X_test', 'y_train', 'y_test']\n[I 2024-10-03 23:10:55,562] A new study created in memory with name: no-name-0d94d0b1-9ec6-4c0b-a9f2-4323199d3305\n[I 2024-10-03 23:10:56,869] Trial 0 finished with value: 0.06810153275728226 and parameters: {'model_type': 'lstm', 'lstm_units': 23, 'learning_rate': 0.00016458057836679857}. Best is trial 0 with value: 0.06810153275728226.\n[I 2024-10-03 23:10:58,053] Trial 1 finished with value: 0.038279592990875244 and parameters: {'model_type': 'lstm', 'lstm_units': 17, 'learning_rate': 0.008673785615614514}. Best is trial 1 with value: 0.038279592990875244.\n[I 2024-10-03 23:10:58,768] Trial 2 finished with value: 0.49515610933303833 and parameters: {'model_type': 'dense', 'num_layers': 1, 'num_units_l0': 31, 'dropout_rate_l0': 0.30056478919623547, 'learning_rate': 1.1992027067182207e-05}. Best is trial 1 with value: 0.038279592990875244.\n[I 2024-10-03 23:11:00,041] Trial 3 finished with value: 0.38445496559143066 and parameters: {'model_type': 'transformer', 'num_heads': 8, 'key_dim': 20, 'learning_rate': 1.1100844716525229e-05}. Best is trial 1 with value: 0.038279592990875244.\n[I 2024-10-03 23:11:01,225] Trial 4 finished with value: 0.04648001492023468 and parameters: {'model_type': 'lstm', 'lstm_units': 31, 'learning_rate': 0.0012640763005391698}. Best is trial 1 with value: 0.038279592990875244.\n[I 2024-10-03 23:11:01,911] Trial 5 finished with value: 0.07371745258569717 and parameters: {'model_type': 'dense', 'num_layers': 2, 'num_units_l0': 42, 'dropout_rate_l0': 0.3728778137788267, 'num_units_l1': 93, 'dropout_rate_l1': 0.45619513592755984, 'learning_rate': 0.0002980663109305768}. Best is trial 1 with value: 0.038279592990875244.\n[I 2024-10-03 23:11:03,043] Trial 6 finished with value: 0.06497469544410706 and parameters: {'model_type': 'lstm', 'lstm_units': 20, 'learning_rate': 0.0006790416863986281}. Best is trial 1 with value: 0.038279592990875244.\n[I 2024-10-03 23:11:03,632] Trial 7 finished with value: 0.05243432894349098 and parameters: {'model_type': 'cnn', 'filters': 40, 'kernel_size': 3, 'learning_rate': 0.0011460088530993065}. Best is trial 1 with value: 0.038279592990875244.\n[I 2024-10-03 23:11:04,859] Trial 8 finished with value: 0.38286954164505005 and parameters: {'model_type': 'transformer', 'num_heads': 2, 'key_dim': 55, 'learning_rate': 2.313234754253923e-05}. Best is trial 1 with value: 0.038279592990875244.\n[I 2024-10-03 23:11:05,615] Trial 9 finished with value: 0.04755806550383568 and parameters: {'model_type': 'cnn', 'filters': 24, 'kernel_size': 5, 'learning_rate': 0.0009275449986339527}. Best is trial 1 with value: 0.038279592990875244.\nBest hyperparameters: {'model_type': 'lstm', 'lstm_units': 17, 'learning_rate': 0.008673785615614514}\nModel performance (MAE):\nlstm: 0.06497469544410706\ndense: 0.07371745258569717\ntransformer: 0.38286954164505005\ncnn: 0.04755806550383568\n2024-10-03 23:11:06.186 python[92420:11203687] +[IMKClient subclass]: chose IMKClient_Legacy\n2024-10-03 23:11:06.186 python[92420:11203687] +[IMKInputSession subclass]: chose IMKInputSession_Legacy\n",
  "history_begin_time" : 1728011439826,
  "history_end_time" : 1728011489892,
  "history_notes" : null,
  "history_process" : "vnrvoi",
  "host_id" : "100001",
  "indicator" : "Done"
},{
  "history_id" : "3ck2urqzz42",
  "history_input" : "No code saved",
  "history_output" : "Skipped",
  "history_begin_time" : 1728011268919,
  "history_end_time" : 1728011268919,
  "history_notes" : null,
  "history_process" : "0lsb3i",
  "host_id" : "100001",
  "indicator" : "Skipped"
},{
  "history_id" : "hv2i8putwp6",
  "history_input" : "No code saved",
  "history_output" : "Skipped",
  "history_begin_time" : 1728011268921,
  "history_end_time" : 1728011268921,
  "history_notes" : null,
  "history_process" : "yqiqdt",
  "host_id" : "100001",
  "indicator" : "Skipped"
},{
  "history_id" : "r2d7mmflsv4",
  "history_input" : "No code saved",
  "history_output" : "Skipped",
  "history_begin_time" : 1728011268923,
  "history_end_time" : 1728011268923,
  "history_notes" : null,
  "history_process" : "y30gbw",
  "host_id" : "100001",
  "indicator" : "Skipped"
},{
  "history_id" : "a0u7qt64izu",
  "history_input" : "# import numpy as np\nimport pandas as pd\n# import matplotlib.pyplot as plt\n# from sklearn.metrics import mean_absolute_error, mean_squared_error, r2_score\n# import joblib\n\n# # Load predictions, actual values, and scaler\n# predictions = np.load('/Users/vishesh/gw-workspace/9I3eI9y6wb9B/predictions.npy')\n# data = np.load('/Users/vishesh/gw-workspace/L6gDfkNJofh8/preprocessed_data.npz')\n# y_test = data['y_test']\n\n# # Load the scaler for inverse transformation\n# scaler = joblib.load('/Users/vishesh/gw-workspace/f7bNu3SQ6blN/scaler.pkl')\n\n# # Step 1: Inverse scale the predictions and real values\n# predicted_values = scaler.inverse_transform(predictions)\n# real_values = scaler.inverse_transform(y_test.reshape(-1, 1))\n\n# # Step 2: Evaluation Metrics\n# mae = mean_absolute_error(real_values, predicted_values)\n# mse = mean_squared_error(real_values, predicted_values)\n# rmse = np.sqrt(mse)\n# r2 = r2_score(real_values, predicted_values)\n\n# print(f\"Mean Absolute Error (MAE): {mae}\")\n# print(f\"Mean Squared Error (MSE): {mse}\")\n# print(f\"Root Mean Squared Error (RMSE): {rmse}\")\n# print(f\"R-squared (R²): {r2}\")\n\n# # Step 3: Error Distribution Plot\n# errors = real_values - predicted_values\n# plt.figure(figsize=(10, 6))\n# plt.hist(errors, bins=50, color='skyblue', edgecolor='black')\n# plt.title('Error Distribution')\n# plt.xlabel('Error')\n# plt.ylabel('Frequency')\n# plt.grid(True)\n# plt.show()\n\n# # Step 4: Seasonal Error Analysis (if Date information is available)\n# date_series = pd.to_datetime(data['Date'], format='%Y%m')\n# seasonal_errors = pd.DataFrame({'Date': date_series, 'Error': errors.flatten()})\n# seasonal_errors['Month'] = seasonal_errors['Date'].dt.month\n\n# # Calculate average error for each month\n# monthly_error = seasonal_errors.groupby('Month')['Error'].mean()\n# plt.figure(figsize=(10, 6))\n# monthly_error.plot(kind='bar', color='coral', edgecolor='black')\n# plt.title('Average Error by Month')\n# plt.xlabel('Month')\n# plt.ylabel('Average Error')\n# plt.grid(True)\n# plt.show()\n\n# # Step 5: Backtesting\n# # Here, a rolling forecast is performed by retraining the model iteratively. This is a placeholder implementation.\n# # Replace this with your specific model training code.\n# backtest_steps = 12  # Example: 12 months\n# backtest_real = []\n# backtest_pred = []\n\n# for i in range(backtest_steps, len(real_values)):\n#     # Perform training using historical data up to the current point\n#     current_train_data = real_values[:i]\n#     # (Insert model training code here)\n#     # Predict the next step\n#     current_prediction = predicted_values[i]  # Replace with model's predicted output\n#     backtest_real.append(real_values[i])\n#     backtest_pred.append(current_prediction)\n\n# # Visualizing backtest results\n# plt.figure(figsize=(10, 6))\n# plt.plot(backtest_real, color='blue', label='Real Values')\n# plt.plot(backtest_pred, color='red', label='Backtest Predictions')\n# plt.title('Backtesting Real vs Predicted Values')\n# plt.xlabel('Time')\n# plt.ylabel('Temperature')\n# plt.legend()\n# plt.show()\n\n\nimport numpy as np\nimport matplotlib.pyplot as plt\nfrom sklearn.metrics import mean_squared_error, r2_score, mean_absolute_error\nimport joblib\n\n# Load predictions, actual values, and scaler\npredictions = np.load('/Users/vishesh/gw-workspace/9I3eI9y6wb9B/predictions.npy')\ndata = np.load('/Users/vishesh/gw-workspace/L6gDfkNJofh8/preprocessed_data.npz')\ny_test = data['y_test']\ndates = pd.to_datetime(data['dates'], format='%Y-%m-%d')  # Adjust format based on your date column\n\n# Load the scaler for inverse transformation\nscaler = joblib.load('/Users/vishesh/gw-workspace/f7bNu3SQ6blN/scaler.pkl')\n\n# Inverse scale the predictions and real values\npredicted_values = scaler.inverse_transform(predictions)\nreal_values = scaler.inverse_transform(y_test.reshape(-1, 1))\n\n# Extensive Model Evaluation\n\n# Calculate evaluation metrics\nmse = mean_squared_error(real_values, predicted_values)\nrmse = np.sqrt(mse)\nmae = mean_absolute_error(real_values, predicted_values)\nr2 = r2_score(real_values, predicted_values)\n\n# Print the evaluation metrics\nprint(f\"Mean Squared Error (MSE): {mse}\")\nprint(f\"Root Mean Squared Error (RMSE): {rmse}\")\nprint(f\"Mean Absolute Error (MAE): {mae}\")\nprint(f\"R-Squared (R²): {r2}\")\n\n# Backtesting: Plotting Real vs Predicted with Dates\nplt.figure(figsize=(14, 6))\nplt.plot(dates, real_values, label='Actual Temperature', color='blue')\nplt.plot(dates, predicted_values, label='Predicted Temperature', color='red')\nplt.title('Model Backtesting: Real vs Predicted Temperature')\nplt.xlabel('Date')\nplt.ylabel('Temperature (°F)')\nplt.legend()\nplt.grid(True)\nplt.show()\n\n# Seasonal Error Analysis\nmonths = dates.month  # Extract month information from dates\nseasonal_mae = {}\n\nfor month in range(1, 13):\n    indices = np.where(months == month)[0]\n    seasonal_mae[month] = mean_absolute_error(real_values[indices], predicted_values[indices])\n\n# Plot seasonal errors\nplt.figure(figsize=(10, 5))\nplt.bar(seasonal_mae.keys(), seasonal_mae.values(), color='skyblue')\nplt.title('Seasonal Mean Absolute Error (MAE)')\nplt.xlabel('Month')\nplt.ylabel('Mean Absolute Error')\nplt.grid(True)\nplt.show()\n\n# Save metrics to a file\nwith open('model_evaluation_metrics.txt', 'w') as f:\n    f.write(f\"Mean Squared Error (MSE): {mse}\\n\")\n    f.write(f\"Root Mean Squared Error (RMSE): {rmse}\\n\")\n    f.write(f\"Mean Absolute Error (MAE): {mae}\\n\")\n    f.write(f\"R-Squared (R²): {r2}\\n\")\n    f.write(f\"Seasonal MAE: {seasonal_mae}\\n\")\n",
  "history_output" : "Traceback (most recent call last):\n  File \"/Users/vishesh/gw-workspace/a0u7qt64izu/model_eval.py\", line 91, in <module>\n    dates = pd.to_datetime(data['dates'], format='%Y-%m-%d')  # Adjust format based on your date column\n                           ~~~~^^^^^^^^^\n  File \"/opt/anaconda3/lib/python3.11/site-packages/numpy/lib/npyio.py\", line 263, in __getitem__\n    raise KeyError(f\"{key} is not a file in the archive\")\nKeyError: 'dates is not a file in the archive'\n",
  "history_begin_time" : 1728011490560,
  "history_end_time" : 1728011491682,
  "history_notes" : null,
  "history_process" : "7ev3w3",
  "host_id" : "100001",
  "indicator" : "Failed"
},{
  "history_id" : "rckkbzzgt2x",
  "history_input" : "No code saved",
  "history_output" : "Skipped",
  "history_begin_time" : 1728011268926,
  "history_end_time" : 1728011268926,
  "history_notes" : null,
  "history_process" : "tz54ub",
  "host_id" : "100001",
  "indicator" : "Skipped"
}]
