[{
  "id" : "9cqdos",
  "name" : "data_acquisition",
  "description" : "python",
  "code" : "import os\nimport requests\n\n# NOAA Temperature Data\ntemp_url = 'https://www.ncdc.noaa.gov/cag/national/time-series/110-tavg-all-12-1880-2023.csv'\n# World Bank Precipitation Data (Example URL)\nprecip_url = 'https://data.worldbank.org/indicator/AG.LND.PRCP.MM'\n\n# Function to download data\ndef download_data():\n    temp_file = \"temperature_data.csv\"\n    precip_file = \"precipitation_data.csv\"\n    \n    # Download temperature data\n    temp_response = requests.get(temp_url)\n    with open(temp_file, 'wb') as file:\n        file.write(temp_response.content)\n    \n    # Download precipitation data\n    precip_response = requests.get(precip_url)\n    with open(precip_file, 'wb') as file:\n        file.write(precip_response.content)\n    \n    print(f\"Data downloaded: {temp_file}, {precip_file}\")\n\nif __name__ == \"__main__\":\n    download_data()\n",
  "lang" : "python",
  "owner" : "111111",
  "confidential" : "FALSE"
},{
  "id" : "iq85px",
  "name" : "data_preprocessing",
  "description" : null,
  "code" : "# import pandas as pd\n# from sklearn.preprocessing import StandardScaler\n\n# def preprocess_data(temp_file, precip_file):\n#     # Load datasets\n#     temp_data = pd.read_csv(temp_file, skiprows=4)\n#     precip_data = pd.read_csv(precip_file, skiprows=4)\n    \n#     # Rename columns for easier access\n#     temp_data.columns = ['Year', 'Temp_Value', 'Temp_Anomaly', 'Temp_Uncertainty']\n#     precip_data.columns = ['Year', 'Precipitation', 'Uncertainty']\n    \n#     # Merge the datasets on Year\n#     merged_data = pd.merge(temp_data, precip_data, on='Year')\n    \n#     # Fill missing values\n#     merged_data.fillna(method='ffill', inplace=True)\n    \n#     # Normalize the features\n#     scaler = StandardScaler()\n#     scaled_data = pd.DataFrame(scaler.fit_transform(merged_data[['Temp_Value', 'Precipitation']]), \n#                                columns=['Temp_Value', 'Precipitation'])\n#     scaled_data['Year'] = merged_data['Year']\n    \n#     # Save the preprocessed data\n#     scaled_data.to_csv('preprocessed_climate_data.csv', index=False)\n#     print(\"Preprocessed data saved as preprocessed_climate_data.csv\")\n\n# if __name__ == \"__main__\":\n#     preprocess_data('/Users/vishesh/Desktop/geo_project/data.csv', 'precipitation_data.csv')\n\n\n\n\n# import pandas as pd\n# from sklearn.preprocessing import StandardScaler\n\n# def preprocess_data(temp_file, precip_file):\n#     # Load datasets\n#     temp_data = pd.read_csv(temp_file, skiprows=4)\n#     precip_data = pd.read_csv(precip_file, skiprows=4)\n    \n#     # Automatically rename columns based on the dataset (assumes first column is Year, and others are feature values)\n#     temp_data.columns = ['Year'] + list(temp_data.columns[1:])\n#     precip_data.columns = ['Year'] + list(precip_data.columns[1:])\n    \n#     # Merge the datasets on 'Year' column\n#     merged_data = pd.merge(temp_data, precip_data, on='Year')\n    \n#     # Fill missing values (forward fill method)\n#     merged_data.ffill(inplace=True)\n    \n#     # Select all columns except 'Year' for normalization\n#     features = merged_data.drop(columns=['Year'])\n    \n#     # Normalize all feature columns\n#     scaler = StandardScaler()\n#     scaled_features = pd.DataFrame(scaler.fit_transform(features), columns=features.columns)\n    \n#     # Add 'Year' column back to the scaled dataset\n#     scaled_data = pd.concat([merged_data[['Year']], scaled_features], axis=1)\n    \n#     # Save the preprocessed data\n#     scaled_data.to_csv('preprocessed_climate_data.csv', index=False)\n#     print(\"Preprocessed data saved as preprocessed_climate_data.csv\")\n\n# if __name__ == \"__main__\":\n#     preprocess_data('/Users/vishesh/Desktop/geo_project/data.csv', '/Users/vishesh/Desktop/geo_project/data-2.csv')\n\n\n\n\n\n\n\n\n\nimport pandas as pd\nfrom load_temperature_data import load_temperature_data\nfrom load_precipitation_data import load_precipitation_data\n\ndef preprocess_data(temp_file, precip_file):\n    \"\"\"\n    Loads and merges temperature and precipitation data into a single DataFrame.\n    \n    :param temp_file: Path to the temperature data CSV\n    :param precip_file: Path to the precipitation data CSV\n    :return: Merged Pandas DataFrame\n    \"\"\"\n    temp_df = load_temperature_data(temp_file)\n    precip_df = load_precipitation_data(precip_file)\n    \n    # Merge the two datasets on the 'Date' column\n    merged_df = pd.merge(temp_df, precip_df, on='Date', how='inner')\n    \n    return merged_df\n\nif __name__ == \"__main__\":\n    merged_df = preprocess_data('/Users/vishesh/Desktop/geo_project/data.csv', '/Users/vishesh/Desktop/geo_project/data-2.csv')\n    print(merged_df.head())",
  "lang" : "python",
  "owner" : "111111",
  "confidential" : "FALSE"
},{
  "id" : "c8851t",
  "name" : "trend_analysis",
  "description" : null,
  "code" : "import pandas as pd\n\ndef analyze_trends(file_name):\n    # Load the data\n    data = pd.read_csv(file_name)\n    \n    # Rename columns to more meaningful names\n    data.columns = ['Year', 'Temp_Value', 'Precipitation']\n    \n    # Calculate 10-year moving averages for both temperature and precipitation\n    data['10-year temp avg'] = data['Temp_Value'].rolling(window=10).mean()\n    data['10-year precip avg'] = data['Precipitation'].rolling(window=10).mean()\n    \n    # Save the analyzed data\n    data.to_csv('/Users/vishesh/Desktop/geo_project/analyzed_climate_data.csv', index=False)\n    print(\"Analyzed trends saved as analyzed_climate_data.csv\")\n\nif __name__ == \"__main__\":\n    analyze_trends('/Users/vishesh/Desktop/geo_project/preprocessed_climate_data.csv')\n",
  "lang" : "python",
  "owner" : "111111",
  "confidential" : "FALSE"
},{
  "id" : "s20a2d",
  "name" : "ml_model",
  "description" : null,
  "code" : "# import pandas as pd\n# from sklearn.model_selection import train_test_split\n# from sklearn.linear_model import LinearRegression\n# from sklearn.preprocessing import PolynomialFeatures\n# from sklearn.metrics import mean_squared_error\n\n# def train_predict(file_name, degree=3):\n#     data = pd.read_csv(file_name)\n    \n#     # Use Year as input, Temp_Value and Precipitation as targets\n#     X = data[['Year']]\n#     y_temp = data['Temp_Value']\n#     y_precip = data['Precipitation']\n    \n#     # Save original X_test for use in the final output\n#     X_train_orig, X_test_orig, y_temp_train, y_temp_test, y_precip_train, y_precip_test = train_test_split(\n#         X, y_temp, y_precip, test_size=0.2, random_state=42)\n    \n#     # Polynomial Features Transformation\n#     poly = PolynomialFeatures(degree=degree)\n#     X_poly = poly.fit_transform(X)\n    \n#     # Perform the same train-test split on the transformed data\n#     X_train, X_test, y_temp_train, y_temp_test, y_precip_train, y_precip_test = train_test_split(\n#         X_poly, y_temp, y_precip, test_size=0.2, random_state=42)\n    \n#     # Train Polynomial Regression models for temperature and precipitation\n#     model_temp = LinearRegression().fit(X_train, y_temp_train)\n#     model_precip = LinearRegression().fit(X_train, y_precip_train)\n    \n#     # Make predictions\n#     temp_predictions = model_temp.predict(X_test)\n#     precip_predictions = model_precip.predict(X_test)\n    \n#     # Evaluate the models\n#     temp_mse = mean_squared_error(y_temp_test, temp_predictions)\n#     precip_mse = mean_squared_error(y_precip_test, precip_predictions)\n#     print(f\"Temperature Model MSE: {temp_mse}\")\n#     print(f\"Precipitation Model MSE: {precip_mse}\")\n    \n#     # Save predictions using the original Year from X_test_orig\n#     predictions = pd.DataFrame({'Year': X_test_orig['Year'], 'Temp_Prediction': temp_predictions, \n#                                 'Precip_Prediction': precip_predictions})\n#     predictions.to_csv('/Users/vishesh/Desktop/geo_project/predicted_climate_data.csv', index=False)\n#     print(\"Predictions saved as predicted_climate_data.csv\")\n\n# if __name__ == \"__main__\":\n#     train_predict('/Users/vishesh/Desktop/geo_project/analyzed_climate_data.csv', degree=3)\n##############################\n\n\n# import pandas as pd\n# import numpy as np\n# from sklearn.model_selection import train_test_split\n# from sklearn.preprocessing import MinMaxScaler\n# from tensorflow.keras.models import Sequential\n# from tensorflow.keras.layers import Dense, LSTM, Dropout\n# from tensorflow.keras.optimizers import Adam\n# from tensorflow.keras.callbacks import EarlyStopping\n# from sklearn.metrics import mean_squared_error\n\n# def prepare_lstm_data(X, y, time_steps=30):\n#     Xs, ys = [], []\n#     for i in range(len(X) - time_steps):\n#         Xs.append(X[i:(i + time_steps)])\n#         ys.append(y[i + time_steps])\n#     return np.array(Xs), np.array(ys)\n\n# def train_predict(file_name, time_steps=30, learning_rate=0.0001):\n#     data = pd.read_csv(file_name)\n    \n#     # Use Year as input, Temp_Value and Precipitation as targets\n#     X = data[['Year']]\n#     y_temp = data['Temp_Value'].values\n#     y_precip = data['Precipitation'].values\n    \n#     # Normalize the data using MinMaxScaler\n#     scaler = MinMaxScaler()\n#     X_scaled = scaler.fit_transform(X)\n    \n#     # Prepare data for LSTM (look back by time_steps)\n#     X_temp, y_temp = prepare_lstm_data(X_scaled, y_temp, time_steps)\n#     X_precip, y_precip = prepare_lstm_data(X_scaled, y_precip, time_steps)\n    \n#     # Split data into training and test sets\n#     X_temp_train, X_temp_test, y_temp_train, y_temp_test = train_test_split(\n#         X_temp, y_temp, test_size=0.2, random_state=42)\n    \n#     X_precip_train, X_precip_test, y_precip_train, y_precip_test = train_test_split(\n#         X_precip, y_precip, test_size=0.2, random_state=42)\n    \n#     # Define the LSTM model with more layers, dropout, and lower learning rate\n#     def build_lstm_model():\n#         model = Sequential()\n#         model.add(LSTM(100, return_sequences=True, input_shape=(time_steps, 1)))\n#         model.add(LSTM(100, return_sequences=False))\n#         model.add(Dropout(0.2))  # Adding dropout to prevent overfitting\n#         model.add(Dense(50))\n#         model.add(Dense(1))\n        \n#         # Compile model with a lower learning rate\n#         optimizer = Adam(learning_rate=learning_rate)\n#         model.compile(optimizer=optimizer, loss='mean_squared_error')\n#         return model\n    \n#     # Reshape the data for LSTM (LSTM expects 3D input: [samples, time_steps, features])\n#     X_temp_train = np.reshape(X_temp_train, (X_temp_train.shape[0], X_temp_train.shape[1], 1))\n#     X_temp_test = np.reshape(X_temp_test, (X_temp_test.shape[0], X_temp_test.shape[1], 1))\n    \n#     X_precip_train = np.reshape(X_precip_train, (X_precip_train.shape[0], X_precip_train.shape[1], 1))\n#     X_precip_test = np.reshape(X_precip_test, (X_precip_test.shape[0], X_precip_test.shape[1], 1))\n    \n#     # Early stopping to prevent overfitting\n#     early_stop = EarlyStopping(monitor='loss', patience=5, verbose=1)\n    \n#     # Train LSTM model for temperature prediction\n#     model_temp = build_lstm_model()\n#     model_temp.fit(X_temp_train, y_temp_train, batch_size=64, epochs=100, callbacks=[early_stop], verbose=1)\n    \n#     # Train LSTM model for precipitation prediction\n#     model_precip = build_lstm_model()\n#     model_precip.fit(X_precip_train, y_precip_train, batch_size=64, epochs=100, callbacks=[early_stop], verbose=1)\n    \n#     # Make predictions\n#     temp_predictions = model_temp.predict(X_temp_test)\n#     precip_predictions = model_precip.predict(X_precip_test)\n    \n#     # Evaluate the models\n#     temp_mse = mean_squared_error(y_temp_test, temp_predictions)\n#     precip_mse = mean_squared_error(y_precip_test, precip_predictions)\n#     print(f\"Temperature Model MSE: {temp_mse}\")\n#     print(f\"Precipitation Model MSE: {precip_mse}\")\n    \n#     # Save predictions using the original Year from X_temp_test\n#     predictions = pd.DataFrame({\n#         'Year': scaler.inverse_transform(X_temp_test.reshape(X_temp_test.shape[0], X_temp_test.shape[1]))[:, -1],\n#         'Temp_Prediction': temp_predictions.flatten(),\n#         'Precip_Prediction': precip_predictions.flatten()\n#     })\n    \n#     predictions.to_csv('/Users/vishesh/Desktop/geo_project/predicted_climate_data.csv', index=False)\n#     print(\"Predictions saved as predicted_climate_data.csv\")\n\n# if __name__ == \"__main__\":\n#     train_predict('/Users/vishesh/Desktop/geo_project/analyzed_climate_data.csv', time_steps=30, learning_rate=0.0001)\n\n\n\n########################\n\n# import numpy as np\n# import tensorflow as tf\n# from tensorflow.keras.models import Sequential\n# from tensorflow.keras.layers import LSTM, Dense, Dropout\n# import joblib\n\n# # Step 1: Load the preprocessed data\n# data = np.load('/Users/vishesh/gw-workspace/L6gDfkNJofh8/preprocessed_data.npz')\n# X_train, X_test, y_train, y_test = data['X_train'], data['X_test'], data['y_train'], data['y_test']\n\n# # Step 2: Build the LSTM model\n# model = Sequential()\n# model.add(LSTM(units=50, return_sequences=True, input_shape=(X_train.shape[1], 1)))\n# model.add(Dropout(0.2))\n# model.add(LSTM(units=50, return_sequences=False))\n# model.add(Dropout(0.2))\n# model.add(Dense(units=1))\n\n# # Step 3: Compile the model\n# model.compile(optimizer='adam', loss='mean_squared_error')\n\n# # Step 4: Train the model\n# history = model.fit(X_train, y_train, epochs=20, batch_size=32, validation_data=(X_test, y_test))\n\n# # Step 5: Save the model and the training history\n# model.save('lstm_model.h5')\n# np.save('training_history.npy', history.history)\n\n# # Step 6: Make predictions on the test data\n# predictions = model.predict(X_test)\n\n# # Save predictions for later use\n# np.save('predictions.npy', predictions)\n\n# print(\"Model training completed, predictions made and saved!\")\n\n\n\n\n\n#######################################\n\n\n\nimport numpy as np\nimport tensorflow as tf\nfrom tensorflow.keras.models import Sequential\nfrom tensorflow.keras.layers import LSTM, Dense, Dropout\nfrom tensorflow.keras.callbacks import EarlyStopping\nfrom tensorflow.keras.regularizers import l2\nimport joblib\n\n# Step 1: Load the preprocessed data\ndata = np.load('/Users/vishesh/gw-workspace/L6gDfkNJofh8/preprocessed_data.npz')\nX_train, X_test, y_train, y_test = data['X_train'], data['X_test'], data['y_train'], data['y_test']\n\n# Step 2: Build the LSTM model\nmodel = Sequential()\nmodel.add(LSTM(units=50, return_sequences=True, input_shape=(X_train.shape[1], 1), \n               kernel_regularizer=l2(0.001)))  # L2 regularization\nmodel.add(Dropout(0.2))  # Increased dropout rate\nmodel.add(LSTM(units=50, return_sequences=False, kernel_regularizer=l2(0.001)))\nmodel.add(Dropout(0.3))\nmodel.add(Dense(units=1))\n\n# Step 3: Compile the model with reduced learning rate\noptimizer = tf.keras.optimizers.Adam(learning_rate=0.0003)  # Reduced learning rate\nmodel.compile(optimizer=optimizer, loss='mean_squared_error')\n\n# Step 4: Train the model with early stopping\nearly_stopping = EarlyStopping(monitor='val_loss', patience=3, restore_best_weights=True)\n\nhistory = model.fit(X_train, y_train, epochs=50, batch_size=32, validation_data=(X_test, y_test), \n                    callbacks=[early_stopping])\n\n# Step 5: Save the model and the training history\nmodel.save('lstm_model.h5')\nnp.save('training_history.npy', history.history)\n\n# Step 6: Make predictions on the test data\npredictions = model.predict(X_test)\n\n# Save predictions for later use\nnp.save('predictions.npy', predictions)\n\nprint(\"Model training completed, predictions made and saved!\")\n\n",
  "lang" : "python",
  "owner" : "111111",
  "confidential" : "FALSE"
},{
  "id" : "xnk7n1",
  "name" : "anomaly_detection",
  "description" : null,
  "code" : "import pandas as pd\nfrom sklearn.cluster import KMeans\nfrom sklearn.preprocessing import StandardScaler\n\ndef detect_anomalies(file_name, n_clusters=3):\n    data = pd.read_csv(file_name)\n\n     # Print column names to inspect\n    print(\"Columns in the dataset:\", data.columns)\n    \n    # Rename columns if necessary (e.g., numerical column names)\n    if '50.33' in data.columns and '27.53' in data.columns:\n        data.rename(columns={'50.33': 'Temp_Value', '27.53': 'Precipitation'}, inplace=True)\n    \n    \n    # Use temperature and precipitation for clustering\n    features = data[['Temp_Value', 'Precipitation']].dropna()  # Remove missing data if present\n    \n    # Standardize the features\n    scaler = StandardScaler()\n    scaled_features = scaler.fit_transform(features)\n    \n    # Perform K-Means clustering\n    kmeans = KMeans(n_clusters=n_clusters, random_state=0).fit(scaled_features)\n    \n    # Add the cluster labels to the original data\n    data.loc[features.index, 'Cluster'] = kmeans.labels_  # Ensure only rows without NaNs get labels\n    \n    # Save the data with cluster labels\n    data.to_csv('/Users/vishesh/Desktop/geo_project/anomaly_detected_data.csv', index=False)\n    print(f\"Anomaly detection complete. Data saved as anomaly_detected_data.csv with {n_clusters} clusters.\")\n\nif __name__ == \"__main__\":\n    detect_anomalies('/Users/vishesh/Desktop/geo_project/preprocessed_climate_data.csv', n_clusters=3)\n\n",
  "lang" : "python",
  "owner" : "111111",
  "confidential" : "FALSE"
},{
  "id" : "x4ch0z",
  "name" : "visualization",
  "description" : null,
  "code" : "# import pandas as pd\n# import matplotlib.pyplot as plt\n# import seaborn as sns\n\n# def visualize(file_name, predictions_file, anomalies_file):\n#     data = pd.read_csv(file_name)\n#     predictions = pd.read_csv(predictions_file)\n#     anomalies = pd.read_csv(anomalies_file)\n    \n#     plt.figure(figsize=(12, 8))\n    \n#     # Plotting temperature trends with predictions\n#     plt.subplot(2, 1, 1)\n#     plt.plot(data['Year'], data['Temp_Value'], label='Observed Temperature')\n#     plt.plot(predictions['Year'], predictions['Temp_Prediction'], label='Predicted Temperature', linestyle='--')\n#     plt.title('Temperature Trends and Predictions')\n#     plt.xlabel('Year')\n#     plt.ylabel('Temperature (°C)')\n#     plt.legend()\n    \n#     # Plotting precipitation trends with predictions\n#     plt.subplot(2, 1, 2)\n#     plt.plot(data['Year'], data['Precipitation'], label='Observed Precipitation')\n#     plt.plot(predictions['Year'], predictions['Precip_Prediction'], label='Predicted Precipitation', linestyle='--')\n#     plt.title('Precipitation Trends and Predictions')\n#     plt.xlabel('Year')\n#     plt.ylabel('Precipitation (mm)')\n#     plt.legend()\n    \n#     # Highlighting anomalies\n#     sns.scatterplot(data=anomalies, x='Year', y='Temp_Value', hue='Cluster', palette='deep', legend='full', s=100)\n    \n#     plt.tight_layout()\n#     plt.savefig('climate_trends_and_anomalies.png')\n#     plt.show()\n\n# if __name__ == \"__main__\":\n#     visualize('/Users/vishesh/Desktop/geo_project/analyzed_climate_data.csv', '/Users/vishesh/Desktop/geo_project/predicted_climate_data.csv', '/Users/vishesh/Desktop/geo_project/anomaly_detected_data.csv')\n\n\n\n\n\nimport numpy as np\nimport matplotlib.pyplot as plt\nimport joblib\n\n# Step 1: Load predictions, actual values, and scaler\npredictions = np.load('/Users/vishesh/gw-workspace/9I3eI9y6wb9B/predictions.npy')\ndata = np.load('/Users/vishesh/gw-workspace/L6gDfkNJofh8/preprocessed_data.npz')\ny_test = data['y_test']\n\n# Load the scaler for inverse transformation\nscaler = joblib.load('/Users/vishesh/gw-workspace/f7bNu3SQ6blN/scaler.pkl')\n\n# Step 2: Inverse scale the predictions and real values\npredicted_values = scaler.inverse_transform(predictions)\nreal_values = scaler.inverse_transform(y_test.reshape(-1, 1))\n\n# Step 3: Visualize the loss over epochs and print loss values\nhistory = np.load('/Users/vishesh/gw-workspace/9I3eI9y6wb9B/training_history.npy', allow_pickle=True).item()\n\n# Print the loss values after each epoch\ntrain_loss = history['loss']\nval_loss = history['val_loss']\n\nprint(\"Epoch-wise Losses:\")\nfor i in range(len(train_loss)):\n    print(f\"Epoch {i+1}: Train Loss = {train_loss[i]}, Validation Loss = {val_loss[i]}\")\n\n# Plot the loss curves\nplt.plot(train_loss, label='Train Loss')\nplt.plot(val_loss, label='Validation Loss')\nplt.title('Model Loss over Epochs')\nplt.xlabel('Epochs')\nplt.ylabel('Loss')\nplt.legend()\nplt.show()\n\n# Step 4: Visualize the predicted vs actual values\nplt.plot(real_values, color='blue', label='Real Temperature Values')\nplt.plot(predicted_values, color='red', label='Predicted Temperature Values')\nplt.title('Real vs Predicted Temperature Values')\nplt.xlabel('Time')\nplt.ylabel('Temperature')\nplt.legend()\nplt.show()\n",
  "lang" : "python",
  "owner" : "111111",
  "confidential" : "FALSE"
},{
  "id" : "keghqi",
  "name" : "load_temp",
  "description" : null,
  "code" : "import numpy as np\nimport pandas as pd\nfrom sklearn.preprocessing import MinMaxScaler\nfrom sklearn.model_selection import train_test_split\nimport joblib\nimport matplotlib.pyplot as plt\n\n# Step 1: Load the dataset\nfile_path = '/Users/vishesh/Desktop/geo_project/data.csv'\ndata = pd.read_csv(file_path, skiprows=3)\n\n# Step 2: Preprocess the data\ndata['Date'] = pd.to_datetime(data['Date'], format='%Y%m')\nvalues = data['Value'].values\n\n# Step 3: Normalize the data for LSTM\nscaler = MinMaxScaler(feature_range=(0, 1))\nscaled_data = scaler.fit_transform(values.reshape(-1, 1))\n\n# Save the scaler for inverse transformation later\njoblib.dump(scaler, 'scaler.pkl')\n\n# Step 4: Create sequences for LSTM\ndef create_sequences(data, sequence_length):\n    sequences = []\n    targets = []\n    for i in range(len(data) - sequence_length):\n        seq = data[i:i + sequence_length]\n        target = data[i + sequence_length]\n        sequences.append(seq)\n        targets.append(target)\n    return np.array(sequences), np.array(targets)\n\nsequence_length = 12  # 12 months\nX, y = create_sequences(scaled_data, sequence_length)\n\n# Step 5: Split into training and test sets\nX_train, X_test, y_train, y_test = train_test_split(X, y, test_size=0.2, shuffle=False)\n\n# Reshape the data for LSTM\nX_train = np.reshape(X_train, (X_train.shape[0], X_train.shape[1], 1))\nX_test = np.reshape(X_test, (X_test.shape[0], X_test.shape[1], 1))\n\n# Step 6: Save preprocessed data for later use\nnp.savez('preprocessed_data.npz', X_train=X_train, X_test=X_test, y_train=y_train, y_test=y_test)\n\nprint(\"Data preprocessing completed and saved!\")\n\n\n\nplt.figure(figsize=(10,6))\nplt.plot(data['Date'], data['Value'], label='Temperature Values')\nplt.title('Temperature Values Over Time')\nplt.xlabel('Date')\nplt.ylabel('Temperature (Degrees Fahrenheit)')\nplt.grid(True)\nplt.legend()\nplt.show()\n",
  "lang" : "python",
  "owner" : "111111",
  "confidential" : "FALSE"
},{
  "id" : "fhhx69",
  "name" : "low_precipitation",
  "description" : null,
  "code" : "import pandas as pd\n\ndef load_precipitation_data(file_path):\n    \"\"\"\n    Loads the precipitation dataset from a CSV file.\n    \n    :param file_path: Path to the CSV file containing precipitation data\n    :return: Pandas DataFrame\n    \"\"\"\n    df = pd.read_csv(file_path, error_bad_lines=False, warn_bad_lines=True)\n    df.columns = ['Date', 'Precipitation']  # Rename columns\n    df['Date'] = pd.to_datetime(df['Date'], format='%Y%m')  # Convert 'Date' to datetime\n    df = df[df['Precipitation'] != -99]  # Filter out missing data (-99)\n    return df\n\nif __name__ == \"__main__\":\n    precipitation_df = load_precipitation_data('/Users/vishesh/Desktop/geo_project/data-2.csv')\n    if precipitation_df is not None:\n        print(precipitation_df.head())\n    else:\n        print(\"Failed to load the data.\")\n",
  "lang" : "python",
  "owner" : "111111",
  "confidential" : "FALSE"
},{
  "id" : "rfwos9",
  "name" : "evaluate_model",
  "description" : null,
  "code" : "import numpy as np\nimport tensorflow as tf\nfrom sklearn.metrics import mean_squared_error, mean_absolute_error\nimport joblib\nimport matplotlib.pyplot as plt\n\n# Step 1: Load the saved model\nmodel = tf.keras.models.load_model('lstm_model.h5')\n\n# Step 2: Load the preprocessed data (X_test and y_test)\ndata = np.load('preprocessed_data.npz')\nX_test, y_test = data['X_test'], data['y_test']\n\n# Step 3: Load the scaler for inverse transformation\nscaler = joblib.load('scaler.pkl')\n\n# Step 4: Make predictions on the test data\npredictions = model.predict(X_test)\n\n# Step 5: Inverse transform the predictions and the actual values (y_test)\npredicted_values = scaler.inverse_transform(predictions)\nreal_values = scaler.inverse_transform(y_test.reshape(-1, 1))\n\n# Step 6: Calculate evaluation metrics\nmse = mean_squared_error(real_values, predicted_values)\nmae = mean_absolute_error(real_values, predicted_values)\n\nprint(f\"Mean Squared Error (MSE): {mse}\")\nprint(f\"Mean Absolute Error (MAE): {mae}\")\n\n# Step 7: Plot the predicted vs actual values\nplt.figure(figsize=(10,6))\nplt.plot(real_values, color='blue', label='Actual Values')\nplt.plot(predicted_values, color='red', label='Predicted Values')\nplt.title('Actual vs Predicted Values')\nplt.xlabel('Time')\nplt.ylabel('Values')\nplt.legend()\nplt.grid(True)\nplt.show()\n",
  "lang" : "python",
  "owner" : "111111",
  "confidential" : "FALSE"
},{
  "id" : "vnrvoi",
  "name" : "auto_ml",
  "description" : null,
  "code" : "import numpy as np\nimport optuna\nimport matplotlib.pyplot as plt\nfrom sklearn.metrics import mean_absolute_error\nfrom sklearn.model_selection import train_test_split\nfrom tensorflow.keras.models import Sequential, Model\nfrom tensorflow.keras.layers import Dense, Dropout, Conv1D, MaxPooling1D, Flatten, LSTM, Input, MultiHeadAttention, LayerNormalization, Add\nfrom tensorflow.keras.optimizers import Adam\nfrom pytorch_tabnet.tab_model import TabNetRegressor\n\n# Load preprocessed data\ndata_path = '/Users/vishesh/gw-workspace/L6gDfkNJofh8/preprocessed_data.npz'\ndata = np.load(data_path)\n\n# List all variable names in the .npz file to identify contents\nprint(\"Variables in the .npz file:\", data.files)\n\n# Load data based on contents of the .npz file\nX_train = data['X_train']\ny_train = data['y_train']\n\n# Check if 'X_val' and 'y_val' exist; if not, create validation split\nif 'X_val' in data.files and 'y_val' in data.files:\n    X_val = data['X_val']\n    y_val = data['y_val']\nelse:\n    # Split the data into training and validation sets\n    X_train, X_val, y_train, y_val = train_test_split(X_train, y_train, test_size=0.2, random_state=42)\n\n# Initialize a dictionary to store model performance\nmodel_performance = {}\n\n# Define the function to create various models\ndef create_model(trial):\n    input_shape = X_train.shape[1]\n    model_type = trial.suggest_categorical('model_type', ['dense', 'cnn', 'lstm', 'transformer', 'tabnet'])\n\n    if model_type == 'dense':\n        model = Sequential()\n        model.add(Input(shape=(input_shape,)))  # Use Input layer to specify input shape\n        num_layers = trial.suggest_int('num_layers', 1, 5)\n        for i in range(num_layers):\n            num_units = trial.suggest_int(f'num_units_l{i}', 16, 128, log=True)\n            model.add(Dense(num_units, activation='relu'))\n            dropout_rate = trial.suggest_float(f'dropout_rate_l{i}', 0.1, 0.5)\n            model.add(Dropout(dropout_rate))\n        model.add(Dense(1, activation='linear'))\n    \n    elif model_type == 'cnn':\n        model = Sequential()\n        model.add(Input(shape=(input_shape, 1)))  # Use Input layer for CNN input shape\n        model.add(Conv1D(filters=trial.suggest_int('filters', 16, 64, log=True),\n                         kernel_size=trial.suggest_int('kernel_size', 3, 5),\n                         activation='relu'))\n        model.add(MaxPooling1D(pool_size=2))\n        model.add(Flatten())\n        model.add(Dense(1, activation='linear'))\n    \n    elif model_type == 'lstm':\n        model = Sequential()\n        model.add(Input(shape=(input_shape, 1)))  # Use Input layer for LSTM input shape\n        model.add(LSTM(units=trial.suggest_int('lstm_units', 16, 64, log=True)))\n        model.add(Dense(1, activation='linear'))\n    \n    elif model_type == 'transformer':\n        inputs = Input(shape=(input_shape, 1))\n        attention = MultiHeadAttention(num_heads=trial.suggest_int('num_heads', 2, 8), key_dim=trial.suggest_int('key_dim', 16, 64))(inputs, inputs)\n        attention = Add()([inputs, attention])\n        attention = LayerNormalization(epsilon=1e-6)(attention)\n        outputs = Flatten()(attention)\n        outputs = Dense(1, activation='linear')(outputs)\n        model = Model(inputs=inputs, outputs=outputs)\n    \n    elif model_type == 'tabnet':\n        tabnet_model = TabNetRegressor(\n            n_d=trial.suggest_int('n_d', 8, 64),\n            n_a=trial.suggest_int('n_a', 8, 64),\n            n_steps=trial.suggest_int('n_steps', 3, 10),\n            gamma=trial.suggest_float('gamma', 1.0, 2.0),\n            lambda_sparse=trial.suggest_float('lambda_sparse', 1e-6, 1e-3)\n        )\n        tabnet_model.fit(\n            X_train, y_train,\n            eval_set=[(X_val, y_val)],\n            eval_metric=['mae'],\n            max_epochs=100,\n            patience=10,\n            batch_size=256,\n            virtual_batch_size=128\n        )\n        return tabnet_model\n\n    learning_rate = trial.suggest_float('learning_rate', 1e-5, 1e-2, log=True)\n    model.compile(optimizer=Adam(learning_rate=learning_rate), loss='mean_squared_error', metrics=['mean_absolute_error'])\n\n    return model\n\n# Define the objective function for Optuna\ndef objective(trial):\n    model = create_model(trial)\n\n    if isinstance(model, TabNetRegressor):\n        model.fit(\n            X_train, y_train,\n            eval_set=[(X_val, y_val)],\n            eval_metric=['mae'],\n            max_epochs=100,\n            patience=10,\n            batch_size=256,\n            virtual_batch_size=128\n        )\n        y_pred = model.predict(X_val)\n        mae = mean_absolute_error(y_val, y_pred)\n    else:\n        model.fit(X_train, y_train, validation_data=(X_val, y_val), epochs=10, batch_size=32, verbose=0)\n        _, mae = model.evaluate(X_val, y_val, verbose=0)\n\n    model_type = trial.params['model_type']\n    model_performance[model_type] = mae\n    return mae\n\n# Run the Bayesian optimization\nstudy = optuna.create_study(direction='minimize')\nstudy.optimize(objective, n_trials=10)  # Set n_trials as needed\n\n# Get the best hyperparameters\nbest_params = study.best_params\nprint(f\"Best hyperparameters: {best_params}\")\n\n# Display performance of each model\nprint(\"Model performance (MAE):\")\nfor model_type, mae in model_performance.items():\n    print(f\"{model_type}: {mae}\")\n\n# Plot the model performance\nplt.figure(figsize=(10, 5))\nplt.bar(model_performance.keys(), model_performance.values(), color='skyblue')\nplt.xlabel('Model Type')\nplt.ylabel('Mean Absolute Error')\nplt.title('Model Performance Comparison')\nplt.show()\n",
  "lang" : "python",
  "owner" : "111111",
  "confidential" : "FALSE"
}]
