{
  "id" : "qvpq2cg8e2p48q5x8fz6",
  "name" : "Climate analysis - Temperature and Precipitation",
  "description" : "Climate analysis - Temperature and Precipitation",
  "owner" : "111111",
  "confidential" : "FALSE",
  "edges" : "[{\"source\":{\"title\":\"data_acquisition\",\"id\":\"9cqdos-aZHiR\",\"x\":120,\"y\":315,\"color\":\"white\"},\"target\":{\"title\":\"data_preprocessing\",\"id\":\"iq85px-xJRLv\",\"x\":344,\"y\":120,\"color\":\"white\"}},{\"source\":{\"title\":\"data_preprocessing\",\"id\":\"iq85px-xJRLv\",\"x\":344,\"y\":120,\"color\":\"white\"},\"target\":{\"title\":\"trend_analysis\",\"id\":\"c8851t-jB1cH\",\"x\":592,\"y\":554,\"color\":\"white\"}},{\"source\":{\"title\":\"trend_analysis\",\"id\":\"c8851t-jB1cH\",\"x\":592,\"y\":554,\"color\":\"white\"},\"target\":{\"title\":\"ml_model\",\"id\":\"s20a2d-WtLQT\",\"x\":717,\"y\":128.8926544189453,\"color\":\"white\"}},{\"source\":{\"title\":\"ml_model\",\"id\":\"s20a2d-WtLQT\",\"x\":717,\"y\":128.8926544189453,\"color\":\"white\"},\"target\":{\"title\":\"anomaly_detection\",\"id\":\"xnk7n1-2pRyy\",\"x\":925,\"y\":559,\"color\":\"white\"}},{\"source\":{\"title\":\"anomaly_detection\",\"id\":\"xnk7n1-2pRyy\",\"x\":925,\"y\":559,\"color\":\"white\"},\"target\":{\"title\":\"visualization\",\"id\":\"x4ch0z-sivBr\",\"x\":1036,\"y\":307,\"color\":\"white\"}},{\"source\":{\"title\":\"low_precipitation\",\"id\":\"fhhx69-hi0a5\",\"x\":455.4441223144531,\"y\":-113.07491302490234,\"color\":\"white\"},\"target\":{\"title\":\"data_preprocessing\",\"id\":\"iq85px-xJRLv\",\"x\":344,\"y\":120,\"color\":\"white\"}},{\"source\":{\"title\":\"load_temp\",\"id\":\"keghqi-dbz9X\",\"x\":610.5786743164062,\"y\":-134.0069580078125,\"color\":\"white\"},\"target\":{\"title\":\"data_preprocessing\",\"id\":\"iq85px-xJRLv\",\"x\":344,\"y\":120,\"color\":\"white\"}},{\"source\":{\"title\":\"load_temp\",\"id\":\"keghqi-dbz9X\",\"x\":610.5786743164062,\"y\":-134.0069580078125,\"color\":\"white\"},\"target\":{\"title\":\"ml_model\",\"id\":\"s20a2d-WtLQT\",\"x\":717,\"y\":128.8926544189453,\"color\":\"white\"}},{\"source\":{\"title\":\"ml_model\",\"id\":\"s20a2d-WtLQT\",\"x\":717,\"y\":128.8926544189453,\"color\":\"white\"},\"target\":{\"title\":\"visualization\",\"id\":\"x4ch0z-sivBr\",\"x\":1036,\"y\":307,\"color\":\"white\"}},{\"source\":{\"title\":\"ml_model\",\"id\":\"s20a2d-WtLQT\",\"x\":717,\"y\":128.8926544189453,\"color\":\"white\"},\"target\":{\"title\":\"evaluate_model\",\"id\":\"rfwos9-eK2z3\",\"x\":1018.971435546875,\"y\":27.449562072753906,\"color\":\"white\"}},{\"source\":{\"title\":\"auto_ml\",\"id\":\"vnrvoi-0acK0\",\"x\":851.8154907226562,\"y\":-296.564697265625,\"color\":\"white\"},\"target\":{\"title\":\"visualization\",\"id\":\"x4ch0z-sivBr\",\"x\":1036,\"y\":307,\"color\":\"white\"}}]",
  "nodes" : "[{\"title\":\"data_acquisition\",\"id\":\"9cqdos-aZHiR\",\"x\":120,\"y\":315,\"color\":\"white\"},{\"title\":\"data_preprocessing\",\"id\":\"iq85px-xJRLv\",\"x\":344,\"y\":120,\"color\":\"white\"},{\"title\":\"trend_analysis\",\"id\":\"c8851t-jB1cH\",\"x\":592,\"y\":554,\"color\":\"white\"},{\"title\":\"ml_model\",\"id\":\"s20a2d-WtLQT\",\"x\":717,\"y\":128.8926544189453,\"color\":\"white\"},{\"title\":\"anomaly_detection\",\"id\":\"xnk7n1-2pRyy\",\"x\":925,\"y\":559,\"color\":\"white\"},{\"title\":\"visualization\",\"id\":\"x4ch0z-sivBr\",\"x\":1036,\"y\":307,\"color\":\"white\"},{\"title\":\"load_temp\",\"id\":\"keghqi-dbz9X\",\"x\":610.5786743164062,\"y\":-134.0069580078125,\"color\":\"white\"},{\"title\":\"low_precipitation\",\"id\":\"fhhx69-hi0a5\",\"x\":455.4441223144531,\"y\":-113.07491302490234,\"color\":\"white\"},{\"title\":\"evaluate_model\",\"id\":\"rfwos9-eK2z3\",\"x\":1018.971435546875,\"y\":27.449562072753906,\"color\":\"white\"},{\"title\":\"auto_ml\",\"id\":\"vnrvoi-0acK0\",\"x\":851.8154907226562,\"y\":-296.564697265625,\"color\":\"white\"}]"
}
